face_id,image_path,face_index,bbox_x,bbox_y,bbox_w,bbox_h,assignment_method,assignment_confidence
0,D:\Budapest2025_Google\20250822_112331.jpg,0,0.49567474048442905,0.1578719723183391,0.14734717416378315,0.16782006920415224,core,1.0
1,D:\Budapest2025_Google\20250822_121039.jpg,0,0.3820645905420992,0.4007352941176471,0.03460207612456748,0.03308823529411765,core,1.0
2,D:\Budapest2025_Google\20250822_121053.jpg,1,0.05709342560553633,0.4809688581314879,0.0395040369088812,0.03179065743944637,core,1.0
3,D:\Budapest2025_Google\20250822_121058.jpg,0,0.16810841983852365,0.492863321799308,0.03892733564013841,0.033953287197231834,core,1.0
4,D:\Budapest2025_Google\20250822_112502.jpg,0,0.4581891580161476,0.18403979238754326,0.13638985005767013,0.1578719723183391,core,1.0
5,D:\Budapest2025_Google\20250822_121039.jpg,1,0.3817762399077278,0.35986159169550175,0.036043829296424454,0.03222318339100346,core,1.0
6,D:\Budapest2025_Google\20250822_121053.jpg,0,0.40340253748558247,0.43728373702422146,0.03835063437139562,0.03762975778546713,core,1.0
7,D:\Budapest2025_Google\20250822_121058.jpg,1,0.4855824682814302,0.4517733564013841,0.04008073817762399,0.038711072664359865,core,1.0
8,D:\Budapest2025_Google\20250822_123916.jpg,3,0.7117962466487936,0.4300202839756592,0.028820375335120642,0.06237322515212982,core,0.4206118583679199
9,D:\Budapest2025_Google\20250822_195716.jpg,0,0.7216695501730104,0.26211072664359863,0.05406574394463668,0.07583621683967705,core,0.31149138344658744
10,D:\Budapest2025_Google\20250822_121039.jpg,2,0.5074971164936563,0.20177335640138408,0.054498269896193774,0.04822664359861592,core,1.0
11,D:\Budapest2025_Google\20250822_121053.jpg,2,0.21424452133794694,0.2679498269896194,0.05651672433679354,0.05082179930795848,core,1.0
12,D:\Budapest2025_Google\20250822_121058.jpg,2,0.2952710495963091,0.28460207612456745,0.05536332179930796,0.04909169550173011,core,1.0
13,D:\Budapest2025_Google\20250822_122617.jpg,0,0.2618357487922705,0.10640138408304499,0.17149758454106281,0.11743079584775086,core,1.0
14,D:\Budapest2025_Google\20250822_122626.jpg,0,0.45265700483091786,0.3514273356401384,0.09420289855072464,0.06401384083044982,core,1.0
15,D:\Budapest2025_Google\20250822_122632.jpg,0,0.5922705314009662,0.2791955017301038,0.09516908212560386,0.06076989619377163,core,1.0
16,D:\Budapest2025_Google\20250822_123501.jpg,0,0.8357487922705314,0.14597750865051903,0.1473429951690821,0.09645328719723184,core,1.0
17,D:\Budapest2025_Google\20250822_123916.jpg,0,0.704088471849866,0.2723123732251521,0.03150134048257373,0.07302231237322515,core,1.0
18,D:\Budapest2025_Google\20250822_195832.jpg,0,0.6414359861591695,0.11534025374855825,0.03806228373702422,0.07698961937716263,core,1.0
19,D:\Budapest2025_Google\20250822_123303.jpg,0,0.39082125603864737,0.1083477508650519,0.20144927536231885,0.1384083044982699,core,1.0
20,D:\Budapest2025_Google\20250822_123306.jpg,0,0.3207729468599034,-0.0032439446366782005,0.178743961352657,0.1448961937716263,core,1.0
21,D:\Budapest2025_Google\20250822_123313.jpg,0,0.47632850241545893,0.16500865051903113,0.1782608695652174,0.12716262975778547,core,1.0
22,D:\Budapest2025_Google\20250822_123528.jpg,0,0.748792270531401,0.21345155709342561,0.21884057971014492,0.14100346020761245,core,1.0
23,D:\Budapest2025_Google\20250822_123539.jpg,0,0.45217391304347826,0.1185121107266436,0.24830917874396136,0.15635813148788927,core,1.0
24,D:\Budapest2025_Google\20250822_123328.jpg,0,0.6251207729468599,0.1375432525951557,0.17632850241545894,0.11332179930795848,core,1.0
25,D:\Budapest2025_Google\20250822_123341.jpg,0,0.5057971014492754,0.10164359861591696,0.19082125603864733,0.10250865051903114,core,1.0
26,D:\Budapest2025_Google\20250822_123347.jpg,0,0.6285024154589371,0.040008650519031144,0.20772946859903382,0.11937716262975778,core,1.0
27,D:\Budapest2025_Google\20250822_123443.jpg,0,0.6028985507246377,0.19982698961937717,0.2135265700483092,0.09450692041522492,core,1.0
28,D:\Budapest2025_Google\20250822_123448.jpg,0,0.45169082125603865,0.09883217993079585,0.22560386473429953,0.10402249134948097,core,1.0
29,D:\Budapest2025_Google\20250822_123354.jpg,0,0.30772946859903383,-0.01773356401384083,0.21014492753623187,0.10185986159169551,core,1.0
30,D:\Budapest2025_Google\20250822_123400.jpg,0,0.48985507246376814,-0.01124567474048443,0.16376811594202897,0.09991349480968859,core,1.0
31,D:\Budapest2025_Google\20250822_194950.jpg,5,0.36764705882352944,0.5326557093425606,0.0983275663206459,0.09450692041522492,core,1.0
32,D:\Budapest2025_Google\20250822_194950.jpg,6,0.33304498269896193,0.07136678200692041,0.1254325259515571,0.1355968858131488,core,1.0
33,D:\Budapest2025_Google\20250822_194950.jpg,12,0.7001153402537486,0.808174740484429,0.10380622837370242,0.07461072664359862,core,1.0
34,D:\Budapest2025_Google\20250822_194955.jpg,10,0.5420991926182238,0.657439446366782,0.13437139561707034,0.08109861591695501,core,1.0
35,D:\Budapest2025_Google\20250822_195016.jpg,7,0.31228373702422146,0.11461937716262975,0.15542099192618225,0.12153979238754326,core,1.0
36,D:\Budapest2025_Google\20250822_195018.jpg,12,0.09429065743944637,0.5702854671280276,0.1637831603229527,0.11310553633217993,core,1.0
37,D:\Budapest2025_Google\20250822_195018.jpg,15,0.29209919261822376,0.6516003460207612,0.12226066897347174,0.09191176470588236,core,1.0
38,D:\Budapest2025_Google\20250822_195021.jpg,11,0.31805074971164937,0.6042387543252595,0.13667820069204153,0.10358996539792388,core,1.0
39,D:\Budapest2025_Google\20250822_195021.jpg,19,-0.054498269896193774,0.5795847750865052,0.13206459054209918,0.1217560553633218,core,1.0
40,D:\Budapest2025_Google\20250822_195021.jpg,21,-0.05478662053056517,0.11051038062283737,0.1254325259515571,0.127378892733564,core,1.0
41,D:\Budapest2025_Google\20250822_195121.jpg,14,-0.05738177623990773,0.14662629757785467,0.131199538638985,0.12716262975778547,core,1.0
42,D:\Budapest2025_Google\20250822_123430.jpg,1,0.3690821256038647,0.32763840830449825,0.10193236714975845,0.052768166089965395,core,1.0
43,D:\Budapest2025_Google\20250822_123916.jpg,2,0.582774798927614,0.33468559837728196,0.028150134048257374,0.0654158215010142,core,1.0
44,D:\Budapest2025_Google\20250822_193345.jpg,1,0.6554209919261822,0.35121107266435986,0.05738177623990773,0.06466262975778547,core,1.0
45,D:\Budapest2025_Google\20250822_193353.jpg,2,0.761461937716263,0.36418685121107264,0.04238754325259515,0.08333333333333333,core,1.0
46,D:\Budapest2025_Google\20250822_193353.jpg,4,0.05795847750865052,0.41753171856978083,0.04173875432525952,0.08016147635524798,core,1.0
47,D:\Budapest2025_Google\20250822_193356.jpg,1,0.7874134948096886,0.3814878892733564,0.04671280276816609,0.08246828143021914,core,1.0
48,D:\Budapest2025_Google\20250822_193356.jpg,3,0.08391003460207612,0.41724336793540945,0.04022491349480969,0.078719723183391,core,1.0
49,D:\Budapest2025_Google\20250822_193357.jpg,1,0.8068771626297578,0.3990772779700115,0.04822664359861592,0.08621683967704728,core,1.0
50,D:\Budapest2025_Google\20250822_193404.jpg,1,0.851643598615917,0.39302191464821223,0.04519896193771626,0.07468281430219147,core,1.0
51,D:\Budapest2025_Google\20250822_193451.jpg,0,0.28027681660899656,0.41147635524798154,0.04476643598615917,0.08564013840830449,core,1.0
52,D:\Budapest2025_Google\20250822_193458.jpg,0,0.06682525951557093,0.4362745098039216,0.0625,0.09371395617070358,core,1.0
53,D:\Budapest2025_Google\20250822_194159.jpg,0,0.4555940023068051,0.28957612456747406,0.052479815455594,0.05406574394463668,core,1.0
54,D:\Budapest2025_Google\20250822_194201.jpg,0,0.4671280276816609,0.2783304498269896,0.05103806228373702,0.05363321799307959,core,1.0
55,D:\Budapest2025_Google\20250822_194547.jpg,2,0.7424307958477508,0.2546136101499423,0.05125432525951557,0.10640138408304499,core,1.0
56,D:\Budapest2025_Google\20250822_194547.jpg,3,0.2852508650519031,0.23615916955017302,0.054282006920415224,0.10755478662053057,core,1.0
57,D:\Budapest2025_Google\20250822_194551.jpg,1,0.6987456747404844,0.49855824682814304,0.125,0.24826989619377163,core,1.0
58,D:\Budapest2025_Google\20250822_194950.jpg,3,0.9111880046136102,0.09623702422145329,0.08419838523644751,0.1083477508650519,core,1.0
59,D:\Budapest2025_Google\20250822_195121.jpg,0,0.5034602076124568,0.3778114186851211,0.10265282583621683,0.11267301038062284,core,1.0
60,D:\Budapest2025_Google\20250822_195121.jpg,1,0.5167243367935409,0.8185553633217993,0.11072664359861592,0.12391868512110726,core,1.0
61,D:\Budapest2025_Google\20250822_195121.jpg,2,0.010380622837370242,0.6005622837370242,0.08823529411764706,0.1115916955017301,core,1.0
62,D:\Budapest2025_Google\20250822_195121.jpg,5,0.0530565167243368,0.0990484429065744,0.1502306805074971,0.10077854671280277,core,1.0
63,D:\Budapest2025_Google\20250822_195121.jpg,6,0.3506343713956171,0.3306660899653979,0.12687427912341406,0.09385813148788927,core,1.0
64,D:\Budapest2025_Google\20250822_195121.jpg,7,0.10351787773933102,0.5646626297577855,0.13408304498269896,0.08217993079584775,core,1.0
65,D:\Budapest2025_Google\20250822_195121.jpg,8,0.6118800461361015,0.3315311418685121,0.14734717416378315,0.09191176470588236,core,1.0
66,D:\Budapest2025_Google\20250822_195121.jpg,11,0.35409457900807384,0.7666522491349481,0.13350634371395617,0.09407439446366782,core,1.0
67,D:\Budapest2025_Google\20250822_195124.jpg,0,0.4930795847750865,0.3648356401384083,0.10265282583621683,0.11570069204152249,core,1.0
68,D:\Budapest2025_Google\20250822_195124.jpg,1,0.48904267589388695,0.8025519031141869,0.1179354094579008,0.127378892733564,core,1.0
69,D:\Budapest2025_Google\20250822_195124.jpg,3,0.05190311418685121,0.07525951557093426,0.15715109573241062,0.10596885813148789,core,1.0
70,D:\Budapest2025_Google\20250822_195124.jpg,4,-0.01384083044982699,0.5815311418685121,0.09919261822376009,0.11180795847750866,core,1.0
71,D:\Budapest2025_Google\20250822_195124.jpg,5,0.3408304498269896,0.7512975778546713,0.14215686274509803,0.09926470588235294,core,1.0
72,D:\Budapest2025_Google\20250822_195124.jpg,7,0.6193771626297578,0.32201557093425603,0.13610149942329874,0.0888840830449827,core,1.0
73,D:\Budapest2025_Google\20250822_195124.jpg,8,0.3509227220299885,0.32461072664359863,0.12312572087658592,0.09104671280276816,core,1.0
74,D:\Budapest2025_Google\20250822_195124.jpg,9,0.08737024221453288,0.5495242214532872,0.1389850057670127,0.07763840830449827,core,1.0
75,D:\Budapest2025_Google\20250822_195738.jpg,0,0.6282439446366782,0.07698961937716263,0.042820069204152246,0.08564013840830449,core,1.0
76,D:\Budapest2025_Google\20250822_195740.jpg,0,0.6533304498269896,0.09111880046136102,0.04325259515570934,0.08794694348327567,core,1.0
77,D:\Budapest2025_Google\20250824_152144.jpg,0,0.3898550724637681,0.3083910034602076,0.1927536231884058,0.12218858131487889,core,1.0
78,D:\Budapest2025_Google\20250824_152151.jpg,0,0.4251207729468599,0.26967993079584773,0.20434782608695654,0.14230103806228372,core,1.0
79,D:\Budapest2025_Google\20250822_192248.jpg,0,0.6193771626297578,0.2670847750865052,0.10928489042675894,0.11872837370242215,core,1.0
80,D:\Budapest2025_Google\20250822_192327.jpg,0,0.6658016147635525,0.659818339100346,0.08016147635524798,0.08001730103806229,core,1.0
81,D:\Budapest2025_Google\20250822_192328.jpg,0,0.649365628604383,0.6738754325259516,0.08102652825836217,0.07850346020761245,core,1.0
82,D:\Budapest2025_Google\20250822_194044.jpg,0,0.16371107266435986,0.17128027681660898,0.05363321799307959,0.09457900807381776,core,1.0
83,D:\Budapest2025_Google\20250822_194859.jpg,0,0.5201845444059977,0.676038062283737,0.11591695501730104,0.13127162629757785,core,1.0
84,D:\Budapest2025_Google\20250822_194903.jpg,0,0.4777970011534025,0.6615484429065744,0.1058246828143022,0.12045847750865052,core,1.0
85,D:\Budapest2025_Google\20250822_194923.jpg,0,0.42993079584775085,0.6301903114186851,0.12341407151095732,0.12954152249134948,core,1.0
86,D:\Budapest2025_Google\20250822_194926.jpg,0,0.43685121107266434,0.6459775086505191,0.12658592848904268,0.1351643598615917,core,1.0
87,D:\Budapest2025_Google\20250822_195457.jpg,0,0.7586505190311419,0.10813148788927336,0.05709342560553633,0.10813148788927336,core,1.0
88,D:\Budapest2025_Google\20250822_195500.jpg,0,0.7571366782006921,0.10092272202998846,0.056012110726643596,0.10409457900807381,core,1.0
89,D:\Budapest2025_Google\20250822_195758.jpg,0,0.71280276816609,0.2972895040369089,0.038494809688581315,0.06805074971164937,core,1.0
90,D:\Budapest2025_Google\20250822_195800.jpg,0,0.7067474048442907,0.3209342560553633,0.038494809688581315,0.06718569780853517,core,1.0
91,D:\Budapest2025_Google\20250822_192259.jpg,0,0.3042099192618224,0.47707612456747406,0.06747404844290658,0.06639273356401384,core,1.0
92,D:\Budapest2025_Google\20250822_192327.jpg,1,0.5086505190311419,0.5521193771626297,0.08189158016147635,0.08434256055363322,core,1.0
93,D:\Budapest2025_Google\20250822_192328.jpg,1,0.49019607843137253,0.5670415224913494,0.08391003460207612,0.08391003460207612,core,1.0
94,D:\Budapest2025_Google\20250822_195246.jpg,0,0.45098039215686275,0.5471453287197232,0.1118800461361015,0.11591695501730104,core,1.0
95,D:\Budapest2025_Google\20250822_192528.jpg,0,0.36418685121107264,0.2000432525951557,0.14273356401384082,0.092560553633218,core,1.0
96,D:\Budapest2025_Google\20250822_194451.jpg,0,0.43944636678200694,0.4666955017301038,0.14677047289504036,0.10164359861591696,core,1.0
97,D:\Budapest2025_Google\20250822_192530.jpg,0,0.37860438292964244,0.19117647058823528,0.13985005767012687,0.092560553633218,core,0.6070787641737196
98,D:\Budapest2025_Google\20250822_193345.jpg,0,0.12254901960784313,0.4545847750865052,0.08794694348327567,0.0823961937716263,core,1.0
99,D:\Budapest2025_Google\20250822_193353.jpg,0,0.5361159169550173,0.5170126874279123,0.05709342560553633,0.09659746251441753,core,1.0
100,D:\Budapest2025_Google\20250822_193356.jpg,2,0.5601211072664359,0.5297001153402537,0.056228373702422146,0.09717416378316032,core,1.0
101,D:\Budapest2025_Google\20250822_193357.jpg,2,0.5590397923875432,0.5464244521337946,0.05709342560553633,0.09284890426758939,core,1.0
102,D:\Budapest2025_Google\20250822_193404.jpg,0,0.3185553633217993,0.5493079584775087,0.07785467128027682,0.13985005767012687,core,1.0
103,D:\Budapest2025_Google\20250822_194444.jpg,0,0.6418685121107266,0.41371107266435986,0.1444636678200692,0.10726643598615918,core,1.0
104,D:\Budapest2025_Google\20250822_194644.jpg,0,0.530060553633218,0.3382352941176471,0.04930795847750865,0.08737024221453288,core,1.0
105,D:\Budapest2025_Google\20250822_194644.jpg,1,0.11570069204152249,0.3295847750865052,0.05795847750865052,0.09083044982698962,core,1.0
106,D:\Budapest2025_Google\20250822_194648.jpg,0,0.557742214532872,0.37831603229527105,0.05103806228373702,0.092560553633218,core,1.0
107,D:\Budapest2025_Google\20250822_194648.jpg,1,0.05211937716262976,0.35813148788927335,0.06336505190311419,0.10380622837370242,core,1.0
108,D:\Budapest2025_Google\20250822_194651.jpg,0,0.11288927335640138,0.22837370242214533,0.056228373702422146,0.09486735870818916,core,1.0
109,D:\Budapest2025_Google\20250822_194653.jpg,0,0.48637543252595156,0.29700115340253747,0.051470588235294115,0.09140715109573241,core,1.0
110,D:\Budapest2025_Google\20250822_194653.jpg,1,0.01838235294117647,0.27566320645905423,0.06120242214532872,0.10149942329873125,core,1.0
111,D:\Budapest2025_Google\20250822_194713.jpg,0,0.8698096885813149,0.39792387543252594,0.06444636678200692,0.10178777393310265,core,1.0
112,D:\Budapest2025_Google\20250822_194713.jpg,1,0.41782006920415227,0.393598615916955,0.053200692041522495,0.09486735870818916,core,1.0
113,D:\Budapest2025_Google\20250822_192441.jpg,1,0.25951557093425603,0.12975778546712802,0.11303344867358708,0.12954152249134948,core,0.2870375845167372
114,D:\Budapest2025_Google\20250822_193353.jpg,1,0.07417820069204152,0.30565167243367936,0.03892733564013841,0.0654555940023068,core,1.0
115,D:\Budapest2025_Google\20250822_193356.jpg,0,0.09645328719723184,0.30680507497116494,0.03676470588235294,0.06257208765859285,core,1.0
116,D:\Budapest2025_Google\20250822_193357.jpg,0,0.10402249134948097,0.3145905420991926,0.03546712802768166,0.06084198385236447,core,1.0
117,D:\Budapest2025_Google\20250822_193404.jpg,2,0.09191176470588236,0.28143021914648214,0.03784602076124567,0.06170703575547866,core,1.0
118,D:\Budapest2025_Google\20250822_194950.jpg,0,0.35986159169550175,0.3027681660899654,0.09284890426758939,0.10164359861591696,core,1.0
119,D:\Budapest2025_Google\20250822_194950.jpg,1,0.2577854671280277,0.2694636678200692,0.10813148788927336,0.09385813148788927,core,1.0
120,D:\Budapest2025_Google\20250822_194950.jpg,2,0.3817762399077278,0.7307525951557093,0.10236447520184544,0.10964532871972318,core,1.0
121,D:\Budapest2025_Google\20250822_194950.jpg,7,0.2765282583621684,0.6950692041522492,0.11707035755478662,0.09147923875432526,core,1.0
122,D:\Budapest2025_Google\20250822_194950.jpg,9,0.8621683967704729,0.05990484429065744,0.0919838523644752,0.10942906574394463,core,1.0
123,D:\Budapest2025_Google\20250822_194950.jpg,10,0.7727797001153403,0.47015570934256057,0.10092272202998846,0.08974913494809689,core,1.0
124,D:\Budapest2025_Google\20250822_194952.jpg,0,0.3748558246828143,0.34969723183391005,0.09948096885813149,0.10185986159169551,core,1.0
125,D:\Budapest2025_Google\20250822_194952.jpg,2,0.22895040369088812,0.7305363321799307,0.12918108419838523,0.10034602076124567,core,1.0
126,D:\Budapest2025_Google\20250822_194952.jpg,3,0.2177047289504037,0.296280276816609,0.1254325259515571,0.094939446366782,core,1.0
127,D:\Budapest2025_Google\20250822_194952.jpg,5,0.8728373702422145,0.5705017301038062,0.09486735870818916,0.10142733564013841,core,1.0
128,D:\Budapest2025_Google\20250822_194952.jpg,6,0.5161476355247981,0.2906574394463668,0.13408304498269896,0.07698961937716263,core,1.0
129,D:\Budapest2025_Google\20250822_194952.jpg,7,0.24077277970011535,0.5964532871972318,0.12139561707035755,0.0888840830449827,core,1.0
130,D:\Budapest2025_Google\20250822_194952.jpg,8,0.19636678200692043,0.14597750865051903,0.14878892733564014,0.11137543252595156,core,1.0
131,D:\Budapest2025_Google\20250822_194952.jpg,13,0.526239907727797,0.7244809688581315,0.14994232987312572,0.08347750865051903,core,1.0
132,D:\Budapest2025_Google\20250822_194952.jpg,4,0.7520184544405998,0.5075692041522492,0.1052479815455594,0.09104671280276816,core,0.1881418228149414
133,D:\Budapest2025_Google\20250822_194952.jpg,16,0.33852364475201846,0.05687716262975778,0.1381199538638985,0.14143598615916955,core,1.0
134,D:\Budapest2025_Google\20250822_195021.jpg,1,0.4962514417531719,0.5287629757785467,0.10668973471741638,0.11548442906574395,core,1.0
135,D:\Budapest2025_Google\20250822_195052.jpg,2,0.3267012687427912,0.594939446366782,0.09717416378316032,0.10250865051903114,core,1.0
136,D:\Budapest2025_Google\20250822_195052.jpg,16,0.34429065743944637,0.11332179930795848,0.12831603229527105,0.12910899653979238,core,1.0
137,D:\Budapest2025_Google\20250822_194955.jpg,1,0.20069204152249134,0.36267301038062283,0.1317762399077278,0.08823529411764706,core,1.0
138,D:\Budapest2025_Google\20250822_194955.jpg,2,0.1831026528258362,0.1749567474048443,0.14561707035755478,0.09126297577854671,core,1.0
139,D:\Budapest2025_Google\20250822_194955.jpg,3,0.5594002306805075,0.7718425605536332,0.13321799307958476,0.09169550173010381,core,1.0
140,D:\Budapest2025_Google\20250822_194955.jpg,4,0.2093425605536332,0.8122837370242214,0.13062283737024222,0.08650519031141868,core,1.0
141,D:\Budapest2025_Google\20250822_194955.jpg,12,0.5596885813148789,0.3304498269896194,0.11072664359861592,0.07504325259515571,core,1.0
142,D:\Budapest2025_Google\20250822_194955.jpg,7,0.7476931949250288,0.5847750865051903,0.10553633217993079,0.08304498269896193,core,0.17953305774264872
143,D:\Budapest2025_Google\20250822_195016.jpg,0,0.4864475201845444,0.3570501730103806,0.1052479815455594,0.11267301038062284,core,1.0
144,D:\Budapest2025_Google\20250822_195016.jpg,1,0.6554209919261822,0.2828719723183391,0.15369088811995385,0.10596885813148789,core,1.0
145,D:\Budapest2025_Google\20250822_195016.jpg,2,0.6369665513264129,0.7348615916955017,0.14129181084198386,0.09147923875432526,core,1.0
146,D:\Budapest2025_Google\20250822_195016.jpg,3,0.3079584775086505,0.29282006920415227,0.158881199538639,0.09753460207612456,core,1.0
147,D:\Budapest2025_Google\20250822_195016.jpg,4,0.29815455594002305,0.7391868512110726,0.1513840830449827,0.0953719723183391,core,1.0
148,D:\Budapest2025_Google\20250822_195016.jpg,5,0.6649365628604383,0.1518166089965398,0.15426758938869667,0.10423875432525952,core,1.0
149,D:\Budapest2025_Google\20250822_195018.jpg,0,0.6418685121107266,0.36505190311418684,0.1384083044982699,0.09126297577854671,core,1.0
150,D:\Budapest2025_Google\20250822_195018.jpg,3,0.27941176470588236,0.3222318339100346,0.14994232987312572,0.08953287197231834,core,1.0
151,D:\Budapest2025_Google\20250822_195018.jpg,14,0.27364475201845445,0.7599480968858131,0.13062283737024222,0.08996539792387544,core,0.16201962365044487
152,D:\Budapest2025_Google\20250822_195018.jpg,7,-0.03892733564013841,0.6122404844290658,0.12341407151095732,0.11721453287197232,core,1.0
153,D:\Budapest2025_Google\20250822_195018.jpg,11,0.4777970011534025,0.8589965397923875,0.1179354094579008,0.10358996539792388,core,1.0
154,D:\Budapest2025_Google\20250822_195021.jpg,2,0.6678200692041523,0.3055795847750865,0.1459054209919262,0.0953719723183391,core,1.0
155,D:\Budapest2025_Google\20250822_195021.jpg,3,0.31632064590542097,0.13948961937716264,0.15340253748558247,0.10596885813148789,core,1.0
156,D:\Budapest2025_Google\20250822_195021.jpg,4,0.6655132641291811,0.15289792387543252,0.1632064590542099,0.10185986159169551,core,1.0
157,D:\Budapest2025_Google\20250822_195021.jpg,5,0.6358131487889274,0.6150519031141869,0.14792387543252594,0.08931660899653979,core,1.0
158,D:\Budapest2025_Google\20250822_195021.jpg,7,0.2961361014994233,0.7495674740484429,0.15426758938869667,0.09018166089965397,core,1.0
159,D:\Budapest2025_Google\20250822_195021.jpg,10,0.6427335640138409,0.7647058823529411,0.14417531718569782,0.08326124567474048,core,1.0
160,D:\Budapest2025_Google\20250822_195021.jpg,12,0.10668973471741638,0.382136678200692,0.1384083044982699,0.0852076124567474,core,1.0
161,D:\Budapest2025_Google\20250822_195021.jpg,13,0.09169550173010381,0.03092560553633218,0.16983852364475202,0.111159169550173,core,1.0
162,D:\Budapest2025_Google\20250822_195021.jpg,14,0.31430219146482125,0.2958477508650519,0.14850057670126873,0.09472318339100345,core,1.0
163,D:\Budapest2025_Google\20250822_195021.jpg,15,0.8512110726643599,0.5400086505190311,0.1389850057670127,0.0921280276816609,core,1.0
164,D:\Budapest2025_Google\20250822_195021.jpg,0,0.5063437139561707,0.3687283737024221,0.104959630911188,0.12089100346020762,core,0.327940411037869
165,D:\Budapest2025_Google\20250822_195021.jpg,16,0.11447520184544406,0.5179498269896193,0.13523644752018454,0.08455882352941177,core,0.3122210767534044
166,D:\Budapest2025_Google\20250822_195021.jpg,8,0.5074971164936563,0.03438581314878893,0.13581314878892733,0.15441176470588236,core,1.0
167,D:\Budapest2025_Google\20250822_195021.jpg,17,0.06084198385236447,0.8226643598615917,0.18742791234140715,0.10337370242214533,core,1.0
168,D:\Budapest2025_Google\20250822_195052.jpg,0,0.3382352941176471,0.43555363321799306,0.10178777393310265,0.10099480968858132,core,1.0
169,D:\Budapest2025_Google\20250822_195052.jpg,1,0.5132641291810842,0.3672145328719723,0.12283737024221453,0.09126297577854671,core,1.0
170,D:\Budapest2025_Google\20250822_195052.jpg,3,0.47635524798154555,0.8334775086505191,0.12745098039215685,0.08044982698961937,core,1.0
171,D:\Budapest2025_Google\20250822_195052.jpg,4,0.7292387543252595,0.12910899653979238,0.14359861591695502,0.09407439446366782,core,1.0
172,D:\Budapest2025_Google\20250822_195052.jpg,6,0.1395617070357555,0.3475346020761246,0.14302191464821223,0.09320934256055363,core,1.0
173,D:\Budapest2025_Google\20250822_195052.jpg,7,0.8408304498269896,0.701773356401384,0.10553633217993079,0.09299307958477508,core,1.0
174,D:\Budapest2025_Google\20250822_195052.jpg,8,0.47808535178777395,0.6777681660899654,0.13667820069204153,0.09018166089965397,core,1.0
175,D:\Budapest2025_Google\20250822_195052.jpg,11,0.6732987312572087,0.6120242214532872,0.13292964244521338,0.08044982698961937,core,1.0
176,D:\Budapest2025_Google\20250822_195052.jpg,12,0.14705882352941177,0.18966262975778547,0.14359861591695502,0.09364186851211073,core,1.0
177,D:\Budapest2025_Google\20250822_195052.jpg,13,0.10755478662053057,0.8291522491349481,0.14215686274509803,0.07482698961937716,core,1.0
178,D:\Budapest2025_Google\20250822_195052.jpg,5,0.12773933102652826,0.6591695501730104,0.1309111880046136,0.10705017301038063,core,0.30288659201727974
179,D:\Budapest2025_Google\20250824_154452.jpg,0,0.3263333333333333,0.41725,0.07266666666666667,0.06575,core,1.0
180,D:\Budapest2025_Google\20250824_154604.jpg,0,0.334,0.413,0.1,0.09925,core,1.0
181,D:\Budapest2025_Google\20250824_154448.jpg,0,0.3616666666666667,0.42125,0.06733333333333333,0.063,core,0.5679040749867758
182,D:\Budapest2025_Google\20250824_154601.jpg,0,0.341,0.4145,0.09533333333333334,0.09525,core,0.2064396540323894
183,D:\Budapest2025_Google\20250822_112331.jpg,0,0.49567474048442905,0.1578719723183391,0.14734717416378315,0.16782006920415224,core,1.0
184,D:\Budapest2025_Google\20250822_121039.jpg,0,0.3820645905420992,0.4007352941176471,0.03460207612456748,0.03308823529411765,core,1.0
185,D:\Budapest2025_Google\20250822_121053.jpg,1,0.05709342560553633,0.4809688581314879,0.0395040369088812,0.03179065743944637,core,1.0
186,D:\Budapest2025_Google\20250822_121058.jpg,0,0.16810841983852365,0.492863321799308,0.03892733564013841,0.033953287197231834,core,1.0
187,D:\Budapest2025_Google\20250822_112502.jpg,0,0.4581891580161476,0.18403979238754326,0.13638985005767013,0.1578719723183391,core,1.0
188,D:\Budapest2025_Google\20250822_121039.jpg,1,0.3817762399077278,0.35986159169550175,0.036043829296424454,0.03222318339100346,core,1.0
189,D:\Budapest2025_Google\20250822_121053.jpg,0,0.40340253748558247,0.43728373702422146,0.03835063437139562,0.03762975778546713,core,1.0
190,D:\Budapest2025_Google\20250822_121058.jpg,1,0.4855824682814302,0.4517733564013841,0.04008073817762399,0.038711072664359865,core,1.0
191,D:\Budapest2025_Google\20250822_123916.jpg,3,0.7117962466487936,0.4300202839756592,0.028820375335120642,0.06237322515212982,core,0.4206118583679199
192,D:\Budapest2025_Google\20250822_195716.jpg,0,0.7216695501730104,0.26211072664359863,0.05406574394463668,0.07583621683967705,core,0.31149138344658744
193,D:\Budapest2025_Google\20250822_121039.jpg,2,0.5074971164936563,0.20177335640138408,0.054498269896193774,0.04822664359861592,core,1.0
194,D:\Budapest2025_Google\20250822_121053.jpg,2,0.21424452133794694,0.2679498269896194,0.05651672433679354,0.05082179930795848,core,1.0
195,D:\Budapest2025_Google\20250822_121058.jpg,2,0.2952710495963091,0.28460207612456745,0.05536332179930796,0.04909169550173011,core,1.0
196,D:\Budapest2025_Google\20250822_122617.jpg,0,0.2618357487922705,0.10640138408304499,0.17149758454106281,0.11743079584775086,core,1.0
197,D:\Budapest2025_Google\20250822_122626.jpg,0,0.45265700483091786,0.3514273356401384,0.09420289855072464,0.06401384083044982,core,1.0
198,D:\Budapest2025_Google\20250822_122632.jpg,0,0.5922705314009662,0.2791955017301038,0.09516908212560386,0.06076989619377163,core,1.0
199,D:\Budapest2025_Google\20250822_123501.jpg,0,0.8357487922705314,0.14597750865051903,0.1473429951690821,0.09645328719723184,core,1.0
200,D:\Budapest2025_Google\20250822_123916.jpg,0,0.704088471849866,0.2723123732251521,0.03150134048257373,0.07302231237322515,core,1.0
201,D:\Budapest2025_Google\20250822_195832.jpg,0,0.6414359861591695,0.11534025374855825,0.03806228373702422,0.07698961937716263,core,1.0
202,D:\Budapest2025_Google\20250822_123303.jpg,0,0.39082125603864737,0.1083477508650519,0.20144927536231885,0.1384083044982699,core,1.0
203,D:\Budapest2025_Google\20250822_123306.jpg,0,0.3207729468599034,-0.0032439446366782005,0.178743961352657,0.1448961937716263,core,1.0
204,D:\Budapest2025_Google\20250822_123313.jpg,0,0.47632850241545893,0.16500865051903113,0.1782608695652174,0.12716262975778547,core,1.0
205,D:\Budapest2025_Google\20250822_123528.jpg,0,0.748792270531401,0.21345155709342561,0.21884057971014492,0.14100346020761245,core,1.0
206,D:\Budapest2025_Google\20250822_123539.jpg,0,0.45217391304347826,0.1185121107266436,0.24830917874396136,0.15635813148788927,core,1.0
207,D:\Budapest2025_Google\20250822_123328.jpg,0,0.6251207729468599,0.1375432525951557,0.17632850241545894,0.11332179930795848,core,1.0
208,D:\Budapest2025_Google\20250822_123341.jpg,0,0.5057971014492754,0.10164359861591696,0.19082125603864733,0.10250865051903114,core,1.0
209,D:\Budapest2025_Google\20250822_123347.jpg,0,0.6285024154589371,0.040008650519031144,0.20772946859903382,0.11937716262975778,core,1.0
210,D:\Budapest2025_Google\20250822_123443.jpg,0,0.6028985507246377,0.19982698961937717,0.2135265700483092,0.09450692041522492,core,1.0
211,D:\Budapest2025_Google\20250822_123448.jpg,0,0.45169082125603865,0.09883217993079585,0.22560386473429953,0.10402249134948097,core,1.0
212,D:\Budapest2025_Google\20250822_123354.jpg,0,0.30772946859903383,-0.01773356401384083,0.21014492753623187,0.10185986159169551,core,1.0
213,D:\Budapest2025_Google\20250822_123400.jpg,0,0.48985507246376814,-0.01124567474048443,0.16376811594202897,0.09991349480968859,core,1.0
214,D:\Budapest2025_Google\20250822_194950.jpg,5,0.36764705882352944,0.5326557093425606,0.0983275663206459,0.09450692041522492,core,1.0
215,D:\Budapest2025_Google\20250822_194950.jpg,6,0.33304498269896193,0.07136678200692041,0.1254325259515571,0.1355968858131488,core,1.0
216,D:\Budapest2025_Google\20250822_194950.jpg,12,0.7001153402537486,0.808174740484429,0.10380622837370242,0.07461072664359862,core,1.0
217,D:\Budapest2025_Google\20250822_194955.jpg,10,0.5420991926182238,0.657439446366782,0.13437139561707034,0.08109861591695501,core,1.0
218,D:\Budapest2025_Google\20250822_195016.jpg,7,0.31228373702422146,0.11461937716262975,0.15542099192618225,0.12153979238754326,core,1.0
219,D:\Budapest2025_Google\20250822_195018.jpg,12,0.09429065743944637,0.5702854671280276,0.1637831603229527,0.11310553633217993,core,1.0
220,D:\Budapest2025_Google\20250822_195018.jpg,15,0.29209919261822376,0.6516003460207612,0.12226066897347174,0.09191176470588236,core,1.0
221,D:\Budapest2025_Google\20250822_195021.jpg,11,0.31805074971164937,0.6042387543252595,0.13667820069204153,0.10358996539792388,core,1.0
222,D:\Budapest2025_Google\20250822_195021.jpg,19,-0.054498269896193774,0.5795847750865052,0.13206459054209918,0.1217560553633218,core,1.0
223,D:\Budapest2025_Google\20250822_195021.jpg,21,-0.05478662053056517,0.11051038062283737,0.1254325259515571,0.127378892733564,core,1.0
224,D:\Budapest2025_Google\20250822_195121.jpg,14,-0.05738177623990773,0.14662629757785467,0.131199538638985,0.12716262975778547,core,1.0
225,D:\Budapest2025_Google\20250822_123430.jpg,1,0.3690821256038647,0.32763840830449825,0.10193236714975845,0.052768166089965395,core,1.0
226,D:\Budapest2025_Google\20250822_123916.jpg,2,0.582774798927614,0.33468559837728196,0.028150134048257374,0.0654158215010142,core,1.0
227,D:\Budapest2025_Google\20250822_193345.jpg,1,0.6554209919261822,0.35121107266435986,0.05738177623990773,0.06466262975778547,core,1.0
228,D:\Budapest2025_Google\20250822_193353.jpg,2,0.761461937716263,0.36418685121107264,0.04238754325259515,0.08333333333333333,core,1.0
229,D:\Budapest2025_Google\20250822_193353.jpg,4,0.05795847750865052,0.41753171856978083,0.04173875432525952,0.08016147635524798,core,1.0
230,D:\Budapest2025_Google\20250822_193356.jpg,1,0.7874134948096886,0.3814878892733564,0.04671280276816609,0.08246828143021914,core,1.0
231,D:\Budapest2025_Google\20250822_193356.jpg,3,0.08391003460207612,0.41724336793540945,0.04022491349480969,0.078719723183391,core,1.0
232,D:\Budapest2025_Google\20250822_193357.jpg,1,0.8068771626297578,0.3990772779700115,0.04822664359861592,0.08621683967704728,core,1.0
233,D:\Budapest2025_Google\20250822_193404.jpg,1,0.851643598615917,0.39302191464821223,0.04519896193771626,0.07468281430219147,core,1.0
234,D:\Budapest2025_Google\20250822_193451.jpg,0,0.28027681660899656,0.41147635524798154,0.04476643598615917,0.08564013840830449,core,1.0
235,D:\Budapest2025_Google\20250822_193458.jpg,0,0.06682525951557093,0.4362745098039216,0.0625,0.09371395617070358,core,1.0
236,D:\Budapest2025_Google\20250822_194159.jpg,0,0.4555940023068051,0.28957612456747406,0.052479815455594,0.05406574394463668,core,1.0
237,D:\Budapest2025_Google\20250822_194201.jpg,0,0.4671280276816609,0.2783304498269896,0.05103806228373702,0.05363321799307959,core,1.0
238,D:\Budapest2025_Google\20250822_194547.jpg,2,0.7424307958477508,0.2546136101499423,0.05125432525951557,0.10640138408304499,core,1.0
239,D:\Budapest2025_Google\20250822_194547.jpg,3,0.2852508650519031,0.23615916955017302,0.054282006920415224,0.10755478662053057,core,1.0
240,D:\Budapest2025_Google\20250822_194551.jpg,1,0.6987456747404844,0.49855824682814304,0.125,0.24826989619377163,core,1.0
241,D:\Budapest2025_Google\20250822_194950.jpg,3,0.9111880046136102,0.09623702422145329,0.08419838523644751,0.1083477508650519,core,1.0
242,D:\Budapest2025_Google\20250822_195121.jpg,0,0.5034602076124568,0.3778114186851211,0.10265282583621683,0.11267301038062284,core,1.0
243,D:\Budapest2025_Google\20250822_195121.jpg,1,0.5167243367935409,0.8185553633217993,0.11072664359861592,0.12391868512110726,core,1.0
244,D:\Budapest2025_Google\20250822_195121.jpg,2,0.010380622837370242,0.6005622837370242,0.08823529411764706,0.1115916955017301,core,1.0
245,D:\Budapest2025_Google\20250822_195121.jpg,5,0.0530565167243368,0.0990484429065744,0.1502306805074971,0.10077854671280277,core,1.0
246,D:\Budapest2025_Google\20250822_195121.jpg,6,0.3506343713956171,0.3306660899653979,0.12687427912341406,0.09385813148788927,core,1.0
247,D:\Budapest2025_Google\20250822_195121.jpg,7,0.10351787773933102,0.5646626297577855,0.13408304498269896,0.08217993079584775,core,1.0
248,D:\Budapest2025_Google\20250822_195121.jpg,8,0.6118800461361015,0.3315311418685121,0.14734717416378315,0.09191176470588236,core,1.0
249,D:\Budapest2025_Google\20250822_195121.jpg,11,0.35409457900807384,0.7666522491349481,0.13350634371395617,0.09407439446366782,core,1.0
250,D:\Budapest2025_Google\20250822_195124.jpg,0,0.4930795847750865,0.3648356401384083,0.10265282583621683,0.11570069204152249,core,1.0
251,D:\Budapest2025_Google\20250822_195124.jpg,1,0.48904267589388695,0.8025519031141869,0.1179354094579008,0.127378892733564,core,1.0
252,D:\Budapest2025_Google\20250822_195124.jpg,3,0.05190311418685121,0.07525951557093426,0.15715109573241062,0.10596885813148789,core,1.0
253,D:\Budapest2025_Google\20250822_195124.jpg,4,-0.01384083044982699,0.5815311418685121,0.09919261822376009,0.11180795847750866,core,1.0
254,D:\Budapest2025_Google\20250822_195124.jpg,5,0.3408304498269896,0.7512975778546713,0.14215686274509803,0.09926470588235294,core,1.0
255,D:\Budapest2025_Google\20250822_195124.jpg,7,0.6193771626297578,0.32201557093425603,0.13610149942329874,0.0888840830449827,core,1.0
256,D:\Budapest2025_Google\20250822_195124.jpg,8,0.3509227220299885,0.32461072664359863,0.12312572087658592,0.09104671280276816,core,1.0
257,D:\Budapest2025_Google\20250822_195124.jpg,9,0.08737024221453288,0.5495242214532872,0.1389850057670127,0.07763840830449827,core,1.0
258,D:\Budapest2025_Google\20250822_195738.jpg,0,0.6282439446366782,0.07698961937716263,0.042820069204152246,0.08564013840830449,core,1.0
259,D:\Budapest2025_Google\20250822_195740.jpg,0,0.6533304498269896,0.09111880046136102,0.04325259515570934,0.08794694348327567,core,1.0
260,D:\Budapest2025_Google\20250824_152144.jpg,0,0.3898550724637681,0.3083910034602076,0.1927536231884058,0.12218858131487889,core,1.0
261,D:\Budapest2025_Google\20250824_152151.jpg,0,0.4251207729468599,0.26967993079584773,0.20434782608695654,0.14230103806228372,core,1.0
262,D:\Budapest2025_Google\20250822_192248.jpg,0,0.6193771626297578,0.2670847750865052,0.10928489042675894,0.11872837370242215,core,1.0
263,D:\Budapest2025_Google\20250822_192327.jpg,0,0.6658016147635525,0.659818339100346,0.08016147635524798,0.08001730103806229,core,1.0
264,D:\Budapest2025_Google\20250822_192328.jpg,0,0.649365628604383,0.6738754325259516,0.08102652825836217,0.07850346020761245,core,1.0
265,D:\Budapest2025_Google\20250822_194044.jpg,0,0.16371107266435986,0.17128027681660898,0.05363321799307959,0.09457900807381776,core,1.0
266,D:\Budapest2025_Google\20250822_194859.jpg,0,0.5201845444059977,0.676038062283737,0.11591695501730104,0.13127162629757785,core,1.0
267,D:\Budapest2025_Google\20250822_194903.jpg,0,0.4777970011534025,0.6615484429065744,0.1058246828143022,0.12045847750865052,core,1.0
268,D:\Budapest2025_Google\20250822_194923.jpg,0,0.42993079584775085,0.6301903114186851,0.12341407151095732,0.12954152249134948,core,1.0
269,D:\Budapest2025_Google\20250822_194926.jpg,0,0.43685121107266434,0.6459775086505191,0.12658592848904268,0.1351643598615917,core,1.0
270,D:\Budapest2025_Google\20250822_195457.jpg,0,0.7586505190311419,0.10813148788927336,0.05709342560553633,0.10813148788927336,core,1.0
271,D:\Budapest2025_Google\20250822_195500.jpg,0,0.7571366782006921,0.10092272202998846,0.056012110726643596,0.10409457900807381,core,1.0
272,D:\Budapest2025_Google\20250822_195758.jpg,0,0.71280276816609,0.2972895040369089,0.038494809688581315,0.06805074971164937,core,1.0
273,D:\Budapest2025_Google\20250822_195800.jpg,0,0.7067474048442907,0.3209342560553633,0.038494809688581315,0.06718569780853517,core,1.0
274,D:\Budapest2025_Google\20250822_192259.jpg,0,0.3042099192618224,0.47707612456747406,0.06747404844290658,0.06639273356401384,core,1.0
275,D:\Budapest2025_Google\20250822_192327.jpg,1,0.5086505190311419,0.5521193771626297,0.08189158016147635,0.08434256055363322,core,1.0
276,D:\Budapest2025_Google\20250822_192328.jpg,1,0.49019607843137253,0.5670415224913494,0.08391003460207612,0.08391003460207612,core,1.0
277,D:\Budapest2025_Google\20250822_195246.jpg,0,0.45098039215686275,0.5471453287197232,0.1118800461361015,0.11591695501730104,core,1.0
278,D:\Budapest2025_Google\20250822_192528.jpg,0,0.36418685121107264,0.2000432525951557,0.14273356401384082,0.092560553633218,core,1.0
279,D:\Budapest2025_Google\20250822_194451.jpg,0,0.43944636678200694,0.4666955017301038,0.14677047289504036,0.10164359861591696,core,1.0
280,D:\Budapest2025_Google\20250822_192530.jpg,0,0.37860438292964244,0.19117647058823528,0.13985005767012687,0.092560553633218,core,0.6070787641737196
281,D:\Budapest2025_Google\20250822_193345.jpg,0,0.12254901960784313,0.4545847750865052,0.08794694348327567,0.0823961937716263,core,1.0
282,D:\Budapest2025_Google\20250822_193353.jpg,0,0.5361159169550173,0.5170126874279123,0.05709342560553633,0.09659746251441753,core,1.0
283,D:\Budapest2025_Google\20250822_193356.jpg,2,0.5601211072664359,0.5297001153402537,0.056228373702422146,0.09717416378316032,core,1.0
284,D:\Budapest2025_Google\20250822_193357.jpg,2,0.5590397923875432,0.5464244521337946,0.05709342560553633,0.09284890426758939,core,1.0
285,D:\Budapest2025_Google\20250822_193404.jpg,0,0.3185553633217993,0.5493079584775087,0.07785467128027682,0.13985005767012687,core,1.0
286,D:\Budapest2025_Google\20250822_194444.jpg,0,0.6418685121107266,0.41371107266435986,0.1444636678200692,0.10726643598615918,core,1.0
287,D:\Budapest2025_Google\20250822_194644.jpg,0,0.530060553633218,0.3382352941176471,0.04930795847750865,0.08737024221453288,core,1.0
288,D:\Budapest2025_Google\20250822_194644.jpg,1,0.11570069204152249,0.3295847750865052,0.05795847750865052,0.09083044982698962,core,1.0
289,D:\Budapest2025_Google\20250822_194648.jpg,0,0.557742214532872,0.37831603229527105,0.05103806228373702,0.092560553633218,core,1.0
290,D:\Budapest2025_Google\20250822_194648.jpg,1,0.05211937716262976,0.35813148788927335,0.06336505190311419,0.10380622837370242,core,1.0
291,D:\Budapest2025_Google\20250822_194651.jpg,0,0.11288927335640138,0.22837370242214533,0.056228373702422146,0.09486735870818916,core,1.0
292,D:\Budapest2025_Google\20250822_194653.jpg,0,0.48637543252595156,0.29700115340253747,0.051470588235294115,0.09140715109573241,core,1.0
293,D:\Budapest2025_Google\20250822_194653.jpg,1,0.01838235294117647,0.27566320645905423,0.06120242214532872,0.10149942329873125,core,1.0
294,D:\Budapest2025_Google\20250822_194713.jpg,0,0.8698096885813149,0.39792387543252594,0.06444636678200692,0.10178777393310265,core,1.0
295,D:\Budapest2025_Google\20250822_194713.jpg,1,0.41782006920415227,0.393598615916955,0.053200692041522495,0.09486735870818916,core,1.0
296,D:\Budapest2025_Google\20250822_192441.jpg,1,0.25951557093425603,0.12975778546712802,0.11303344867358708,0.12954152249134948,core,0.2870375845167372
297,D:\Budapest2025_Google\20250822_193353.jpg,1,0.07417820069204152,0.30565167243367936,0.03892733564013841,0.0654555940023068,core,1.0
298,D:\Budapest2025_Google\20250822_193356.jpg,0,0.09645328719723184,0.30680507497116494,0.03676470588235294,0.06257208765859285,core,1.0
299,D:\Budapest2025_Google\20250822_193357.jpg,0,0.10402249134948097,0.3145905420991926,0.03546712802768166,0.06084198385236447,core,1.0
300,D:\Budapest2025_Google\20250822_193404.jpg,2,0.09191176470588236,0.28143021914648214,0.03784602076124567,0.06170703575547866,core,1.0
301,D:\Budapest2025_Google\20250822_194950.jpg,0,0.35986159169550175,0.3027681660899654,0.09284890426758939,0.10164359861591696,core,1.0
302,D:\Budapest2025_Google\20250822_194950.jpg,1,0.2577854671280277,0.2694636678200692,0.10813148788927336,0.09385813148788927,core,1.0
303,D:\Budapest2025_Google\20250822_194950.jpg,2,0.3817762399077278,0.7307525951557093,0.10236447520184544,0.10964532871972318,core,1.0
304,D:\Budapest2025_Google\20250822_194950.jpg,7,0.2765282583621684,0.6950692041522492,0.11707035755478662,0.09147923875432526,core,1.0
305,D:\Budapest2025_Google\20250822_194950.jpg,9,0.8621683967704729,0.05990484429065744,0.0919838523644752,0.10942906574394463,core,1.0
306,D:\Budapest2025_Google\20250822_194950.jpg,10,0.7727797001153403,0.47015570934256057,0.10092272202998846,0.08974913494809689,core,1.0
307,D:\Budapest2025_Google\20250822_194952.jpg,0,0.3748558246828143,0.34969723183391005,0.09948096885813149,0.10185986159169551,core,1.0
308,D:\Budapest2025_Google\20250822_194952.jpg,2,0.22895040369088812,0.7305363321799307,0.12918108419838523,0.10034602076124567,core,1.0
309,D:\Budapest2025_Google\20250822_194952.jpg,3,0.2177047289504037,0.296280276816609,0.1254325259515571,0.094939446366782,core,1.0
310,D:\Budapest2025_Google\20250822_194952.jpg,5,0.8728373702422145,0.5705017301038062,0.09486735870818916,0.10142733564013841,core,1.0
311,D:\Budapest2025_Google\20250822_194952.jpg,6,0.5161476355247981,0.2906574394463668,0.13408304498269896,0.07698961937716263,core,1.0
312,D:\Budapest2025_Google\20250822_194952.jpg,7,0.24077277970011535,0.5964532871972318,0.12139561707035755,0.0888840830449827,core,1.0
313,D:\Budapest2025_Google\20250822_194952.jpg,13,0.526239907727797,0.7244809688581315,0.14994232987312572,0.08347750865051903,core,1.0
314,D:\Budapest2025_Google\20250822_194952.jpg,4,0.7520184544405998,0.5075692041522492,0.1052479815455594,0.09104671280276816,core,0.18318867683410645
315,D:\Budapest2025_Google\20250822_194952.jpg,16,0.33852364475201846,0.05687716262975778,0.1381199538638985,0.14143598615916955,core,1.0
316,D:\Budapest2025_Google\20250822_195021.jpg,1,0.4962514417531719,0.5287629757785467,0.10668973471741638,0.11548442906574395,core,1.0
317,D:\Budapest2025_Google\20250822_195052.jpg,2,0.3267012687427912,0.594939446366782,0.09717416378316032,0.10250865051903114,core,1.0
318,D:\Budapest2025_Google\20250822_195052.jpg,16,0.34429065743944637,0.11332179930795848,0.12831603229527105,0.12910899653979238,core,1.0
319,D:\Budapest2025_Google\20250822_194955.jpg,1,0.20069204152249134,0.36267301038062283,0.1317762399077278,0.08823529411764706,core,1.0
320,D:\Budapest2025_Google\20250822_194955.jpg,3,0.5594002306805075,0.7718425605536332,0.13321799307958476,0.09169550173010381,core,1.0
321,D:\Budapest2025_Google\20250822_194955.jpg,12,0.5596885813148789,0.3304498269896194,0.11072664359861592,0.07504325259515571,core,1.0
322,D:\Budapest2025_Google\20250822_194955.jpg,4,0.2093425605536332,0.8122837370242214,0.13062283737024222,0.08650519031141868,core,0.22458158599005806
323,D:\Budapest2025_Google\20250822_195016.jpg,0,0.4864475201845444,0.3570501730103806,0.1052479815455594,0.11267301038062284,core,1.0
324,D:\Budapest2025_Google\20250822_195016.jpg,1,0.6554209919261822,0.2828719723183391,0.15369088811995385,0.10596885813148789,core,1.0
325,D:\Budapest2025_Google\20250822_195016.jpg,2,0.6369665513264129,0.7348615916955017,0.14129181084198386,0.09147923875432526,core,1.0
326,D:\Budapest2025_Google\20250822_195016.jpg,3,0.3079584775086505,0.29282006920415227,0.158881199538639,0.09753460207612456,core,1.0
327,D:\Budapest2025_Google\20250822_195016.jpg,4,0.29815455594002305,0.7391868512110726,0.1513840830449827,0.0953719723183391,core,1.0
328,D:\Budapest2025_Google\20250822_195016.jpg,5,0.6649365628604383,0.1518166089965398,0.15426758938869667,0.10423875432525952,core,1.0
329,D:\Budapest2025_Google\20250822_195018.jpg,0,0.6418685121107266,0.36505190311418684,0.1384083044982699,0.09126297577854671,core,1.0
330,D:\Budapest2025_Google\20250822_195018.jpg,3,0.27941176470588236,0.3222318339100346,0.14994232987312572,0.08953287197231834,core,1.0
331,D:\Budapest2025_Google\20250822_195018.jpg,14,0.27364475201845445,0.7599480968858131,0.13062283737024222,0.08996539792387544,core,0.16201962365044487
332,D:\Budapest2025_Google\20250822_195021.jpg,2,0.6678200692041523,0.3055795847750865,0.1459054209919262,0.0953719723183391,core,1.0
333,D:\Budapest2025_Google\20250822_195021.jpg,3,0.31632064590542097,0.13948961937716264,0.15340253748558247,0.10596885813148789,core,1.0
334,D:\Budapest2025_Google\20250822_195021.jpg,5,0.6358131487889274,0.6150519031141869,0.14792387543252594,0.08931660899653979,core,1.0
335,D:\Budapest2025_Google\20250822_195021.jpg,7,0.2961361014994233,0.7495674740484429,0.15426758938869667,0.09018166089965397,core,1.0
336,D:\Budapest2025_Google\20250822_195021.jpg,10,0.6427335640138409,0.7647058823529411,0.14417531718569782,0.08326124567474048,core,1.0
337,D:\Budapest2025_Google\20250822_195021.jpg,12,0.10668973471741638,0.382136678200692,0.1384083044982699,0.0852076124567474,core,1.0
338,D:\Budapest2025_Google\20250822_195021.jpg,13,0.09169550173010381,0.03092560553633218,0.16983852364475202,0.111159169550173,core,1.0
339,D:\Budapest2025_Google\20250822_195021.jpg,14,0.31430219146482125,0.2958477508650519,0.14850057670126873,0.09472318339100345,core,1.0
340,D:\Budapest2025_Google\20250822_195021.jpg,15,0.8512110726643599,0.5400086505190311,0.1389850057670127,0.0921280276816609,core,1.0
341,D:\Budapest2025_Google\20250822_195021.jpg,0,0.5063437139561707,0.3687283737024221,0.104959630911188,0.12089100346020762,core,0.3328264024522569
342,D:\Budapest2025_Google\20250822_195021.jpg,16,0.11447520184544406,0.5179498269896193,0.13523644752018454,0.08455882352941177,core,0.30207292238871253
343,D:\Budapest2025_Google\20250822_195052.jpg,0,0.3382352941176471,0.43555363321799306,0.10178777393310265,0.10099480968858132,core,1.0
344,D:\Budapest2025_Google\20250822_195052.jpg,1,0.5132641291810842,0.3672145328719723,0.12283737024221453,0.09126297577854671,core,1.0
345,D:\Budapest2025_Google\20250822_195052.jpg,3,0.47635524798154555,0.8334775086505191,0.12745098039215685,0.08044982698961937,core,1.0
346,D:\Budapest2025_Google\20250822_195052.jpg,4,0.7292387543252595,0.12910899653979238,0.14359861591695502,0.09407439446366782,core,1.0
347,D:\Budapest2025_Google\20250822_195052.jpg,6,0.1395617070357555,0.3475346020761246,0.14302191464821223,0.09320934256055363,core,1.0
348,D:\Budapest2025_Google\20250822_195052.jpg,7,0.8408304498269896,0.701773356401384,0.10553633217993079,0.09299307958477508,core,1.0
349,D:\Budapest2025_Google\20250822_195052.jpg,8,0.47808535178777395,0.6777681660899654,0.13667820069204153,0.09018166089965397,core,1.0
350,D:\Budapest2025_Google\20250822_195052.jpg,11,0.6732987312572087,0.6120242214532872,0.13292964244521338,0.08044982698961937,core,1.0
351,D:\Budapest2025_Google\20250822_195052.jpg,13,0.10755478662053057,0.8291522491349481,0.14215686274509803,0.07482698961937716,core,1.0
352,D:\Budapest2025_Google\20250822_195052.jpg,5,0.12773933102652826,0.6591695501730104,0.1309111880046136,0.10705017301038063,core,0.3022463056776259
353,D:\Budapest2025_Google\20250824_154452.jpg,0,0.3263333333333333,0.41725,0.07266666666666667,0.06575,core,1.0
354,D:\Budapest2025_Google\20250824_154604.jpg,0,0.334,0.413,0.1,0.09925,core,1.0
355,D:\Budapest2025_Google\20250824_154448.jpg,0,0.3616666666666667,0.42125,0.06733333333333333,0.063,core,0.5679040749867758
356,D:\Budapest2025_Google\20250824_154601.jpg,0,0.341,0.4145,0.09533333333333334,0.09525,core,0.2064396540323894
357,D:\Google_Germany_1\20240816_121630.heic,0,0.4965,0.3377777777777778,0.02575,0.07555555555555556,core,1.0
358,D:\Google_Germany_1\20240816_121633.heic,1,0.51675,0.35,0.02625,0.07777777777777778,core,1.0
359,D:\Google_Germany_1\20240816_150856.jpg,2,0.60725,0.517,0.12425,0.218,core,1.0
360,D:\Google_Germany_1\20240816_150900.jpg,2,0.591,0.492,0.1095,0.19466666666666665,core,1.0
361,D:\Google_Germany_1\20240816_150903.jpg,0,0.5775,0.4573333333333333,0.10375,0.18633333333333332,core,1.0
362,D:\Google_Germany_1\20240816_150905.jpg,1,0.5775,0.44633333333333336,0.10575,0.19066666666666668,core,1.0
363,D:\Google_Germany_1\20240817_182222.heic,0,0.45249520153550865,0.37521626297577854,0.02927063339731286,0.017084775086505192,core,1.0
364,D:\Google_Germany_1\20240817_201019.jpg,3,-0.03325,0.35,0.1845,0.305,core,1.0
365,D:\Google_Germany_1\20240818_123255.heic,3,0.4336072664359862,0.3354126679462572,0.04325259515570934,0.1343570057581574,core,1.0
366,D:\Google_Germany_1\20240818_123301.heic,2,0.45489443378119004,0.3140138408304498,0.0873320537428023,0.057742214532871976,core,1.0
367,D:\Google_Germany_1\20240819_142829.heic,1,0.5012975778546713,0.20681381957773512,0.056228373702422146,0.17994241842610365,core,1.0
368,D:\Google_Germany_1\20240819_142830.heic,1,0.5080017301038062,0.12284069097888675,0.05384948096885813,0.1828214971209213,core,1.0
369,D:\Google_Germany_1\20240819_142837.heic,1,0.35250865051903113,0.40786948176583493,0.054282006920415224,0.190978886756238,core,1.0
370,D:\Google_Germany_1\20240819_150024.heic,0,0.511996161228407,0.1948529411764706,0.051343570057581576,0.03373702422145329,core,1.0
371,D:\Google_Germany_1\20240819_150028.heic,1,0.43330134357005756,0.06704152249134948,0.0974088291746641,0.06725778546712803,core,1.0
372,D:\Google_Germany_1\20240819_155821.heic,0,0.5935828877005348,0.06316844919786097,0.0945855614973262,0.15240641711229946,core,1.0
373,D:\Google_Germany_1\20240819_155838.heic,0,0.29175,0.23222222222222222,0.0965,0.3244444444444444,core,1.0
374,D:\Google_Germany_1\20240819_155937.heic,0,0.32875,0.27166666666666667,0.07475,0.21444444444444444,core,1.0
375,D:\Google_Germany_1\20240819_155944.heic,0,0.10460652591170826,0.23767301038062283,0.6799424184261037,0.33326124567474047,core,1.0
376,D:\Google_Germany_1\20240819_160004.heic,1,0.0446257197696737,0.257136678200692,0.29510556621880996,0.21085640138408304,core,1.0
377,D:\Google_Germany_1\20240819_161321.heic,1,0.37525,0.3561111111111111,0.0275,0.07833333333333334,core,1.0
378,D:\Google_Germany_1\20240819_161323.heic,1,0.37675,0.33666666666666667,0.028,0.08222222222222222,core,1.0
379,D:\Google_Germany_1\20240819_161324.heic,0,0.37225,0.34555555555555556,0.0275,0.07777777777777778,core,1.0
380,D:\Google_Germany_1\20240819_161336.heic,0,0.4075,0.29888888888888887,0.0265,0.07666666666666666,core,1.0
381,D:\Google_Germany_1\20240819_161339.heic,0,0.41125,0.3005555555555556,0.0245,0.08222222222222222,core,1.0
382,D:\Google_Germany_1\20240819_161341.heic,1,0.396,0.31222222222222223,0.0235,0.07666666666666666,core,1.0
383,D:\Google_Germany_1\20240819_161342.heic,1,0.39025,0.31666666666666665,0.024,0.07666666666666666,core,1.0
384,D:\Google_Germany_1\20240819_161343.heic,0,0.39025,0.3227777777777778,0.02475,0.07777777777777778,core,1.0
385,D:\Google_Germany_1\20240819_161351.heic,1,0.40825,0.2861111111111111,0.024,0.07944444444444444,core,1.0
386,D:\Google_Germany_1\20240819_161352.heic,0,0.39875,0.30833333333333335,0.025,0.07888888888888888,core,1.0
387,D:\Google_Germany_1\20240819_161353.heic,0,0.39175,0.34833333333333333,0.024,0.07722222222222222,core,1.0
388,D:\Google_Germany_1\20240819_161355.heic,0,0.38125,0.34944444444444445,0.025,0.07944444444444444,core,1.0
389,D:\Google_Germany_1\20240819_161357.heic,1,0.38425,0.3788888888888889,0.027,0.08666666666666667,core,1.0
390,D:\Google_Germany_1\20240816_142312.jpg,1,0.44809688581314877,0.4329584775086505,0.06084198385236447,0.05493079584775087,core,1.0
391,D:\Google_Germany_1\20240819_121847.heic,0,0.5921305182341651,0.26600346020761245,0.09069097888675624,0.0629325259515571,core,1.0
392,D:\Google_Germany_1\20240816_150856.jpg,0,0.30075,0.7006666666666667,0.1025,0.196,core,1.0
393,D:\Google_Germany_1\20240816_150900.jpg,0,0.3105,0.703,0.09625,0.19066666666666668,core,1.0
394,D:\Google_Germany_1\20240816_150903.jpg,1,0.30825,0.6633333333333333,0.08825,0.185,core,1.0
395,D:\Google_Germany_1\20240816_150905.jpg,2,0.28775,0.679,0.0945,0.19333333333333333,core,1.0
396,D:\Google_Germany_1\20240819_161357.heic,2,0.41075,0.4816666666666667,0.02325,0.07,core,0.24887604183620882
397,D:\Google_Germany_1\20240816_150856.jpg,3,0.14425,0.037,0.18125,0.29633333333333334,core,1.0
398,D:\Google_Germany_1\20240816_150900.jpg,3,0.1665,0.037,0.166,0.28933333333333333,core,1.0
399,D:\Google_Germany_1\20240816_150903.jpg,2,0.13975,0.009333333333333334,0.17375,0.2966666666666667,core,1.0
400,D:\Google_Germany_1\20240817_104432.jpg,2,0.6046712802768166,0.3897058823529412,0.03835063437139562,0.04065743944636678,core,1.0
401,D:\Google_Germany_1\20240817_110347.jpg,0,0.09976931949250288,0.10380622837370242,0.0853517877739331,0.09104671280276816,core,1.0
402,D:\Google_Germany_1\20240817_110348.jpg,0,0.10063437139561707,0.10121107266435986,0.08650519031141868,0.09104671280276816,core,1.0
403,D:\Google_Germany_1\20240817_201019.jpg,1,0.692,0.30633333333333335,0.08075,0.13966666666666666,core,1.0
404,D:\Google_Germany_1\20240818_120430.jpg,0,0.5164359861591695,0.24416089965397925,0.07698961937716263,0.08996539792387544,core,1.0
405,D:\Google_Germany_1\20240818_120433.jpg,0,0.5467128027681661,0.2491349480968858,0.0784313725490196,0.09320934256055363,core,1.0
406,D:\Google_Germany_1\20240818_120559.jpg,0,0.4371395617070358,0.2969290657439446,0.11534025374855825,0.13992214532871972,core,1.0
407,D:\Google_Germany_1\20240818_120600.jpg,0,0.41032295271049596,0.28633217993079585,0.11735870818915801,0.14230103806228372,core,1.0
408,D:\Google_Germany_1\20240818_120914.jpg,0,0.4942329873125721,0.15441176470588236,0.08881199538638986,0.10596885813148789,core,1.0
409,D:\Google_Germany_1\20240818_120920.jpg,0,0.4400230680507497,0.12045847750865052,0.09025374855824683,0.10683391003460208,core,1.0
410,D:\Google_Germany_1\20240818_123255.heic,2,0.31055363321799306,0.07917466410748561,0.046280276816609,0.15499040307101727,core,1.0
411,D:\Google_Germany_1\20240818_123301.heic,3,0.1890595009596929,0.19636678200692043,0.0935700575815739,0.0685553633217993,core,1.0
412,D:\Google_Germany_1\20240818_125444.heic,0,0.049836601307189546,0.37459150326797386,0.2520424836601307,0.3839869281045752,core,1.0
413,D:\Google_Germany_1\20240819_131515.heic,9,0.4087566844919786,0.09525401069518717,0.19953208556149732,0.3181818181818182,core,1.0
414,D:\Google_Germany_1\20240819_142816.heic,1,0.10060160427807487,0.0962566844919786,0.2479946524064171,0.32887700534759357,core,1.0
415,D:\Google_Germany_1\20240819_142820.heic,1,0.16042780748663102,0.0999331550802139,0.22560160427807488,0.31684491978609625,core,1.0
416,D:\Google_Germany_1\20240819_155821.heic,2,0.02072192513368984,0.06417112299465241,0.20655080213903743,0.30815508021390375,core,1.0
417,D:\Google_Germany_1\20240819_155906.heic,1,0.6577540106951871,0.21056149732620322,0.21189839572192512,0.2894385026737968,core,1.0
418,D:\Google_Germany_1\20240816_182130.jpg,0,0.39100346020761245,0.13170415224913495,0.14850057670126873,0.14641003460207613,core,1.0
419,D:\Google_Germany_1\20240818_120850.jpg,0,0.3419838523644752,0.19096020761245674,0.11966551326412918,0.11916089965397923,core,1.0
420,D:\Google_Germany_1\20240818_121419.jpg,0,0.6562860438292965,0.7067474048442907,0.10063437139561707,0.10921280276816608,core,0.43816026051839196
421,D:\Google_Germany_1\20240816_182139.jpg,1,0.42416378316032294,0.1457612456747405,0.14186851211072665,0.14554498269896193,core,1.0
422,D:\Google_Germany_1\20240819_120934.heic,0,0.755278310940499,0.23918685121107267,0.09932821497120921,0.06358131487889274,core,1.0
423,D:\Google_Germany_1\20240819_121359.jpg,0,0.583044982698962,0.34104671280276816,0.08938869665513265,0.09472318339100345,core,1.0
424,D:\Google_Germany_1\20240819_121804.heic,0,0.7715930902111324,0.22448096885813149,0.0916506717850288,0.056228373702422146,core,1.0
425,D:\Google_Germany_1\20240819_121807.heic,0,0.6094049904030711,0.24091695501730104,0.10268714011516315,0.06682525951557093,core,1.0
426,D:\Google_Germany_1\20240819_121844.heic,0,0.43953934740882916,0.18728373702422146,0.10460652591170826,0.07201557093425605,core,1.0
427,D:\Google_Germany_1\20240819_123705.heic,0,0.5073529411764706,0.2514395393474088,0.026384083044982697,0.08445297504798464,core,1.0
428,D:\Google_Germany_1\20240819_125821.jpg,1,0.6000576701268743,0.40981833910034604,0.026816608996539794,0.02897923875432526,core,1.0
429,D:\Google_Germany_1\20240819_142816.heic,0,0.6176470588235294,0.35093582887700536,0.1824866310160428,0.27038770053475936,core,1.0
430,D:\Google_Germany_1\20240819_155906.heic,0,0.321524064171123,0.4966577540106952,0.16176470588235295,0.24766042780748662,core,1.0
431,D:\Google_Germany_1\20240819_122719.heic,0,0.3210172744721689,0.2504325259515571,0.04558541266794626,0.02833044982698962,core,0.22056542502509224
432,D:\Google_Germany_1\20240819_125820.jpg,0,0.5919838523644751,0.4126297577854671,0.030565167243367934,0.03092560553633218,core,0.34786478678385413
433,D:\Google_Germany_1\20240819_142820.heic,0,0.6975267379679144,0.3696524064171123,0.1895053475935829,0.2733957219251337,core,0.31764019860161674
434,D:\Google_Germany_1\20240816_195404.jpg,0,0.5605536332179931,0.4452854671280277,0.056228373702422146,0.054282006920415224,core,1.0
435,D:\Google_Germany_1\20240816_195414.jpg,0,0.5550749711649365,0.5992647058823529,0.05392156862745098,0.053200692041522495,core,1.0
436,D:\Google_Germany_1\20240816_195415.jpg,1,0.5588235294117647,0.592128027681661,0.055074971164936565,0.056012110726643596,core,1.0
437,D:\Google_Germany_1\20240816_195416.jpg,1,0.5870818915801614,0.5601211072664359,0.055651672433679356,0.05471453287197232,core,1.0
438,D:\Google_Germany_1\20240819_161930.heic,0,0.6238003838771593,0.1870674740484429,0.0916506717850288,0.0523356401384083,core,1.0
439,D:\Google_Germany_1\20240819_162006.heic,0,0.48724048442906576,0.2648752399232246,0.03503460207612457,0.10796545105566219,core,1.0
440,D:\Google_Germany_1\20240819_162010.heic,0,0.44961072664359863,0.1300383877159309,0.043036332179930796,0.1324376199616123,core,1.0
441,D:\Google_Germany_1\20240817_201019.jpg,0,0.16325,0.5196666666666667,0.07675,0.12033333333333333,core,0.28422093391418457
442,D:\Google_Germany_1\20240819_142837.heic,0,0.17884948096885814,0.5446257197696737,0.05082179930795848,0.14683301343570057,core,0.35913430319892037
443,D:\Google_Germany_1\20240819_150028.heic,0,0.4894433781190019,0.10337370242214533,0.09404990403071017,0.06358131487889274,core,0.4304113917880589
444,D:\Google_Germany_1\20240819_155838.heic,1,0.497,0.3927777777777778,0.06875,0.18333333333333332,core,0.25282716751098633
445,D:\Google_Germany_1\20240819_161343.heic,2,0.48,0.5238888888888888,0.021,0.06444444444444444,core,0.4057619571685791
446,D:\Google_Germany_1\20240816_195404.jpg,1,0.2840253748558247,0.3985726643598616,0.06862745098039216,0.0726643598615917,core,1.0
447,D:\Google_Germany_1\20240816_195414.jpg,1,0.2753748558246828,0.5663927335640139,0.06660899653979238,0.07071799307958478,core,1.0
448,D:\Google_Germany_1\20240816_195415.jpg,0,0.2889273356401384,0.5633650519031141,0.06689734717416378,0.07028546712802768,core,1.0
449,D:\Google_Germany_1\20240816_195416.jpg,0,0.29930795847750863,0.5294117647058824,0.07093425605536333,0.06920415224913495,core,1.0
450,D:\Google_Germany_1\20240817_104432.jpg,1,0.35409457900807384,0.4638840830449827,0.03863898500576701,0.04022491349480969,core,0.18772670957777238
451,D:\Google_Germany_1\20240816_195414.jpg,2,0.4835640138408305,0.5116782006920415,0.04209919261822376,0.04822664359861592,core,1.0
452,D:\Google_Germany_1\20240816_195415.jpg,2,0.49019607843137253,0.5071366782006921,0.04065743944636678,0.045631487889273355,core,1.0
453,D:\Google_Germany_1\20240816_195416.jpg,2,0.5083621683967705,0.48032006920415227,0.040369088811995385,0.04498269896193772,core,1.0
454,D:\Google_Germany_1\20240817_110027.heic,0,0.6946366782006921,0.4712092130518234,0.09429065743944637,0.16938579654510558,core,1.0
455,D:\Google_Germany_1\20240817_110347.jpg,2,0.23125720876585928,0.5129757785467128,0.10841983852364476,0.06423010380622837,core,1.0
456,D:\Google_Germany_1\20240817_110348.jpg,1,0.23500576701268744,0.5149221453287197,0.11332179930795848,0.06531141868512111,core,1.0
457,D:\Google_Germany_1\20240818_120920.jpg,1,0.47116493656286046,0.5188148788927336,0.06314878892733564,0.056012110726643596,core,1.0
458,D:\Google_Germany_1\20240818_121446.jpg,3,0.5377739331026529,0.23442906574394465,0.1052479815455594,0.11267301038062284,core,1.0
459,D:\Google_Germany_1\20240818_121448.jpg,3,0.5605536332179931,0.2435121107266436,0.10005767012687428,0.1115916955017301,core,1.0
460,D:\Google_Germany_1\20240818_121451.jpg,3,0.5576701268742791,0.2324826989619377,0.10092272202998846,0.10705017301038063,core,1.0
461,D:\Google_Germany_1\20240818_121453.jpg,3,0.5544982698961938,0.23140138408304498,0.104959630911188,0.1185121107266436,core,1.0
462,D:\Google_Germany_1\20240818_121454.jpg,3,0.5556516724336793,0.25346020761245674,0.10207612456747404,0.10964532871972318,core,1.0
463,D:\Google_Germany_1\20240818_121725.heic,0,0.6377595155709342,0.3656429942418426,0.08780276816608996,0.2562380038387716,core,1.0
464,D:\Google_Germany_1\20240818_122459.jpg,1,0.3806228373702422,0.39792387543252594,0.10755478662053057,0.13494809688581316,core,1.0
465,D:\Google_Germany_1\20240818_123255.heic,4,0.518598615916955,0.11852207293666027,0.0592560553633218,0.1785028790786948,core,1.0
466,D:\Google_Germany_1\20240819_142837.heic,2,0.6405709342560554,0.3517274472168906,0.09342560553633218,0.22888675623800384,core,1.0
467,D:\Google_Germany_1\20240818_121419.jpg,1,0.45040369088811993,0.4037629757785467,0.092560553633218,0.09645328719723184,core,1.0
468,D:\Google_Germany_1\20240818_121446.jpg,0,0.21482122260668973,0.19052768166089964,0.09948096885813149,0.11094290657439447,core,1.0
469,D:\Google_Germany_1\20240818_121448.jpg,0,0.24682814302191464,0.1894463667820069,0.09803921568627451,0.1115916955017301,core,1.0
470,D:\Google_Germany_1\20240818_121451.jpg,2,0.20905420991926182,0.18403979238754326,0.09976931949250288,0.11007785467128027,core,1.0
471,D:\Google_Germany_1\20240818_121453.jpg,0,0.20876585928489041,0.19355536332179932,0.09746251441753172,0.10618512110726644,core,1.0
472,D:\Google_Germany_1\20240818_121454.jpg,1,0.21395617070357556,0.21366782006920415,0.10005767012687428,0.10575259515570934,core,1.0
473,D:\Google_Germany_1\20240818_121446.jpg,1,0.48471741637831606,0.5789359861591695,0.07352941176470588,0.07893598615916955,core,1.0
474,D:\Google_Germany_1\20240818_121448.jpg,1,0.4962514417531719,0.592128027681661,0.07987312572087658,0.08261245674740485,core,1.0
475,D:\Google_Germany_1\20240818_121451.jpg,0,0.48875432525951557,0.5743944636678201,0.08016147635524798,0.07958477508650519,core,1.0
476,D:\Google_Germany_1\20240818_121453.jpg,1,0.505767012687428,0.5839100346020761,0.07612456747404844,0.07396193771626297,core,1.0
477,D:\Google_Germany_1\20240818_121454.jpg,0,0.5219146482122261,0.6031574394463668,0.07612456747404844,0.07569204152249134,core,1.0
478,D:\Google_Germany_1\20240818_121446.jpg,2,0.34544405997693195,0.4902681660899654,0.08391003460207612,0.08088235294117647,core,1.0
479,D:\Google_Germany_1\20240818_121451.jpg,1,0.3494809688581315,0.5017301038062284,0.09054209919261823,0.08261245674740485,core,1.0
480,D:\Google_Germany_1\20240818_121453.jpg,2,0.3506343713956171,0.5071366782006921,0.08708189158016148,0.08001730103806229,core,1.0
481,D:\Google_Germany_1\20240818_121454.jpg,2,0.3607266435986159,0.5259515570934256,0.08823529411764706,0.08109861591695501,core,1.0
482,D:\Google_Germany_1\20240818_121448.jpg,2,0.35726643598615915,0.5149221453287197,0.08275663206459054,0.08542387543252596,core,0.2594162623087565
483,D:\Google_Germany_1\20240819_122645.jpg,0,0.4852941176470588,0.5927768166089965,0.07151095732410612,0.07201557093425605,core,0.4468606842888726
484,D:\Google_Germany_1\20240818_122538.heic,0,0.3334932821497121,0.18879757785467127,0.22792706333973128,0.16003460207612458,core,1.0
485,D:\Google_Germany_1\20240818_122544.heic,0,0.31429942418426104,0.18966262975778547,0.21976967370441458,0.15051903114186851,core,1.0
486,D:\Google_Germany_1\20240818_122547.heic,0,0.3646833013435701,0.1420847750865052,0.22936660268714013,0.16003460207612458,core,1.0
487,D:\Google_Germany_1\20240818_123255.heic,1,0.5268166089965398,0.5091170825335892,0.04476643598615917,0.1324376199616123,core,1.0
488,D:\Google_Germany_1\20240818_123301.heic,0,0.6391554702495201,0.388840830449827,0.08877159309021113,0.050389273356401386,core,1.0
489,D:\Google_Germany_1\20240818_122706.heic,0,0.3666026871401152,0.2054498269896194,0.28550863723608444,0.19290657439446368,core,1.0
490,D:\Google_Germany_1\20240818_122711.heic,0,0.277831094049904,0.2480536332179931,0.29990403071017274,0.19247404844290658,core,1.0
491,D:\Google_Germany_1\20240818_122715.heic,0,0.3450095969289827,0.2740051903114187,0.28742802303262954,0.1870674740484429,core,1.0
492,D:\Google_Germany_1\20240818_122727.heic,0,0.3637236084452975,0.3079584775086505,0.2696737044145873,0.17301038062283736,core,1.0
493,D:\Google_Germany_1\20240818_122730.heic,0,0.40786948176583493,0.2787629757785467,0.27975047984644913,0.18382352941176472,core,1.0
494,D:\Google_Germany_1\20240818_123255.heic,0,0.3830017301038062,0.6497120921305183,0.03525086505190311,0.10652591170825336,core,1.0
495,D:\Google_Germany_1\20240818_123301.heic,1,0.3584452975047985,0.4452854671280277,0.07005758157389635,0.041306228373702424,core,1.0
496,D:\Google_Germany_1\20240818_124531.jpg,0,0.30853517877739334,0.2934688581314879,0.09169550173010381,0.09558823529411764,core,1.0
497,D:\Google_Germany_1\20240818_124938.jpg,0,0.4345444059976932,0.3373702422145329,0.17416378316032297,0.18209342560553632,core,1.0
498,D:\Google_Germany_1\20240819_121652.heic,0,0.47696737044145876,0.32288062283737023,0.08349328214971209,0.04671280276816609,core,1.0
499,D:\Google_Germany_1\20240819_121815.heic,0,0.5595009596928983,0.18295847750865052,0.12092130518234165,0.07482698961937716,core,1.0
500,D:\Google_Germany_1\20240819_121824.jpg,0,0.6251441753171857,0.4163062283737024,0.05046136101499423,0.04801038062283737,core,1.0
501,D:\Google_Germany_1\20240819_122657.heic,0,0.21193771626297578,0.20681381957773512,0.03957612456747405,0.11228406909788867,core,1.0
502,D:\Google_Germany_1\20240816_150856.jpg,1,0.55325,0.8456666666666667,0.0945,0.157,core,0.2868403593699137
503,D:\Google_Germany_1\20240817_110032.heic,0,0.69425,0.22555555555555556,0.04875,0.13555555555555557,core,0.2539111773173014
504,D:\Google_Germany_1\20240819_121818.heic,0,0.6007677543186181,0.23140138408304498,0.11660268714011517,0.06639273356401384,core,0.5273085435231527
505,D:\Google_Germany_1\20240819_121934.heic,0,0.5043186180422264,0.3068771626297578,0.052783109404990404,0.03330449826989619,core,0.41251463360256624
506,D:\Google_Germany_1\20240819_131515.heic,8,0.4395053475935829,0.5307486631016043,0.21323529411764705,0.29612299465240643,core,0.3365727530585395
507,D:\Google_Germany_1\20240819_125818.jpg,0,0.5836216839677048,0.4037629757785467,0.028546712802768166,0.027249134948096887,core,1.0
508,D:\Google_Germany_1\20240819_125820.jpg,1,0.5184544405997693,0.4314446366782007,0.029988465974625143,0.030060553633217992,core,1.0
509,D:\Google_Germany_1\20240819_125821.jpg,4,0.5357554786620531,0.45350346020761245,0.026816608996539794,0.023356401384083045,core,1.0
510,D:\Google_Germany_1\20240819_125818.jpg,5,0.7350057670126874,0.39013840830449825,0.031718569780853516,0.02422145328719723,core,1.0
511,D:\Google_Germany_1\20240819_125820.jpg,3,0.7410611303344867,0.3827854671280277,0.03633217993079585,0.031141868512110725,core,1.0
512,D:\Google_Germany_1\20240819_125821.jpg,2,0.7915224913494809,0.3791089965397924,0.04411764705882353,0.038711072664359865,core,1.0
513,D:\Google_Germany_1\20240816_121630.heic,0,0.4965,0.3377777777777778,0.02575,0.07555555555555556,core,1.0
514,D:\Google_Germany_1\20240816_121633.heic,1,0.51675,0.35,0.02625,0.07777777777777778,core,1.0
515,D:\Google_Germany_1\20240816_150856.jpg,2,0.60725,0.517,0.12425,0.218,core,1.0
516,D:\Google_Germany_1\20240816_150900.jpg,2,0.591,0.492,0.1095,0.19466666666666665,core,1.0
517,D:\Google_Germany_1\20240816_150903.jpg,0,0.5775,0.4573333333333333,0.10375,0.18633333333333332,core,1.0
518,D:\Google_Germany_1\20240816_150905.jpg,1,0.5775,0.44633333333333336,0.10575,0.19066666666666668,core,1.0
519,D:\Google_Germany_1\20240817_182222.heic,0,0.45249520153550865,0.37521626297577854,0.02927063339731286,0.017084775086505192,core,1.0
520,D:\Google_Germany_1\20240817_201019.jpg,3,-0.03325,0.35,0.1845,0.305,core,1.0
521,D:\Google_Germany_1\20240818_123255.heic,3,0.4336072664359862,0.3354126679462572,0.04325259515570934,0.1343570057581574,core,1.0
522,D:\Google_Germany_1\20240818_123301.heic,2,0.45489443378119004,0.3140138408304498,0.0873320537428023,0.057742214532871976,core,1.0
523,D:\Google_Germany_1\20240819_142829.heic,1,0.5012975778546713,0.20681381957773512,0.056228373702422146,0.17994241842610365,core,1.0
524,D:\Google_Germany_1\20240819_142830.heic,1,0.5080017301038062,0.12284069097888675,0.05384948096885813,0.1828214971209213,core,1.0
525,D:\Google_Germany_1\20240819_142837.heic,1,0.35250865051903113,0.40786948176583493,0.054282006920415224,0.190978886756238,core,1.0
526,D:\Google_Germany_1\20240819_150024.heic,0,0.511996161228407,0.1948529411764706,0.051343570057581576,0.03373702422145329,core,1.0
527,D:\Google_Germany_1\20240819_150028.heic,1,0.43330134357005756,0.06704152249134948,0.0974088291746641,0.06725778546712803,core,1.0
528,D:\Google_Germany_1\20240819_155821.heic,0,0.5935828877005348,0.06316844919786097,0.0945855614973262,0.15240641711229946,core,1.0
529,D:\Google_Germany_1\20240819_155838.heic,0,0.29175,0.23222222222222222,0.0965,0.3244444444444444,core,1.0
530,D:\Google_Germany_1\20240819_155937.heic,0,0.32875,0.27166666666666667,0.07475,0.21444444444444444,core,1.0
531,D:\Google_Germany_1\20240819_155944.heic,0,0.10460652591170826,0.23767301038062283,0.6799424184261037,0.33326124567474047,core,1.0
532,D:\Google_Germany_1\20240819_160004.heic,1,0.0446257197696737,0.257136678200692,0.29510556621880996,0.21085640138408304,core,1.0
533,D:\Google_Germany_1\20240819_161321.heic,1,0.37525,0.3561111111111111,0.0275,0.07833333333333334,core,1.0
534,D:\Google_Germany_1\20240819_161323.heic,1,0.37675,0.33666666666666667,0.028,0.08222222222222222,core,1.0
535,D:\Google_Germany_1\20240819_161324.heic,0,0.37225,0.34555555555555556,0.0275,0.07777777777777778,core,1.0
536,D:\Google_Germany_1\20240819_161336.heic,0,0.4075,0.29888888888888887,0.0265,0.07666666666666666,core,1.0
537,D:\Google_Germany_1\20240819_161339.heic,0,0.41125,0.3005555555555556,0.0245,0.08222222222222222,core,1.0
538,D:\Google_Germany_1\20240819_161341.heic,1,0.396,0.31222222222222223,0.0235,0.07666666666666666,core,1.0
539,D:\Google_Germany_1\20240819_161342.heic,1,0.39025,0.31666666666666665,0.024,0.07666666666666666,core,1.0
540,D:\Google_Germany_1\20240819_161343.heic,0,0.39025,0.3227777777777778,0.02475,0.07777777777777778,core,1.0
541,D:\Google_Germany_1\20240819_161351.heic,1,0.40825,0.2861111111111111,0.024,0.07944444444444444,core,1.0
542,D:\Google_Germany_1\20240819_161352.heic,0,0.39875,0.30833333333333335,0.025,0.07888888888888888,core,1.0
543,D:\Google_Germany_1\20240819_161353.heic,0,0.39175,0.34833333333333333,0.024,0.07722222222222222,core,1.0
544,D:\Google_Germany_1\20240819_161355.heic,0,0.38125,0.34944444444444445,0.025,0.07944444444444444,core,1.0
545,D:\Google_Germany_1\20240819_161357.heic,1,0.38425,0.3788888888888889,0.027,0.08666666666666667,core,1.0
546,D:\Google_Germany_1\20240816_142312.jpg,1,0.44809688581314877,0.4329584775086505,0.06084198385236447,0.05493079584775087,core,1.0
547,D:\Google_Germany_1\20240819_121847.heic,0,0.5921305182341651,0.26600346020761245,0.09069097888675624,0.0629325259515571,core,1.0
548,D:\Google_Germany_1\20240816_150856.jpg,0,0.30075,0.7006666666666667,0.1025,0.196,core,1.0
549,D:\Google_Germany_1\20240816_150900.jpg,0,0.3105,0.703,0.09625,0.19066666666666668,core,1.0
550,D:\Google_Germany_1\20240816_150903.jpg,1,0.30825,0.6633333333333333,0.08825,0.185,core,1.0
551,D:\Google_Germany_1\20240816_150905.jpg,2,0.28775,0.679,0.0945,0.19333333333333333,core,1.0
552,D:\Google_Germany_1\20240819_161357.heic,2,0.41075,0.4816666666666667,0.02325,0.07,core,0.24887604183620882
553,D:\Google_Germany_1\20240816_150856.jpg,3,0.14425,0.037,0.18125,0.29633333333333334,core,1.0
554,D:\Google_Germany_1\20240816_150900.jpg,3,0.1665,0.037,0.166,0.28933333333333333,core,1.0
555,D:\Google_Germany_1\20240816_150903.jpg,2,0.13975,0.009333333333333334,0.17375,0.2966666666666667,core,1.0
556,D:\Google_Germany_1\20240817_104432.jpg,2,0.6046712802768166,0.3897058823529412,0.03835063437139562,0.04065743944636678,core,1.0
557,D:\Google_Germany_1\20240817_110347.jpg,0,0.09976931949250288,0.10380622837370242,0.0853517877739331,0.09104671280276816,core,1.0
558,D:\Google_Germany_1\20240817_110348.jpg,0,0.10063437139561707,0.10121107266435986,0.08650519031141868,0.09104671280276816,core,1.0
559,D:\Google_Germany_1\20240817_201019.jpg,1,0.692,0.30633333333333335,0.08075,0.13966666666666666,core,1.0
560,D:\Google_Germany_1\20240818_120430.jpg,0,0.5164359861591695,0.24416089965397925,0.07698961937716263,0.08996539792387544,core,1.0
561,D:\Google_Germany_1\20240818_120433.jpg,0,0.5467128027681661,0.2491349480968858,0.0784313725490196,0.09320934256055363,core,1.0
562,D:\Google_Germany_1\20240818_120559.jpg,0,0.4371395617070358,0.2969290657439446,0.11534025374855825,0.13992214532871972,core,1.0
563,D:\Google_Germany_1\20240818_120600.jpg,0,0.41032295271049596,0.28633217993079585,0.11735870818915801,0.14230103806228372,core,1.0
564,D:\Google_Germany_1\20240818_120914.jpg,0,0.4942329873125721,0.15441176470588236,0.08881199538638986,0.10596885813148789,core,1.0
565,D:\Google_Germany_1\20240818_120920.jpg,0,0.4400230680507497,0.12045847750865052,0.09025374855824683,0.10683391003460208,core,1.0
566,D:\Google_Germany_1\20240818_123255.heic,2,0.31055363321799306,0.07917466410748561,0.046280276816609,0.15499040307101727,core,1.0
567,D:\Google_Germany_1\20240818_123301.heic,3,0.1890595009596929,0.19636678200692043,0.0935700575815739,0.0685553633217993,core,1.0
568,D:\Google_Germany_1\20240818_125444.heic,0,0.049836601307189546,0.37459150326797386,0.2520424836601307,0.3839869281045752,core,1.0
569,D:\Google_Germany_1\20240819_131515.heic,9,0.4087566844919786,0.09525401069518717,0.19953208556149732,0.3181818181818182,core,1.0
570,D:\Google_Germany_1\20240819_142816.heic,1,0.10060160427807487,0.0962566844919786,0.2479946524064171,0.32887700534759357,core,1.0
571,D:\Google_Germany_1\20240819_142820.heic,1,0.16042780748663102,0.0999331550802139,0.22560160427807488,0.31684491978609625,core,1.0
572,D:\Google_Germany_1\20240819_155821.heic,2,0.02072192513368984,0.06417112299465241,0.20655080213903743,0.30815508021390375,core,1.0
573,D:\Google_Germany_1\20240819_155906.heic,1,0.6577540106951871,0.21056149732620322,0.21189839572192512,0.2894385026737968,core,1.0
574,D:\Google_Germany_1\20240816_182130.jpg,0,0.39100346020761245,0.13170415224913495,0.14850057670126873,0.14641003460207613,core,1.0
575,D:\Google_Germany_1\20240818_120850.jpg,0,0.3419838523644752,0.19096020761245674,0.11966551326412918,0.11916089965397923,core,1.0
576,D:\Google_Germany_1\20240818_121419.jpg,0,0.6562860438292965,0.7067474048442907,0.10063437139561707,0.10921280276816608,core,0.43816026051839196
577,D:\Google_Germany_1\20240816_182139.jpg,1,0.42416378316032294,0.1457612456747405,0.14186851211072665,0.14554498269896193,core,1.0
578,D:\Google_Germany_1\20240819_120934.heic,0,0.755278310940499,0.23918685121107267,0.09932821497120921,0.06358131487889274,core,1.0
579,D:\Google_Germany_1\20240819_121359.jpg,0,0.583044982698962,0.34104671280276816,0.08938869665513265,0.09472318339100345,core,1.0
580,D:\Google_Germany_1\20240819_121804.heic,0,0.7715930902111324,0.22448096885813149,0.0916506717850288,0.056228373702422146,core,1.0
581,D:\Google_Germany_1\20240819_121807.heic,0,0.6094049904030711,0.24091695501730104,0.10268714011516315,0.06682525951557093,core,1.0
582,D:\Google_Germany_1\20240819_121844.heic,0,0.43953934740882916,0.18728373702422146,0.10460652591170826,0.07201557093425605,core,1.0
583,D:\Google_Germany_1\20240819_123705.heic,0,0.5073529411764706,0.2514395393474088,0.026384083044982697,0.08445297504798464,core,1.0
584,D:\Google_Germany_1\20240819_125821.jpg,1,0.6000576701268743,0.40981833910034604,0.026816608996539794,0.02897923875432526,core,1.0
585,D:\Google_Germany_1\20240819_142816.heic,0,0.6176470588235294,0.35093582887700536,0.1824866310160428,0.27038770053475936,core,1.0
586,D:\Google_Germany_1\20240819_155906.heic,0,0.321524064171123,0.4966577540106952,0.16176470588235295,0.24766042780748662,core,1.0
587,D:\Google_Germany_1\20240819_122719.heic,0,0.3210172744721689,0.2504325259515571,0.04558541266794626,0.02833044982698962,core,0.22056542502509224
588,D:\Google_Germany_1\20240819_125820.jpg,0,0.5919838523644751,0.4126297577854671,0.030565167243367934,0.03092560553633218,core,0.34786478678385413
589,D:\Google_Germany_1\20240819_142820.heic,0,0.6975267379679144,0.3696524064171123,0.1895053475935829,0.2733957219251337,core,0.31764019860161674
590,D:\Google_Germany_1\20240816_195404.jpg,0,0.5605536332179931,0.4452854671280277,0.056228373702422146,0.054282006920415224,core,1.0
591,D:\Google_Germany_1\20240816_195414.jpg,0,0.5550749711649365,0.5992647058823529,0.05392156862745098,0.053200692041522495,core,1.0
592,D:\Google_Germany_1\20240816_195415.jpg,1,0.5588235294117647,0.592128027681661,0.055074971164936565,0.056012110726643596,core,1.0
593,D:\Google_Germany_1\20240816_195416.jpg,1,0.5870818915801614,0.5601211072664359,0.055651672433679356,0.05471453287197232,core,1.0
594,D:\Google_Germany_1\20240819_161930.heic,0,0.6238003838771593,0.1870674740484429,0.0916506717850288,0.0523356401384083,core,1.0
595,D:\Google_Germany_1\20240819_162006.heic,0,0.48724048442906576,0.2648752399232246,0.03503460207612457,0.10796545105566219,core,1.0
596,D:\Google_Germany_1\20240819_162010.heic,0,0.44961072664359863,0.1300383877159309,0.043036332179930796,0.1324376199616123,core,1.0
597,D:\Google_Germany_1\20240817_201019.jpg,0,0.16325,0.5196666666666667,0.07675,0.12033333333333333,core,0.28422093391418457
598,D:\Google_Germany_1\20240819_142837.heic,0,0.17884948096885814,0.5446257197696737,0.05082179930795848,0.14683301343570057,core,0.35913430319892037
599,D:\Google_Germany_1\20240819_150028.heic,0,0.4894433781190019,0.10337370242214533,0.09404990403071017,0.06358131487889274,core,0.4304113917880589
600,D:\Google_Germany_1\20240819_155838.heic,1,0.497,0.3927777777777778,0.06875,0.18333333333333332,core,0.25282716751098633
601,D:\Google_Germany_1\20240819_161343.heic,2,0.48,0.5238888888888888,0.021,0.06444444444444444,core,0.4057619571685791
602,D:\Google_Germany_1\20240816_195404.jpg,1,0.2840253748558247,0.3985726643598616,0.06862745098039216,0.0726643598615917,core,1.0
603,D:\Google_Germany_1\20240816_195414.jpg,1,0.2753748558246828,0.5663927335640139,0.06660899653979238,0.07071799307958478,core,1.0
604,D:\Google_Germany_1\20240816_195415.jpg,0,0.2889273356401384,0.5633650519031141,0.06689734717416378,0.07028546712802768,core,1.0
605,D:\Google_Germany_1\20240816_195416.jpg,0,0.29930795847750863,0.5294117647058824,0.07093425605536333,0.06920415224913495,core,1.0
606,D:\Google_Germany_1\20240817_104432.jpg,1,0.35409457900807384,0.4638840830449827,0.03863898500576701,0.04022491349480969,core,0.18772670957777238
607,D:\Google_Germany_1\20240816_195414.jpg,2,0.4835640138408305,0.5116782006920415,0.04209919261822376,0.04822664359861592,core,1.0
608,D:\Google_Germany_1\20240816_195415.jpg,2,0.49019607843137253,0.5071366782006921,0.04065743944636678,0.045631487889273355,core,1.0
609,D:\Google_Germany_1\20240816_195416.jpg,2,0.5083621683967705,0.48032006920415227,0.040369088811995385,0.04498269896193772,core,1.0
610,D:\Google_Germany_1\20240817_110027.heic,0,0.6946366782006921,0.4712092130518234,0.09429065743944637,0.16938579654510558,core,1.0
611,D:\Google_Germany_1\20240817_110347.jpg,2,0.23125720876585928,0.5129757785467128,0.10841983852364476,0.06423010380622837,core,1.0
612,D:\Google_Germany_1\20240817_110348.jpg,1,0.23500576701268744,0.5149221453287197,0.11332179930795848,0.06531141868512111,core,1.0
613,D:\Google_Germany_1\20240818_120920.jpg,1,0.47116493656286046,0.5188148788927336,0.06314878892733564,0.056012110726643596,core,1.0
614,D:\Google_Germany_1\20240818_121446.jpg,3,0.5377739331026529,0.23442906574394465,0.1052479815455594,0.11267301038062284,core,1.0
615,D:\Google_Germany_1\20240818_121448.jpg,3,0.5605536332179931,0.2435121107266436,0.10005767012687428,0.1115916955017301,core,1.0
616,D:\Google_Germany_1\20240818_121451.jpg,3,0.5576701268742791,0.2324826989619377,0.10092272202998846,0.10705017301038063,core,1.0
617,D:\Google_Germany_1\20240818_121453.jpg,3,0.5544982698961938,0.23140138408304498,0.104959630911188,0.1185121107266436,core,1.0
618,D:\Google_Germany_1\20240818_121454.jpg,3,0.5556516724336793,0.25346020761245674,0.10207612456747404,0.10964532871972318,core,1.0
619,D:\Google_Germany_1\20240818_121725.heic,0,0.6377595155709342,0.3656429942418426,0.08780276816608996,0.2562380038387716,core,1.0
620,D:\Google_Germany_1\20240818_122459.jpg,1,0.3806228373702422,0.39792387543252594,0.10755478662053057,0.13494809688581316,core,1.0
621,D:\Google_Germany_1\20240818_123255.heic,4,0.518598615916955,0.11852207293666027,0.0592560553633218,0.1785028790786948,core,1.0
622,D:\Google_Germany_1\20240819_142837.heic,2,0.6405709342560554,0.3517274472168906,0.09342560553633218,0.22888675623800384,core,1.0
623,D:\Google_Germany_1\20240818_121419.jpg,1,0.45040369088811993,0.4037629757785467,0.092560553633218,0.09645328719723184,core,1.0
624,D:\Google_Germany_1\20240818_121446.jpg,0,0.21482122260668973,0.19052768166089964,0.09948096885813149,0.11094290657439447,core,1.0
625,D:\Google_Germany_1\20240818_121448.jpg,0,0.24682814302191464,0.1894463667820069,0.09803921568627451,0.1115916955017301,core,1.0
626,D:\Google_Germany_1\20240818_121451.jpg,2,0.20905420991926182,0.18403979238754326,0.09976931949250288,0.11007785467128027,core,1.0
627,D:\Google_Germany_1\20240818_121453.jpg,0,0.20876585928489041,0.19355536332179932,0.09746251441753172,0.10618512110726644,core,1.0
628,D:\Google_Germany_1\20240818_121454.jpg,1,0.21395617070357556,0.21366782006920415,0.10005767012687428,0.10575259515570934,core,1.0
629,D:\Google_Germany_1\20240818_121446.jpg,1,0.48471741637831606,0.5789359861591695,0.07352941176470588,0.07893598615916955,core,1.0
630,D:\Google_Germany_1\20240818_121448.jpg,1,0.4962514417531719,0.592128027681661,0.07987312572087658,0.08261245674740485,core,1.0
631,D:\Google_Germany_1\20240818_121451.jpg,0,0.48875432525951557,0.5743944636678201,0.08016147635524798,0.07958477508650519,core,1.0
632,D:\Google_Germany_1\20240818_121453.jpg,1,0.505767012687428,0.5839100346020761,0.07612456747404844,0.07396193771626297,core,1.0
633,D:\Google_Germany_1\20240818_121454.jpg,0,0.5219146482122261,0.6031574394463668,0.07612456747404844,0.07569204152249134,core,1.0
634,D:\Google_Germany_1\20240818_121446.jpg,2,0.34544405997693195,0.4902681660899654,0.08391003460207612,0.08088235294117647,core,1.0
635,D:\Google_Germany_1\20240818_121451.jpg,1,0.3494809688581315,0.5017301038062284,0.09054209919261823,0.08261245674740485,core,1.0
636,D:\Google_Germany_1\20240818_121453.jpg,2,0.3506343713956171,0.5071366782006921,0.08708189158016148,0.08001730103806229,core,1.0
637,D:\Google_Germany_1\20240818_121454.jpg,2,0.3607266435986159,0.5259515570934256,0.08823529411764706,0.08109861591695501,core,1.0
638,D:\Google_Germany_1\20240818_121448.jpg,2,0.35726643598615915,0.5149221453287197,0.08275663206459054,0.08542387543252596,core,0.2594162623087565
639,D:\Google_Germany_1\20240819_122645.jpg,0,0.4852941176470588,0.5927768166089965,0.07151095732410612,0.07201557093425605,core,0.4468606842888726
640,D:\Google_Germany_1\20240818_122538.heic,0,0.3334932821497121,0.18879757785467127,0.22792706333973128,0.16003460207612458,core,1.0
641,D:\Google_Germany_1\20240818_122544.heic,0,0.31429942418426104,0.18966262975778547,0.21976967370441458,0.15051903114186851,core,1.0
642,D:\Google_Germany_1\20240818_122547.heic,0,0.3646833013435701,0.1420847750865052,0.22936660268714013,0.16003460207612458,core,1.0
643,D:\Google_Germany_1\20240818_123255.heic,1,0.5268166089965398,0.5091170825335892,0.04476643598615917,0.1324376199616123,core,1.0
644,D:\Google_Germany_1\20240818_123301.heic,0,0.6391554702495201,0.388840830449827,0.08877159309021113,0.050389273356401386,core,1.0
645,D:\Google_Germany_1\20240818_122706.heic,0,0.3666026871401152,0.2054498269896194,0.28550863723608444,0.19290657439446368,core,1.0
646,D:\Google_Germany_1\20240818_122711.heic,0,0.277831094049904,0.2480536332179931,0.29990403071017274,0.19247404844290658,core,1.0
647,D:\Google_Germany_1\20240818_122715.heic,0,0.3450095969289827,0.2740051903114187,0.28742802303262954,0.1870674740484429,core,1.0
648,D:\Google_Germany_1\20240818_122727.heic,0,0.3637236084452975,0.3079584775086505,0.2696737044145873,0.17301038062283736,core,1.0
649,D:\Google_Germany_1\20240818_122730.heic,0,0.40786948176583493,0.2787629757785467,0.27975047984644913,0.18382352941176472,core,1.0
650,D:\Google_Germany_1\20240818_123255.heic,0,0.3830017301038062,0.6497120921305183,0.03525086505190311,0.10652591170825336,core,1.0
651,D:\Google_Germany_1\20240818_123301.heic,1,0.3584452975047985,0.4452854671280277,0.07005758157389635,0.041306228373702424,core,1.0
652,D:\Google_Germany_1\20240818_124531.jpg,0,0.30853517877739334,0.2934688581314879,0.09169550173010381,0.09558823529411764,core,1.0
653,D:\Google_Germany_1\20240818_124938.jpg,0,0.4345444059976932,0.3373702422145329,0.17416378316032297,0.18209342560553632,core,1.0
654,D:\Google_Germany_1\20240819_121652.heic,0,0.47696737044145876,0.32288062283737023,0.08349328214971209,0.04671280276816609,core,1.0
655,D:\Google_Germany_1\20240819_121815.heic,0,0.5595009596928983,0.18295847750865052,0.12092130518234165,0.07482698961937716,core,1.0
656,D:\Google_Germany_1\20240819_121824.jpg,0,0.6251441753171857,0.4163062283737024,0.05046136101499423,0.04801038062283737,core,1.0
657,D:\Google_Germany_1\20240819_122657.heic,0,0.21193771626297578,0.20681381957773512,0.03957612456747405,0.11228406909788867,core,1.0
658,D:\Google_Germany_1\20240816_150856.jpg,1,0.55325,0.8456666666666667,0.0945,0.157,core,0.2868403593699137
659,D:\Google_Germany_1\20240817_110032.heic,0,0.69425,0.22555555555555556,0.04875,0.13555555555555557,core,0.2539111773173014
660,D:\Google_Germany_1\20240819_121818.heic,0,0.6007677543186181,0.23140138408304498,0.11660268714011517,0.06639273356401384,core,0.5273085435231527
661,D:\Google_Germany_1\20240819_121934.heic,0,0.5043186180422264,0.3068771626297578,0.052783109404990404,0.03330449826989619,core,0.41251463360256624
662,D:\Google_Germany_1\20240819_131515.heic,8,0.4395053475935829,0.5307486631016043,0.21323529411764705,0.29612299465240643,core,0.3365727530585395
663,D:\Google_Germany_1\20240819_125818.jpg,0,0.5836216839677048,0.4037629757785467,0.028546712802768166,0.027249134948096887,core,1.0
664,D:\Google_Germany_1\20240819_125820.jpg,1,0.5184544405997693,0.4314446366782007,0.029988465974625143,0.030060553633217992,core,1.0
665,D:\Google_Germany_1\20240819_125821.jpg,4,0.5357554786620531,0.45350346020761245,0.026816608996539794,0.023356401384083045,core,1.0
666,D:\Google_Germany_1\20240819_125818.jpg,5,0.7350057670126874,0.39013840830449825,0.031718569780853516,0.02422145328719723,core,1.0
667,D:\Google_Germany_1\20240819_125820.jpg,3,0.7410611303344867,0.3827854671280277,0.03633217993079585,0.031141868512110725,core,1.0
668,D:\Google_Germany_1\20240819_125821.jpg,2,0.7915224913494809,0.3791089965397924,0.04411764705882353,0.038711072664359865,core,1.0
669,D:\Google_Germany_1\20240816_121630.heic,0,0.4965,0.3377777777777778,0.02575,0.07555555555555556,core,1.0
670,D:\Google_Germany_1\20240816_121633.heic,1,0.51675,0.35,0.02625,0.07777777777777778,core,1.0
671,D:\Google_Germany_1\20240816_150856.jpg,2,0.60725,0.517,0.12425,0.218,core,1.0
672,D:\Google_Germany_1\20240816_150900.jpg,2,0.591,0.492,0.1095,0.19466666666666665,core,1.0
673,D:\Google_Germany_1\20240816_150903.jpg,0,0.5775,0.4573333333333333,0.10375,0.18633333333333332,core,1.0
674,D:\Google_Germany_1\20240816_150905.jpg,1,0.5775,0.44633333333333336,0.10575,0.19066666666666668,core,1.0
675,D:\Google_Germany_1\20240817_182222.heic,0,0.45249520153550865,0.37521626297577854,0.02927063339731286,0.017084775086505192,core,1.0
676,D:\Google_Germany_1\20240817_201019.jpg,3,-0.03325,0.35,0.1845,0.305,core,1.0
677,D:\Google_Germany_1\20240818_123255.heic,3,0.4336072664359862,0.3354126679462572,0.04325259515570934,0.1343570057581574,core,1.0
678,D:\Google_Germany_1\20240818_123301.heic,2,0.45489443378119004,0.3140138408304498,0.0873320537428023,0.057742214532871976,core,1.0
679,D:\Google_Germany_1\20240819_142829.heic,1,0.5012975778546713,0.20681381957773512,0.056228373702422146,0.17994241842610365,core,1.0
680,D:\Google_Germany_1\20240819_142830.heic,1,0.5080017301038062,0.12284069097888675,0.05384948096885813,0.1828214971209213,core,1.0
681,D:\Google_Germany_1\20240819_142837.heic,1,0.35250865051903113,0.40786948176583493,0.054282006920415224,0.190978886756238,core,1.0
682,D:\Google_Germany_1\20240819_150024.heic,0,0.511996161228407,0.1948529411764706,0.051343570057581576,0.03373702422145329,core,1.0
683,D:\Google_Germany_1\20240819_150028.heic,1,0.43330134357005756,0.06704152249134948,0.0974088291746641,0.06725778546712803,core,1.0
684,D:\Google_Germany_1\20240819_155821.heic,0,0.5935828877005348,0.06316844919786097,0.0945855614973262,0.15240641711229946,core,1.0
685,D:\Google_Germany_1\20240819_155838.heic,0,0.29175,0.23222222222222222,0.0965,0.3244444444444444,core,1.0
686,D:\Google_Germany_1\20240819_155937.heic,0,0.32875,0.27166666666666667,0.07475,0.21444444444444444,core,1.0
687,D:\Google_Germany_1\20240819_155944.heic,0,0.10460652591170826,0.23767301038062283,0.6799424184261037,0.33326124567474047,core,1.0
688,D:\Google_Germany_1\20240819_160004.heic,1,0.0446257197696737,0.257136678200692,0.29510556621880996,0.21085640138408304,core,1.0
689,D:\Google_Germany_1\20240819_161321.heic,1,0.37525,0.3561111111111111,0.0275,0.07833333333333334,core,1.0
690,D:\Google_Germany_1\20240819_161323.heic,1,0.37675,0.33666666666666667,0.028,0.08222222222222222,core,1.0
691,D:\Google_Germany_1\20240819_161324.heic,0,0.37225,0.34555555555555556,0.0275,0.07777777777777778,core,1.0
692,D:\Google_Germany_1\20240819_161336.heic,0,0.4075,0.29888888888888887,0.0265,0.07666666666666666,core,1.0
693,D:\Google_Germany_1\20240819_161339.heic,0,0.41125,0.3005555555555556,0.0245,0.08222222222222222,core,1.0
694,D:\Google_Germany_1\20240819_161341.heic,1,0.396,0.31222222222222223,0.0235,0.07666666666666666,core,1.0
695,D:\Google_Germany_1\20240819_161342.heic,1,0.39025,0.31666666666666665,0.024,0.07666666666666666,core,1.0
696,D:\Google_Germany_1\20240819_161343.heic,0,0.39025,0.3227777777777778,0.02475,0.07777777777777778,core,1.0
697,D:\Google_Germany_1\20240819_161351.heic,1,0.40825,0.2861111111111111,0.024,0.07944444444444444,core,1.0
698,D:\Google_Germany_1\20240819_161352.heic,0,0.39875,0.30833333333333335,0.025,0.07888888888888888,core,1.0
699,D:\Google_Germany_1\20240819_161353.heic,0,0.39175,0.34833333333333333,0.024,0.07722222222222222,core,1.0
700,D:\Google_Germany_1\20240819_161355.heic,0,0.38125,0.34944444444444445,0.025,0.07944444444444444,core,1.0
701,D:\Google_Germany_1\20240819_161357.heic,1,0.38425,0.3788888888888889,0.027,0.08666666666666667,core,1.0
702,D:\Google_Germany_1\20240816_142312.jpg,1,0.44809688581314877,0.4329584775086505,0.06084198385236447,0.05493079584775087,core,1.0
703,D:\Google_Germany_1\20240819_121847.heic,0,0.5921305182341651,0.26600346020761245,0.09069097888675624,0.0629325259515571,core,1.0
704,D:\Google_Germany_1\20240816_150856.jpg,0,0.30075,0.7006666666666667,0.1025,0.196,core,1.0
705,D:\Google_Germany_1\20240816_150900.jpg,0,0.3105,0.703,0.09625,0.19066666666666668,core,1.0
706,D:\Google_Germany_1\20240816_150903.jpg,1,0.30825,0.6633333333333333,0.08825,0.185,core,1.0
707,D:\Google_Germany_1\20240816_150905.jpg,2,0.28775,0.679,0.0945,0.19333333333333333,core,1.0
708,D:\Google_Germany_1\20240819_161357.heic,2,0.41075,0.4816666666666667,0.02325,0.07,core,0.24887604183620882
709,D:\Google_Germany_1\20240816_150856.jpg,3,0.14425,0.037,0.18125,0.29633333333333334,core,1.0
710,D:\Google_Germany_1\20240816_150900.jpg,3,0.1665,0.037,0.166,0.28933333333333333,core,1.0
711,D:\Google_Germany_1\20240816_150903.jpg,2,0.13975,0.009333333333333334,0.17375,0.2966666666666667,core,1.0
712,D:\Google_Germany_1\20240817_104432.jpg,2,0.6046712802768166,0.3897058823529412,0.03835063437139562,0.04065743944636678,core,1.0
713,D:\Google_Germany_1\20240817_110347.jpg,0,0.09976931949250288,0.10380622837370242,0.0853517877739331,0.09104671280276816,core,1.0
714,D:\Google_Germany_1\20240817_110348.jpg,0,0.10063437139561707,0.10121107266435986,0.08650519031141868,0.09104671280276816,core,1.0
715,D:\Google_Germany_1\20240817_201019.jpg,1,0.692,0.30633333333333335,0.08075,0.13966666666666666,core,1.0
716,D:\Google_Germany_1\20240818_120430.jpg,0,0.5164359861591695,0.24416089965397925,0.07698961937716263,0.08996539792387544,core,1.0
717,D:\Google_Germany_1\20240818_120433.jpg,0,0.5467128027681661,0.2491349480968858,0.0784313725490196,0.09320934256055363,core,1.0
718,D:\Google_Germany_1\20240818_120559.jpg,0,0.4371395617070358,0.2969290657439446,0.11534025374855825,0.13992214532871972,core,1.0
719,D:\Google_Germany_1\20240818_120600.jpg,0,0.41032295271049596,0.28633217993079585,0.11735870818915801,0.14230103806228372,core,1.0
720,D:\Google_Germany_1\20240818_120914.jpg,0,0.4942329873125721,0.15441176470588236,0.08881199538638986,0.10596885813148789,core,1.0
721,D:\Google_Germany_1\20240818_120920.jpg,0,0.4400230680507497,0.12045847750865052,0.09025374855824683,0.10683391003460208,core,1.0
722,D:\Google_Germany_1\20240818_123255.heic,2,0.31055363321799306,0.07917466410748561,0.046280276816609,0.15499040307101727,core,1.0
723,D:\Google_Germany_1\20240818_123301.heic,3,0.1890595009596929,0.19636678200692043,0.0935700575815739,0.0685553633217993,core,1.0
724,D:\Google_Germany_1\20240818_125444.heic,0,0.049836601307189546,0.37459150326797386,0.2520424836601307,0.3839869281045752,core,1.0
725,D:\Google_Germany_1\20240819_131515.heic,9,0.4087566844919786,0.09525401069518717,0.19953208556149732,0.3181818181818182,core,1.0
726,D:\Google_Germany_1\20240819_142816.heic,1,0.10060160427807487,0.0962566844919786,0.2479946524064171,0.32887700534759357,core,1.0
727,D:\Google_Germany_1\20240819_142820.heic,1,0.16042780748663102,0.0999331550802139,0.22560160427807488,0.31684491978609625,core,1.0
728,D:\Google_Germany_1\20240819_155821.heic,2,0.02072192513368984,0.06417112299465241,0.20655080213903743,0.30815508021390375,core,1.0
729,D:\Google_Germany_1\20240819_155906.heic,1,0.6577540106951871,0.21056149732620322,0.21189839572192512,0.2894385026737968,core,1.0
730,D:\Google_Germany_1\20240816_182130.jpg,0,0.39100346020761245,0.13170415224913495,0.14850057670126873,0.14641003460207613,core,1.0
731,D:\Google_Germany_1\20240818_120850.jpg,0,0.3419838523644752,0.19096020761245674,0.11966551326412918,0.11916089965397923,core,1.0
732,D:\Google_Germany_1\20240818_121419.jpg,0,0.6562860438292965,0.7067474048442907,0.10063437139561707,0.10921280276816608,core,0.43816026051839196
733,D:\Google_Germany_1\20240816_182139.jpg,1,0.42416378316032294,0.1457612456747405,0.14186851211072665,0.14554498269896193,core,1.0
734,D:\Google_Germany_1\20240819_120934.heic,0,0.755278310940499,0.23918685121107267,0.09932821497120921,0.06358131487889274,core,1.0
735,D:\Google_Germany_1\20240819_121359.jpg,0,0.583044982698962,0.34104671280276816,0.08938869665513265,0.09472318339100345,core,1.0
736,D:\Google_Germany_1\20240819_121804.heic,0,0.7715930902111324,0.22448096885813149,0.0916506717850288,0.056228373702422146,core,1.0
737,D:\Google_Germany_1\20240819_121807.heic,0,0.6094049904030711,0.24091695501730104,0.10268714011516315,0.06682525951557093,core,1.0
738,D:\Google_Germany_1\20240819_121844.heic,0,0.43953934740882916,0.18728373702422146,0.10460652591170826,0.07201557093425605,core,1.0
739,D:\Google_Germany_1\20240819_123705.heic,0,0.5073529411764706,0.2514395393474088,0.026384083044982697,0.08445297504798464,core,1.0
740,D:\Google_Germany_1\20240819_125821.jpg,1,0.6000576701268743,0.40981833910034604,0.026816608996539794,0.02897923875432526,core,1.0
741,D:\Google_Germany_1\20240819_142816.heic,0,0.6176470588235294,0.35093582887700536,0.1824866310160428,0.27038770053475936,core,1.0
742,D:\Google_Germany_1\20240819_155906.heic,0,0.321524064171123,0.4966577540106952,0.16176470588235295,0.24766042780748662,core,1.0
743,D:\Google_Germany_1\20240819_122719.heic,0,0.3210172744721689,0.2504325259515571,0.04558541266794626,0.02833044982698962,core,0.22056542502509224
744,D:\Google_Germany_1\20240819_125820.jpg,0,0.5919838523644751,0.4126297577854671,0.030565167243367934,0.03092560553633218,core,0.34786478678385413
745,D:\Google_Germany_1\20240819_142820.heic,0,0.6975267379679144,0.3696524064171123,0.1895053475935829,0.2733957219251337,core,0.31764019860161674
746,D:\Google_Germany_1\20240816_195404.jpg,0,0.5605536332179931,0.4452854671280277,0.056228373702422146,0.054282006920415224,core,1.0
747,D:\Google_Germany_1\20240816_195414.jpg,0,0.5550749711649365,0.5992647058823529,0.05392156862745098,0.053200692041522495,core,1.0
748,D:\Google_Germany_1\20240816_195415.jpg,1,0.5588235294117647,0.592128027681661,0.055074971164936565,0.056012110726643596,core,1.0
749,D:\Google_Germany_1\20240816_195416.jpg,1,0.5870818915801614,0.5601211072664359,0.055651672433679356,0.05471453287197232,core,1.0
750,D:\Google_Germany_1\20240819_161930.heic,0,0.6238003838771593,0.1870674740484429,0.0916506717850288,0.0523356401384083,core,1.0
751,D:\Google_Germany_1\20240819_162006.heic,0,0.48724048442906576,0.2648752399232246,0.03503460207612457,0.10796545105566219,core,1.0
752,D:\Google_Germany_1\20240819_162010.heic,0,0.44961072664359863,0.1300383877159309,0.043036332179930796,0.1324376199616123,core,1.0
753,D:\Google_Germany_1\20240817_201019.jpg,0,0.16325,0.5196666666666667,0.07675,0.12033333333333333,core,0.28422093391418457
754,D:\Google_Germany_1\20240819_142837.heic,0,0.17884948096885814,0.5446257197696737,0.05082179930795848,0.14683301343570057,core,0.35913430319892037
755,D:\Google_Germany_1\20240819_150028.heic,0,0.4894433781190019,0.10337370242214533,0.09404990403071017,0.06358131487889274,core,0.4304113917880589
756,D:\Google_Germany_1\20240819_155838.heic,1,0.497,0.3927777777777778,0.06875,0.18333333333333332,core,0.25282716751098633
757,D:\Google_Germany_1\20240819_161343.heic,2,0.48,0.5238888888888888,0.021,0.06444444444444444,core,0.4057619571685791
758,D:\Google_Germany_1\20240816_195404.jpg,1,0.2840253748558247,0.3985726643598616,0.06862745098039216,0.0726643598615917,core,1.0
759,D:\Google_Germany_1\20240816_195414.jpg,1,0.2753748558246828,0.5663927335640139,0.06660899653979238,0.07071799307958478,core,1.0
760,D:\Google_Germany_1\20240816_195415.jpg,0,0.2889273356401384,0.5633650519031141,0.06689734717416378,0.07028546712802768,core,1.0
761,D:\Google_Germany_1\20240816_195416.jpg,0,0.29930795847750863,0.5294117647058824,0.07093425605536333,0.06920415224913495,core,1.0
762,D:\Google_Germany_1\20240817_104432.jpg,1,0.35409457900807384,0.4638840830449827,0.03863898500576701,0.04022491349480969,core,0.18772670957777238
763,D:\Google_Germany_1\20240816_195414.jpg,2,0.4835640138408305,0.5116782006920415,0.04209919261822376,0.04822664359861592,core,1.0
764,D:\Google_Germany_1\20240816_195415.jpg,2,0.49019607843137253,0.5071366782006921,0.04065743944636678,0.045631487889273355,core,1.0
765,D:\Google_Germany_1\20240816_195416.jpg,2,0.5083621683967705,0.48032006920415227,0.040369088811995385,0.04498269896193772,core,1.0
766,D:\Google_Germany_1\20240817_110027.heic,0,0.6946366782006921,0.4712092130518234,0.09429065743944637,0.16938579654510558,core,1.0
767,D:\Google_Germany_1\20240817_110347.jpg,2,0.23125720876585928,0.5129757785467128,0.10841983852364476,0.06423010380622837,core,1.0
768,D:\Google_Germany_1\20240817_110348.jpg,1,0.23500576701268744,0.5149221453287197,0.11332179930795848,0.06531141868512111,core,1.0
769,D:\Google_Germany_1\20240818_120920.jpg,1,0.47116493656286046,0.5188148788927336,0.06314878892733564,0.056012110726643596,core,1.0
770,D:\Google_Germany_1\20240818_121446.jpg,3,0.5377739331026529,0.23442906574394465,0.1052479815455594,0.11267301038062284,core,1.0
771,D:\Google_Germany_1\20240818_121448.jpg,3,0.5605536332179931,0.2435121107266436,0.10005767012687428,0.1115916955017301,core,1.0
772,D:\Google_Germany_1\20240818_121451.jpg,3,0.5576701268742791,0.2324826989619377,0.10092272202998846,0.10705017301038063,core,1.0
773,D:\Google_Germany_1\20240818_121453.jpg,3,0.5544982698961938,0.23140138408304498,0.104959630911188,0.1185121107266436,core,1.0
774,D:\Google_Germany_1\20240818_121454.jpg,3,0.5556516724336793,0.25346020761245674,0.10207612456747404,0.10964532871972318,core,1.0
775,D:\Google_Germany_1\20240818_121725.heic,0,0.6377595155709342,0.3656429942418426,0.08780276816608996,0.2562380038387716,core,1.0
776,D:\Google_Germany_1\20240818_122459.jpg,1,0.3806228373702422,0.39792387543252594,0.10755478662053057,0.13494809688581316,core,1.0
777,D:\Google_Germany_1\20240818_123255.heic,4,0.518598615916955,0.11852207293666027,0.0592560553633218,0.1785028790786948,core,1.0
778,D:\Google_Germany_1\20240819_142837.heic,2,0.6405709342560554,0.3517274472168906,0.09342560553633218,0.22888675623800384,core,1.0
779,D:\Google_Germany_1\20240818_121419.jpg,1,0.45040369088811993,0.4037629757785467,0.092560553633218,0.09645328719723184,core,1.0
780,D:\Google_Germany_1\20240818_121446.jpg,0,0.21482122260668973,0.19052768166089964,0.09948096885813149,0.11094290657439447,core,1.0
781,D:\Google_Germany_1\20240818_121448.jpg,0,0.24682814302191464,0.1894463667820069,0.09803921568627451,0.1115916955017301,core,1.0
782,D:\Google_Germany_1\20240818_121451.jpg,2,0.20905420991926182,0.18403979238754326,0.09976931949250288,0.11007785467128027,core,1.0
783,D:\Google_Germany_1\20240818_121453.jpg,0,0.20876585928489041,0.19355536332179932,0.09746251441753172,0.10618512110726644,core,1.0
784,D:\Google_Germany_1\20240818_121454.jpg,1,0.21395617070357556,0.21366782006920415,0.10005767012687428,0.10575259515570934,core,1.0
785,D:\Google_Germany_1\20240818_121446.jpg,1,0.48471741637831606,0.5789359861591695,0.07352941176470588,0.07893598615916955,core,1.0
786,D:\Google_Germany_1\20240818_121448.jpg,1,0.4962514417531719,0.592128027681661,0.07987312572087658,0.08261245674740485,core,1.0
787,D:\Google_Germany_1\20240818_121451.jpg,0,0.48875432525951557,0.5743944636678201,0.08016147635524798,0.07958477508650519,core,1.0
788,D:\Google_Germany_1\20240818_121453.jpg,1,0.505767012687428,0.5839100346020761,0.07612456747404844,0.07396193771626297,core,1.0
789,D:\Google_Germany_1\20240818_121454.jpg,0,0.5219146482122261,0.6031574394463668,0.07612456747404844,0.07569204152249134,core,1.0
790,D:\Google_Germany_1\20240818_121446.jpg,2,0.34544405997693195,0.4902681660899654,0.08391003460207612,0.08088235294117647,core,1.0
791,D:\Google_Germany_1\20240818_121451.jpg,1,0.3494809688581315,0.5017301038062284,0.09054209919261823,0.08261245674740485,core,1.0
792,D:\Google_Germany_1\20240818_121453.jpg,2,0.3506343713956171,0.5071366782006921,0.08708189158016148,0.08001730103806229,core,1.0
793,D:\Google_Germany_1\20240818_121454.jpg,2,0.3607266435986159,0.5259515570934256,0.08823529411764706,0.08109861591695501,core,1.0
794,D:\Google_Germany_1\20240818_121448.jpg,2,0.35726643598615915,0.5149221453287197,0.08275663206459054,0.08542387543252596,core,0.2594162623087565
795,D:\Google_Germany_1\20240819_122645.jpg,0,0.4852941176470588,0.5927768166089965,0.07151095732410612,0.07201557093425605,core,0.4468606842888726
796,D:\Google_Germany_1\20240818_122538.heic,0,0.3334932821497121,0.18879757785467127,0.22792706333973128,0.16003460207612458,core,1.0
797,D:\Google_Germany_1\20240818_122544.heic,0,0.31429942418426104,0.18966262975778547,0.21976967370441458,0.15051903114186851,core,1.0
798,D:\Google_Germany_1\20240818_122547.heic,0,0.3646833013435701,0.1420847750865052,0.22936660268714013,0.16003460207612458,core,1.0
799,D:\Google_Germany_1\20240818_123255.heic,1,0.5268166089965398,0.5091170825335892,0.04476643598615917,0.1324376199616123,core,1.0
800,D:\Google_Germany_1\20240818_123301.heic,0,0.6391554702495201,0.388840830449827,0.08877159309021113,0.050389273356401386,core,1.0
801,D:\Google_Germany_1\20240818_122706.heic,0,0.3666026871401152,0.2054498269896194,0.28550863723608444,0.19290657439446368,core,1.0
802,D:\Google_Germany_1\20240818_122711.heic,0,0.277831094049904,0.2480536332179931,0.29990403071017274,0.19247404844290658,core,1.0
803,D:\Google_Germany_1\20240818_122715.heic,0,0.3450095969289827,0.2740051903114187,0.28742802303262954,0.1870674740484429,core,1.0
804,D:\Google_Germany_1\20240818_122727.heic,0,0.3637236084452975,0.3079584775086505,0.2696737044145873,0.17301038062283736,core,1.0
805,D:\Google_Germany_1\20240818_122730.heic,0,0.40786948176583493,0.2787629757785467,0.27975047984644913,0.18382352941176472,core,1.0
806,D:\Google_Germany_1\20240818_123255.heic,0,0.3830017301038062,0.6497120921305183,0.03525086505190311,0.10652591170825336,core,1.0
807,D:\Google_Germany_1\20240818_123301.heic,1,0.3584452975047985,0.4452854671280277,0.07005758157389635,0.041306228373702424,core,1.0
808,D:\Google_Germany_1\20240818_124531.jpg,0,0.30853517877739334,0.2934688581314879,0.09169550173010381,0.09558823529411764,core,1.0
809,D:\Google_Germany_1\20240818_124938.jpg,0,0.4345444059976932,0.3373702422145329,0.17416378316032297,0.18209342560553632,core,1.0
810,D:\Google_Germany_1\20240819_121652.heic,0,0.47696737044145876,0.32288062283737023,0.08349328214971209,0.04671280276816609,core,1.0
811,D:\Google_Germany_1\20240819_121815.heic,0,0.5595009596928983,0.18295847750865052,0.12092130518234165,0.07482698961937716,core,1.0
812,D:\Google_Germany_1\20240819_121824.jpg,0,0.6251441753171857,0.4163062283737024,0.05046136101499423,0.04801038062283737,core,1.0
813,D:\Google_Germany_1\20240819_122657.heic,0,0.21193771626297578,0.20681381957773512,0.03957612456747405,0.11228406909788867,core,1.0
814,D:\Google_Germany_1\20240816_150856.jpg,1,0.55325,0.8456666666666667,0.0945,0.157,core,0.2868403593699137
815,D:\Google_Germany_1\20240817_110032.heic,0,0.69425,0.22555555555555556,0.04875,0.13555555555555557,core,0.2539111773173014
816,D:\Google_Germany_1\20240819_121818.heic,0,0.6007677543186181,0.23140138408304498,0.11660268714011517,0.06639273356401384,core,0.5273085435231527
817,D:\Google_Germany_1\20240819_121934.heic,0,0.5043186180422264,0.3068771626297578,0.052783109404990404,0.03330449826989619,core,0.41251463360256624
818,D:\Google_Germany_1\20240819_131515.heic,8,0.4395053475935829,0.5307486631016043,0.21323529411764705,0.29612299465240643,core,0.3365727530585395
819,D:\Google_Germany_1\20240819_125818.jpg,0,0.5836216839677048,0.4037629757785467,0.028546712802768166,0.027249134948096887,core,1.0
820,D:\Google_Germany_1\20240819_125820.jpg,1,0.5184544405997693,0.4314446366782007,0.029988465974625143,0.030060553633217992,core,1.0
821,D:\Google_Germany_1\20240819_125821.jpg,4,0.5357554786620531,0.45350346020761245,0.026816608996539794,0.023356401384083045,core,1.0
822,D:\Google_Germany_1\20240819_125818.jpg,5,0.7350057670126874,0.39013840830449825,0.031718569780853516,0.02422145328719723,core,1.0
823,D:\Google_Germany_1\20240819_125820.jpg,3,0.7410611303344867,0.3827854671280277,0.03633217993079585,0.031141868512110725,core,1.0
824,D:\Google_Germany_1\20240819_125821.jpg,2,0.7915224913494809,0.3791089965397924,0.04411764705882353,0.038711072664359865,core,1.0
825,D:\Google_Germany_1\20240816_121630.heic,0,0.4965,0.3377777777777778,0.02575,0.07555555555555556,core,1.0
826,D:\Google_Germany_1\20240816_121633.heic,1,0.51675,0.35,0.02625,0.07777777777777778,core,1.0
827,D:\Google_Germany_1\20240816_150856.jpg,2,0.60725,0.517,0.12425,0.218,core,1.0
828,D:\Google_Germany_1\20240816_150900.jpg,2,0.591,0.492,0.1095,0.19466666666666665,core,1.0
829,D:\Google_Germany_1\20240816_150903.jpg,0,0.5775,0.4573333333333333,0.10375,0.18633333333333332,core,1.0
830,D:\Google_Germany_1\20240816_150905.jpg,1,0.5775,0.44633333333333336,0.10575,0.19066666666666668,core,1.0
831,D:\Google_Germany_1\20240817_182222.heic,0,0.45249520153550865,0.37521626297577854,0.02927063339731286,0.017084775086505192,core,1.0
832,D:\Google_Germany_1\20240817_201019.jpg,3,-0.03325,0.35,0.1845,0.305,core,1.0
833,D:\Google_Germany_1\20240818_123255.heic,3,0.4336072664359862,0.3354126679462572,0.04325259515570934,0.1343570057581574,core,1.0
834,D:\Google_Germany_1\20240818_123301.heic,2,0.45489443378119004,0.3140138408304498,0.0873320537428023,0.057742214532871976,core,1.0
835,D:\Google_Germany_1\20240819_142829.heic,1,0.5012975778546713,0.20681381957773512,0.056228373702422146,0.17994241842610365,core,1.0
836,D:\Google_Germany_1\20240819_142830.heic,1,0.5080017301038062,0.12284069097888675,0.05384948096885813,0.1828214971209213,core,1.0
837,D:\Google_Germany_1\20240819_142837.heic,1,0.35250865051903113,0.40786948176583493,0.054282006920415224,0.190978886756238,core,1.0
838,D:\Google_Germany_1\20240819_150024.heic,0,0.511996161228407,0.1948529411764706,0.051343570057581576,0.03373702422145329,core,1.0
839,D:\Google_Germany_1\20240819_150028.heic,1,0.43330134357005756,0.06704152249134948,0.0974088291746641,0.06725778546712803,core,1.0
840,D:\Google_Germany_1\20240819_155821.heic,0,0.5935828877005348,0.06316844919786097,0.0945855614973262,0.15240641711229946,core,1.0
841,D:\Google_Germany_1\20240819_155838.heic,0,0.29175,0.23222222222222222,0.0965,0.3244444444444444,core,1.0
842,D:\Google_Germany_1\20240819_155937.heic,0,0.32875,0.27166666666666667,0.07475,0.21444444444444444,core,1.0
843,D:\Google_Germany_1\20240819_155944.heic,0,0.10460652591170826,0.23767301038062283,0.6799424184261037,0.33326124567474047,core,1.0
844,D:\Google_Germany_1\20240819_160004.heic,1,0.0446257197696737,0.257136678200692,0.29510556621880996,0.21085640138408304,core,1.0
845,D:\Google_Germany_1\20240819_161321.heic,1,0.37525,0.3561111111111111,0.0275,0.07833333333333334,core,1.0
846,D:\Google_Germany_1\20240819_161323.heic,1,0.37675,0.33666666666666667,0.028,0.08222222222222222,core,1.0
847,D:\Google_Germany_1\20240819_161324.heic,0,0.37225,0.34555555555555556,0.0275,0.07777777777777778,core,1.0
848,D:\Google_Germany_1\20240819_161336.heic,0,0.4075,0.29888888888888887,0.0265,0.07666666666666666,core,1.0
849,D:\Google_Germany_1\20240819_161339.heic,0,0.41125,0.3005555555555556,0.0245,0.08222222222222222,core,1.0
850,D:\Google_Germany_1\20240819_161341.heic,1,0.396,0.31222222222222223,0.0235,0.07666666666666666,core,1.0
851,D:\Google_Germany_1\20240819_161342.heic,1,0.39025,0.31666666666666665,0.024,0.07666666666666666,core,1.0
852,D:\Google_Germany_1\20240819_161343.heic,0,0.39025,0.3227777777777778,0.02475,0.07777777777777778,core,1.0
853,D:\Google_Germany_1\20240819_161351.heic,1,0.40825,0.2861111111111111,0.024,0.07944444444444444,core,1.0
854,D:\Google_Germany_1\20240819_161352.heic,0,0.39875,0.30833333333333335,0.025,0.07888888888888888,core,1.0
855,D:\Google_Germany_1\20240819_161353.heic,0,0.39175,0.34833333333333333,0.024,0.07722222222222222,core,1.0
856,D:\Google_Germany_1\20240819_161355.heic,0,0.38125,0.34944444444444445,0.025,0.07944444444444444,core,1.0
857,D:\Google_Germany_1\20240819_161357.heic,1,0.38425,0.3788888888888889,0.027,0.08666666666666667,core,1.0
858,D:\Google_Germany_1\20240816_142312.jpg,1,0.44809688581314877,0.4329584775086505,0.06084198385236447,0.05493079584775087,core,1.0
859,D:\Google_Germany_1\20240819_121847.heic,0,0.5921305182341651,0.26600346020761245,0.09069097888675624,0.0629325259515571,core,1.0
860,D:\Google_Germany_1\20240816_150856.jpg,0,0.30075,0.7006666666666667,0.1025,0.196,core,1.0
861,D:\Google_Germany_1\20240816_150900.jpg,0,0.3105,0.703,0.09625,0.19066666666666668,core,1.0
862,D:\Google_Germany_1\20240816_150903.jpg,1,0.30825,0.6633333333333333,0.08825,0.185,core,1.0
863,D:\Google_Germany_1\20240816_150905.jpg,2,0.28775,0.679,0.0945,0.19333333333333333,core,1.0
864,D:\Google_Germany_1\20240819_161357.heic,2,0.41075,0.4816666666666667,0.02325,0.07,core,0.24887604183620882
865,D:\Google_Germany_1\20240816_150856.jpg,3,0.14425,0.037,0.18125,0.29633333333333334,core,1.0
866,D:\Google_Germany_1\20240816_150900.jpg,3,0.1665,0.037,0.166,0.28933333333333333,core,1.0
867,D:\Google_Germany_1\20240816_150903.jpg,2,0.13975,0.009333333333333334,0.17375,0.2966666666666667,core,1.0
868,D:\Google_Germany_1\20240817_104432.jpg,2,0.6046712802768166,0.3897058823529412,0.03835063437139562,0.04065743944636678,core,1.0
869,D:\Google_Germany_1\20240817_110347.jpg,0,0.09976931949250288,0.10380622837370242,0.0853517877739331,0.09104671280276816,core,1.0
870,D:\Google_Germany_1\20240817_110348.jpg,0,0.10063437139561707,0.10121107266435986,0.08650519031141868,0.09104671280276816,core,1.0
871,D:\Google_Germany_1\20240817_201019.jpg,1,0.692,0.30633333333333335,0.08075,0.13966666666666666,core,1.0
872,D:\Google_Germany_1\20240818_120430.jpg,0,0.5164359861591695,0.24416089965397925,0.07698961937716263,0.08996539792387544,core,1.0
873,D:\Google_Germany_1\20240818_120433.jpg,0,0.5467128027681661,0.2491349480968858,0.0784313725490196,0.09320934256055363,core,1.0
874,D:\Google_Germany_1\20240818_120559.jpg,0,0.4371395617070358,0.2969290657439446,0.11534025374855825,0.13992214532871972,core,1.0
875,D:\Google_Germany_1\20240818_120600.jpg,0,0.41032295271049596,0.28633217993079585,0.11735870818915801,0.14230103806228372,core,1.0
876,D:\Google_Germany_1\20240818_120914.jpg,0,0.4942329873125721,0.15441176470588236,0.08881199538638986,0.10596885813148789,core,1.0
877,D:\Google_Germany_1\20240818_120920.jpg,0,0.4400230680507497,0.12045847750865052,0.09025374855824683,0.10683391003460208,core,1.0
878,D:\Google_Germany_1\20240818_123255.heic,2,0.31055363321799306,0.07917466410748561,0.046280276816609,0.15499040307101727,core,1.0
879,D:\Google_Germany_1\20240818_123301.heic,3,0.1890595009596929,0.19636678200692043,0.0935700575815739,0.0685553633217993,core,1.0
880,D:\Google_Germany_1\20240818_125444.heic,0,0.049836601307189546,0.37459150326797386,0.2520424836601307,0.3839869281045752,core,1.0
881,D:\Google_Germany_1\20240819_131515.heic,9,0.4087566844919786,0.09525401069518717,0.19953208556149732,0.3181818181818182,core,1.0
882,D:\Google_Germany_1\20240819_142816.heic,1,0.10060160427807487,0.0962566844919786,0.2479946524064171,0.32887700534759357,core,1.0
883,D:\Google_Germany_1\20240819_142820.heic,1,0.16042780748663102,0.0999331550802139,0.22560160427807488,0.31684491978609625,core,1.0
884,D:\Google_Germany_1\20240819_155821.heic,2,0.02072192513368984,0.06417112299465241,0.20655080213903743,0.30815508021390375,core,1.0
885,D:\Google_Germany_1\20240819_155906.heic,1,0.6577540106951871,0.21056149732620322,0.21189839572192512,0.2894385026737968,core,1.0
886,D:\Google_Germany_1\20240816_182130.jpg,0,0.39100346020761245,0.13170415224913495,0.14850057670126873,0.14641003460207613,core,1.0
887,D:\Google_Germany_1\20240818_120850.jpg,0,0.3419838523644752,0.19096020761245674,0.11966551326412918,0.11916089965397923,core,1.0
888,D:\Google_Germany_1\20240818_121419.jpg,0,0.6562860438292965,0.7067474048442907,0.10063437139561707,0.10921280276816608,core,0.43816026051839196
889,D:\Google_Germany_1\20240816_182139.jpg,1,0.42416378316032294,0.1457612456747405,0.14186851211072665,0.14554498269896193,core,1.0
890,D:\Google_Germany_1\20240819_120934.heic,0,0.755278310940499,0.23918685121107267,0.09932821497120921,0.06358131487889274,core,1.0
891,D:\Google_Germany_1\20240819_121359.jpg,0,0.583044982698962,0.34104671280276816,0.08938869665513265,0.09472318339100345,core,1.0
892,D:\Google_Germany_1\20240819_121804.heic,0,0.7715930902111324,0.22448096885813149,0.0916506717850288,0.056228373702422146,core,1.0
893,D:\Google_Germany_1\20240819_121807.heic,0,0.6094049904030711,0.24091695501730104,0.10268714011516315,0.06682525951557093,core,1.0
894,D:\Google_Germany_1\20240819_121844.heic,0,0.43953934740882916,0.18728373702422146,0.10460652591170826,0.07201557093425605,core,1.0
895,D:\Google_Germany_1\20240819_123705.heic,0,0.5073529411764706,0.2514395393474088,0.026384083044982697,0.08445297504798464,core,1.0
896,D:\Google_Germany_1\20240819_125821.jpg,1,0.6000576701268743,0.40981833910034604,0.026816608996539794,0.02897923875432526,core,1.0
897,D:\Google_Germany_1\20240819_142816.heic,0,0.6176470588235294,0.35093582887700536,0.1824866310160428,0.27038770053475936,core,1.0
898,D:\Google_Germany_1\20240819_155906.heic,0,0.321524064171123,0.4966577540106952,0.16176470588235295,0.24766042780748662,core,1.0
899,D:\Google_Germany_1\20240819_122719.heic,0,0.3210172744721689,0.2504325259515571,0.04558541266794626,0.02833044982698962,core,0.22056542502509224
900,D:\Google_Germany_1\20240819_125820.jpg,0,0.5919838523644751,0.4126297577854671,0.030565167243367934,0.03092560553633218,core,0.34786478678385413
901,D:\Google_Germany_1\20240819_142820.heic,0,0.6975267379679144,0.3696524064171123,0.1895053475935829,0.2733957219251337,core,0.31764019860161674
902,D:\Google_Germany_1\20240816_195404.jpg,0,0.5605536332179931,0.4452854671280277,0.056228373702422146,0.054282006920415224,core,1.0
903,D:\Google_Germany_1\20240816_195414.jpg,0,0.5550749711649365,0.5992647058823529,0.05392156862745098,0.053200692041522495,core,1.0
904,D:\Google_Germany_1\20240816_195415.jpg,1,0.5588235294117647,0.592128027681661,0.055074971164936565,0.056012110726643596,core,1.0
905,D:\Google_Germany_1\20240816_195416.jpg,1,0.5870818915801614,0.5601211072664359,0.055651672433679356,0.05471453287197232,core,1.0
906,D:\Google_Germany_1\20240819_161930.heic,0,0.6238003838771593,0.1870674740484429,0.0916506717850288,0.0523356401384083,core,1.0
907,D:\Google_Germany_1\20240819_162006.heic,0,0.48724048442906576,0.2648752399232246,0.03503460207612457,0.10796545105566219,core,1.0
908,D:\Google_Germany_1\20240819_162010.heic,0,0.44961072664359863,0.1300383877159309,0.043036332179930796,0.1324376199616123,core,1.0
909,D:\Google_Germany_1\20240817_201019.jpg,0,0.16325,0.5196666666666667,0.07675,0.12033333333333333,core,0.28422093391418457
910,D:\Google_Germany_1\20240819_142837.heic,0,0.17884948096885814,0.5446257197696737,0.05082179930795848,0.14683301343570057,core,0.35913430319892037
911,D:\Google_Germany_1\20240819_150028.heic,0,0.4894433781190019,0.10337370242214533,0.09404990403071017,0.06358131487889274,core,0.4304113917880589
912,D:\Google_Germany_1\20240819_155838.heic,1,0.497,0.3927777777777778,0.06875,0.18333333333333332,core,0.25282716751098633
913,D:\Google_Germany_1\20240819_161343.heic,2,0.48,0.5238888888888888,0.021,0.06444444444444444,core,0.4057619571685791
914,D:\Google_Germany_1\20240816_195404.jpg,1,0.2840253748558247,0.3985726643598616,0.06862745098039216,0.0726643598615917,core,1.0
915,D:\Google_Germany_1\20240816_195414.jpg,1,0.2753748558246828,0.5663927335640139,0.06660899653979238,0.07071799307958478,core,1.0
916,D:\Google_Germany_1\20240816_195415.jpg,0,0.2889273356401384,0.5633650519031141,0.06689734717416378,0.07028546712802768,core,1.0
917,D:\Google_Germany_1\20240816_195416.jpg,0,0.29930795847750863,0.5294117647058824,0.07093425605536333,0.06920415224913495,core,1.0
918,D:\Google_Germany_1\20240817_104432.jpg,1,0.35409457900807384,0.4638840830449827,0.03863898500576701,0.04022491349480969,core,0.18772670957777238
919,D:\Google_Germany_1\20240816_195414.jpg,2,0.4835640138408305,0.5116782006920415,0.04209919261822376,0.04822664359861592,core,1.0
920,D:\Google_Germany_1\20240816_195415.jpg,2,0.49019607843137253,0.5071366782006921,0.04065743944636678,0.045631487889273355,core,1.0
921,D:\Google_Germany_1\20240816_195416.jpg,2,0.5083621683967705,0.48032006920415227,0.040369088811995385,0.04498269896193772,core,1.0
922,D:\Google_Germany_1\20240817_110027.heic,0,0.6946366782006921,0.4712092130518234,0.09429065743944637,0.16938579654510558,core,1.0
923,D:\Google_Germany_1\20240817_110347.jpg,2,0.23125720876585928,0.5129757785467128,0.10841983852364476,0.06423010380622837,core,1.0
924,D:\Google_Germany_1\20240817_110348.jpg,1,0.23500576701268744,0.5149221453287197,0.11332179930795848,0.06531141868512111,core,1.0
925,D:\Google_Germany_1\20240818_120920.jpg,1,0.47116493656286046,0.5188148788927336,0.06314878892733564,0.056012110726643596,core,1.0
926,D:\Google_Germany_1\20240818_121446.jpg,3,0.5377739331026529,0.23442906574394465,0.1052479815455594,0.11267301038062284,core,1.0
927,D:\Google_Germany_1\20240818_121448.jpg,3,0.5605536332179931,0.2435121107266436,0.10005767012687428,0.1115916955017301,core,1.0
928,D:\Google_Germany_1\20240818_121451.jpg,3,0.5576701268742791,0.2324826989619377,0.10092272202998846,0.10705017301038063,core,1.0
929,D:\Google_Germany_1\20240818_121453.jpg,3,0.5544982698961938,0.23140138408304498,0.104959630911188,0.1185121107266436,core,1.0
930,D:\Google_Germany_1\20240818_121454.jpg,3,0.5556516724336793,0.25346020761245674,0.10207612456747404,0.10964532871972318,core,1.0
931,D:\Google_Germany_1\20240818_121725.heic,0,0.6377595155709342,0.3656429942418426,0.08780276816608996,0.2562380038387716,core,1.0
932,D:\Google_Germany_1\20240818_122459.jpg,1,0.3806228373702422,0.39792387543252594,0.10755478662053057,0.13494809688581316,core,1.0
933,D:\Google_Germany_1\20240818_123255.heic,4,0.518598615916955,0.11852207293666027,0.0592560553633218,0.1785028790786948,core,1.0
934,D:\Google_Germany_1\20240819_142837.heic,2,0.6405709342560554,0.3517274472168906,0.09342560553633218,0.22888675623800384,core,1.0
935,D:\Google_Germany_1\20240818_121419.jpg,1,0.45040369088811993,0.4037629757785467,0.092560553633218,0.09645328719723184,core,1.0
936,D:\Google_Germany_1\20240818_121446.jpg,0,0.21482122260668973,0.19052768166089964,0.09948096885813149,0.11094290657439447,core,1.0
937,D:\Google_Germany_1\20240818_121448.jpg,0,0.24682814302191464,0.1894463667820069,0.09803921568627451,0.1115916955017301,core,1.0
938,D:\Google_Germany_1\20240818_121451.jpg,2,0.20905420991926182,0.18403979238754326,0.09976931949250288,0.11007785467128027,core,1.0
939,D:\Google_Germany_1\20240818_121453.jpg,0,0.20876585928489041,0.19355536332179932,0.09746251441753172,0.10618512110726644,core,1.0
940,D:\Google_Germany_1\20240818_121454.jpg,1,0.21395617070357556,0.21366782006920415,0.10005767012687428,0.10575259515570934,core,1.0
941,D:\Google_Germany_1\20240818_121446.jpg,1,0.48471741637831606,0.5789359861591695,0.07352941176470588,0.07893598615916955,core,1.0
942,D:\Google_Germany_1\20240818_121448.jpg,1,0.4962514417531719,0.592128027681661,0.07987312572087658,0.08261245674740485,core,1.0
943,D:\Google_Germany_1\20240818_121451.jpg,0,0.48875432525951557,0.5743944636678201,0.08016147635524798,0.07958477508650519,core,1.0
944,D:\Google_Germany_1\20240818_121453.jpg,1,0.505767012687428,0.5839100346020761,0.07612456747404844,0.07396193771626297,core,1.0
945,D:\Google_Germany_1\20240818_121454.jpg,0,0.5219146482122261,0.6031574394463668,0.07612456747404844,0.07569204152249134,core,1.0
946,D:\Google_Germany_1\20240818_121446.jpg,2,0.34544405997693195,0.4902681660899654,0.08391003460207612,0.08088235294117647,core,1.0
947,D:\Google_Germany_1\20240818_121451.jpg,1,0.3494809688581315,0.5017301038062284,0.09054209919261823,0.08261245674740485,core,1.0
948,D:\Google_Germany_1\20240818_121453.jpg,2,0.3506343713956171,0.5071366782006921,0.08708189158016148,0.08001730103806229,core,1.0
949,D:\Google_Germany_1\20240818_121454.jpg,2,0.3607266435986159,0.5259515570934256,0.08823529411764706,0.08109861591695501,core,1.0
950,D:\Google_Germany_1\20240818_121448.jpg,2,0.35726643598615915,0.5149221453287197,0.08275663206459054,0.08542387543252596,core,0.2594162623087565
951,D:\Google_Germany_1\20240819_122645.jpg,0,0.4852941176470588,0.5927768166089965,0.07151095732410612,0.07201557093425605,core,0.4468606842888726
952,D:\Google_Germany_1\20240818_122538.heic,0,0.3334932821497121,0.18879757785467127,0.22792706333973128,0.16003460207612458,core,1.0
953,D:\Google_Germany_1\20240818_122544.heic,0,0.31429942418426104,0.18966262975778547,0.21976967370441458,0.15051903114186851,core,1.0
954,D:\Google_Germany_1\20240818_122547.heic,0,0.3646833013435701,0.1420847750865052,0.22936660268714013,0.16003460207612458,core,1.0
955,D:\Google_Germany_1\20240818_123255.heic,1,0.5268166089965398,0.5091170825335892,0.04476643598615917,0.1324376199616123,core,1.0
956,D:\Google_Germany_1\20240818_123301.heic,0,0.6391554702495201,0.388840830449827,0.08877159309021113,0.050389273356401386,core,1.0
957,D:\Google_Germany_1\20240818_122706.heic,0,0.3666026871401152,0.2054498269896194,0.28550863723608444,0.19290657439446368,core,1.0
958,D:\Google_Germany_1\20240818_122711.heic,0,0.277831094049904,0.2480536332179931,0.29990403071017274,0.19247404844290658,core,1.0
959,D:\Google_Germany_1\20240818_122715.heic,0,0.3450095969289827,0.2740051903114187,0.28742802303262954,0.1870674740484429,core,1.0
960,D:\Google_Germany_1\20240818_122727.heic,0,0.3637236084452975,0.3079584775086505,0.2696737044145873,0.17301038062283736,core,1.0
961,D:\Google_Germany_1\20240818_122730.heic,0,0.40786948176583493,0.2787629757785467,0.27975047984644913,0.18382352941176472,core,1.0
962,D:\Google_Germany_1\20240818_123255.heic,0,0.3830017301038062,0.6497120921305183,0.03525086505190311,0.10652591170825336,core,1.0
963,D:\Google_Germany_1\20240818_123301.heic,1,0.3584452975047985,0.4452854671280277,0.07005758157389635,0.041306228373702424,core,1.0
964,D:\Google_Germany_1\20240818_124531.jpg,0,0.30853517877739334,0.2934688581314879,0.09169550173010381,0.09558823529411764,core,1.0
965,D:\Google_Germany_1\20240818_124938.jpg,0,0.4345444059976932,0.3373702422145329,0.17416378316032297,0.18209342560553632,core,1.0
966,D:\Google_Germany_1\20240819_121652.heic,0,0.47696737044145876,0.32288062283737023,0.08349328214971209,0.04671280276816609,core,1.0
967,D:\Google_Germany_1\20240819_121815.heic,0,0.5595009596928983,0.18295847750865052,0.12092130518234165,0.07482698961937716,core,1.0
968,D:\Google_Germany_1\20240819_121824.jpg,0,0.6251441753171857,0.4163062283737024,0.05046136101499423,0.04801038062283737,core,1.0
969,D:\Google_Germany_1\20240819_122657.heic,0,0.21193771626297578,0.20681381957773512,0.03957612456747405,0.11228406909788867,core,1.0
970,D:\Google_Germany_1\20240816_150856.jpg,1,0.55325,0.8456666666666667,0.0945,0.157,core,0.2868403593699137
971,D:\Google_Germany_1\20240817_110032.heic,0,0.69425,0.22555555555555556,0.04875,0.13555555555555557,core,0.2539111773173014
972,D:\Google_Germany_1\20240819_121818.heic,0,0.6007677543186181,0.23140138408304498,0.11660268714011517,0.06639273356401384,core,0.5273085435231527
973,D:\Google_Germany_1\20240819_121934.heic,0,0.5043186180422264,0.3068771626297578,0.052783109404990404,0.03330449826989619,core,0.41251463360256624
974,D:\Google_Germany_1\20240819_131515.heic,8,0.4395053475935829,0.5307486631016043,0.21323529411764705,0.29612299465240643,core,0.3365727530585395
975,D:\Google_Germany_1\20240819_125818.jpg,0,0.5836216839677048,0.4037629757785467,0.028546712802768166,0.027249134948096887,core,1.0
976,D:\Google_Germany_1\20240819_125820.jpg,1,0.5184544405997693,0.4314446366782007,0.029988465974625143,0.030060553633217992,core,1.0
977,D:\Google_Germany_1\20240819_125821.jpg,4,0.5357554786620531,0.45350346020761245,0.026816608996539794,0.023356401384083045,core,1.0
978,D:\Google_Germany_1\20240819_125818.jpg,5,0.7350057670126874,0.39013840830449825,0.031718569780853516,0.02422145328719723,core,1.0
979,D:\Google_Germany_1\20240819_125820.jpg,3,0.7410611303344867,0.3827854671280277,0.03633217993079585,0.031141868512110725,core,1.0
980,D:\Google_Germany_1\20240819_125821.jpg,2,0.7915224913494809,0.3791089965397924,0.04411764705882353,0.038711072664359865,core,1.0
981,D:\Google_Germany_1\20240816_121630.heic,0,0.4965,0.3377777777777778,0.02575,0.07555555555555556,core,1.0
982,D:\Google_Germany_1\20240816_121633.heic,1,0.51675,0.35,0.02625,0.07777777777777778,core,1.0
983,D:\Google_Germany_1\20240816_150856.jpg,2,0.60725,0.517,0.12425,0.218,core,1.0
984,D:\Google_Germany_1\20240816_150900.jpg,2,0.591,0.492,0.1095,0.19466666666666665,core,1.0
985,D:\Google_Germany_1\20240816_150903.jpg,0,0.5775,0.4573333333333333,0.10375,0.18633333333333332,core,1.0
986,D:\Google_Germany_1\20240816_150905.jpg,1,0.5775,0.44633333333333336,0.10575,0.19066666666666668,core,1.0
987,D:\Google_Germany_1\20240817_182222.heic,0,0.45249520153550865,0.37521626297577854,0.02927063339731286,0.017084775086505192,core,1.0
988,D:\Google_Germany_1\20240817_201019.jpg,3,-0.03325,0.35,0.1845,0.305,core,1.0
989,D:\Google_Germany_1\20240818_123255.heic,3,0.4336072664359862,0.3354126679462572,0.04325259515570934,0.1343570057581574,core,1.0
990,D:\Google_Germany_1\20240818_123301.heic,2,0.45489443378119004,0.3140138408304498,0.0873320537428023,0.057742214532871976,core,1.0
991,D:\Google_Germany_1\20240819_142829.heic,1,0.5012975778546713,0.20681381957773512,0.056228373702422146,0.17994241842610365,core,1.0
992,D:\Google_Germany_1\20240819_142830.heic,1,0.5080017301038062,0.12284069097888675,0.05384948096885813,0.1828214971209213,core,1.0
993,D:\Google_Germany_1\20240819_142837.heic,1,0.35250865051903113,0.40786948176583493,0.054282006920415224,0.190978886756238,core,1.0
994,D:\Google_Germany_1\20240819_150024.heic,0,0.511996161228407,0.1948529411764706,0.051343570057581576,0.03373702422145329,core,1.0
995,D:\Google_Germany_1\20240819_150028.heic,1,0.43330134357005756,0.06704152249134948,0.0974088291746641,0.06725778546712803,core,1.0
996,D:\Google_Germany_1\20240819_155821.heic,0,0.5935828877005348,0.06316844919786097,0.0945855614973262,0.15240641711229946,core,1.0
997,D:\Google_Germany_1\20240819_155838.heic,0,0.29175,0.23222222222222222,0.0965,0.3244444444444444,core,1.0
998,D:\Google_Germany_1\20240819_155937.heic,0,0.32875,0.27166666666666667,0.07475,0.21444444444444444,core,1.0
999,D:\Google_Germany_1\20240819_155944.heic,0,0.10460652591170826,0.23767301038062283,0.6799424184261037,0.33326124567474047,core,1.0
1000,D:\Google_Germany_1\20240819_160004.heic,1,0.0446257197696737,0.257136678200692,0.29510556621880996,0.21085640138408304,core,1.0
1001,D:\Google_Germany_1\20240819_161321.heic,1,0.37525,0.3561111111111111,0.0275,0.07833333333333334,core,1.0
1002,D:\Google_Germany_1\20240819_161323.heic,1,0.37675,0.33666666666666667,0.028,0.08222222222222222,core,1.0
1003,D:\Google_Germany_1\20240819_161324.heic,0,0.37225,0.34555555555555556,0.0275,0.07777777777777778,core,1.0
1004,D:\Google_Germany_1\20240819_161336.heic,0,0.4075,0.29888888888888887,0.0265,0.07666666666666666,core,1.0
1005,D:\Google_Germany_1\20240819_161339.heic,0,0.41125,0.3005555555555556,0.0245,0.08222222222222222,core,1.0
1006,D:\Google_Germany_1\20240819_161341.heic,1,0.396,0.31222222222222223,0.0235,0.07666666666666666,core,1.0
1007,D:\Google_Germany_1\20240819_161342.heic,1,0.39025,0.31666666666666665,0.024,0.07666666666666666,core,1.0
1008,D:\Google_Germany_1\20240819_161343.heic,0,0.39025,0.3227777777777778,0.02475,0.07777777777777778,core,1.0
1009,D:\Google_Germany_1\20240819_161351.heic,1,0.40825,0.2861111111111111,0.024,0.07944444444444444,core,1.0
1010,D:\Google_Germany_1\20240819_161352.heic,0,0.39875,0.30833333333333335,0.025,0.07888888888888888,core,1.0
1011,D:\Google_Germany_1\20240819_161353.heic,0,0.39175,0.34833333333333333,0.024,0.07722222222222222,core,1.0
1012,D:\Google_Germany_1\20240819_161355.heic,0,0.38125,0.34944444444444445,0.025,0.07944444444444444,core,1.0
1013,D:\Google_Germany_1\20240819_161357.heic,1,0.38425,0.3788888888888889,0.027,0.08666666666666667,core,1.0
1014,D:\Google_Germany_1\20240816_142312.jpg,1,0.44809688581314877,0.4329584775086505,0.06084198385236447,0.05493079584775087,core,1.0
1015,D:\Google_Germany_1\20240819_121847.heic,0,0.5921305182341651,0.26600346020761245,0.09069097888675624,0.0629325259515571,core,1.0
1016,D:\Google_Germany_1\20240816_150856.jpg,0,0.30075,0.7006666666666667,0.1025,0.196,core,1.0
1017,D:\Google_Germany_1\20240816_150900.jpg,0,0.3105,0.703,0.09625,0.19066666666666668,core,1.0
1018,D:\Google_Germany_1\20240816_150903.jpg,1,0.30825,0.6633333333333333,0.08825,0.185,core,1.0
1019,D:\Google_Germany_1\20240816_150905.jpg,2,0.28775,0.679,0.0945,0.19333333333333333,core,1.0
1020,D:\Google_Germany_1\20240819_161357.heic,2,0.41075,0.4816666666666667,0.02325,0.07,core,0.24887604183620882
1021,D:\Google_Germany_1\20240816_150856.jpg,3,0.14425,0.037,0.18125,0.29633333333333334,core,1.0
1022,D:\Google_Germany_1\20240816_150900.jpg,3,0.1665,0.037,0.166,0.28933333333333333,core,1.0
1023,D:\Google_Germany_1\20240816_150903.jpg,2,0.13975,0.009333333333333334,0.17375,0.2966666666666667,core,1.0
1024,D:\Google_Germany_1\20240817_104432.jpg,2,0.6046712802768166,0.3897058823529412,0.03835063437139562,0.04065743944636678,core,1.0
1025,D:\Google_Germany_1\20240817_110347.jpg,0,0.09976931949250288,0.10380622837370242,0.0853517877739331,0.09104671280276816,core,1.0
1026,D:\Google_Germany_1\20240817_110348.jpg,0,0.10063437139561707,0.10121107266435986,0.08650519031141868,0.09104671280276816,core,1.0
1027,D:\Google_Germany_1\20240817_201019.jpg,1,0.692,0.30633333333333335,0.08075,0.13966666666666666,core,1.0
1028,D:\Google_Germany_1\20240818_120430.jpg,0,0.5164359861591695,0.24416089965397925,0.07698961937716263,0.08996539792387544,core,1.0
1029,D:\Google_Germany_1\20240818_120433.jpg,0,0.5467128027681661,0.2491349480968858,0.0784313725490196,0.09320934256055363,core,1.0
1030,D:\Google_Germany_1\20240818_120559.jpg,0,0.4371395617070358,0.2969290657439446,0.11534025374855825,0.13992214532871972,core,1.0
1031,D:\Google_Germany_1\20240818_120600.jpg,0,0.41032295271049596,0.28633217993079585,0.11735870818915801,0.14230103806228372,core,1.0
1032,D:\Google_Germany_1\20240818_120914.jpg,0,0.4942329873125721,0.15441176470588236,0.08881199538638986,0.10596885813148789,core,1.0
1033,D:\Google_Germany_1\20240818_120920.jpg,0,0.4400230680507497,0.12045847750865052,0.09025374855824683,0.10683391003460208,core,1.0
1034,D:\Google_Germany_1\20240818_123255.heic,2,0.31055363321799306,0.07917466410748561,0.046280276816609,0.15499040307101727,core,1.0
1035,D:\Google_Germany_1\20240818_123301.heic,3,0.1890595009596929,0.19636678200692043,0.0935700575815739,0.0685553633217993,core,1.0
1036,D:\Google_Germany_1\20240818_125444.heic,0,0.049836601307189546,0.37459150326797386,0.2520424836601307,0.3839869281045752,core,1.0
1037,D:\Google_Germany_1\20240819_131515.heic,9,0.4087566844919786,0.09525401069518717,0.19953208556149732,0.3181818181818182,core,1.0
1038,D:\Google_Germany_1\20240819_142816.heic,1,0.10060160427807487,0.0962566844919786,0.2479946524064171,0.32887700534759357,core,1.0
1039,D:\Google_Germany_1\20240819_142820.heic,1,0.16042780748663102,0.0999331550802139,0.22560160427807488,0.31684491978609625,core,1.0
1040,D:\Google_Germany_1\20240819_155821.heic,2,0.02072192513368984,0.06417112299465241,0.20655080213903743,0.30815508021390375,core,1.0
1041,D:\Google_Germany_1\20240819_155906.heic,1,0.6577540106951871,0.21056149732620322,0.21189839572192512,0.2894385026737968,core,1.0
1042,D:\Google_Germany_1\20240816_182130.jpg,0,0.39100346020761245,0.13170415224913495,0.14850057670126873,0.14641003460207613,core,1.0
1043,D:\Google_Germany_1\20240818_120850.jpg,0,0.3419838523644752,0.19096020761245674,0.11966551326412918,0.11916089965397923,core,1.0
1044,D:\Google_Germany_1\20240818_121419.jpg,0,0.6562860438292965,0.7067474048442907,0.10063437139561707,0.10921280276816608,core,0.43816026051839196
1045,D:\Google_Germany_1\20240816_182139.jpg,1,0.42416378316032294,0.1457612456747405,0.14186851211072665,0.14554498269896193,core,1.0
1046,D:\Google_Germany_1\20240819_120934.heic,0,0.755278310940499,0.23918685121107267,0.09932821497120921,0.06358131487889274,core,1.0
1047,D:\Google_Germany_1\20240819_121359.jpg,0,0.583044982698962,0.34104671280276816,0.08938869665513265,0.09472318339100345,core,1.0
1048,D:\Google_Germany_1\20240819_121804.heic,0,0.7715930902111324,0.22448096885813149,0.0916506717850288,0.056228373702422146,core,1.0
1049,D:\Google_Germany_1\20240819_121807.heic,0,0.6094049904030711,0.24091695501730104,0.10268714011516315,0.06682525951557093,core,1.0
1050,D:\Google_Germany_1\20240819_121844.heic,0,0.43953934740882916,0.18728373702422146,0.10460652591170826,0.07201557093425605,core,1.0
1051,D:\Google_Germany_1\20240819_123705.heic,0,0.5073529411764706,0.2514395393474088,0.026384083044982697,0.08445297504798464,core,1.0
1052,D:\Google_Germany_1\20240819_125821.jpg,1,0.6000576701268743,0.40981833910034604,0.026816608996539794,0.02897923875432526,core,1.0
1053,D:\Google_Germany_1\20240819_142816.heic,0,0.6176470588235294,0.35093582887700536,0.1824866310160428,0.27038770053475936,core,1.0
1054,D:\Google_Germany_1\20240819_155906.heic,0,0.321524064171123,0.4966577540106952,0.16176470588235295,0.24766042780748662,core,1.0
1055,D:\Google_Germany_1\20240819_122719.heic,0,0.3210172744721689,0.2504325259515571,0.04558541266794626,0.02833044982698962,core,0.22056542502509224
1056,D:\Google_Germany_1\20240819_125820.jpg,0,0.5919838523644751,0.4126297577854671,0.030565167243367934,0.03092560553633218,core,0.34786478678385413
1057,D:\Google_Germany_1\20240819_142820.heic,0,0.6975267379679144,0.3696524064171123,0.1895053475935829,0.2733957219251337,core,0.31764019860161674
1058,D:\Google_Germany_1\20240816_195404.jpg,0,0.5605536332179931,0.4452854671280277,0.056228373702422146,0.054282006920415224,core,1.0
1059,D:\Google_Germany_1\20240816_195414.jpg,0,0.5550749711649365,0.5992647058823529,0.05392156862745098,0.053200692041522495,core,1.0
1060,D:\Google_Germany_1\20240816_195415.jpg,1,0.5588235294117647,0.592128027681661,0.055074971164936565,0.056012110726643596,core,1.0
1061,D:\Google_Germany_1\20240816_195416.jpg,1,0.5870818915801614,0.5601211072664359,0.055651672433679356,0.05471453287197232,core,1.0
1062,D:\Google_Germany_1\20240819_161930.heic,0,0.6238003838771593,0.1870674740484429,0.0916506717850288,0.0523356401384083,core,1.0
1063,D:\Google_Germany_1\20240819_162006.heic,0,0.48724048442906576,0.2648752399232246,0.03503460207612457,0.10796545105566219,core,1.0
1064,D:\Google_Germany_1\20240819_162010.heic,0,0.44961072664359863,0.1300383877159309,0.043036332179930796,0.1324376199616123,core,1.0
1065,D:\Google_Germany_1\20240817_201019.jpg,0,0.16325,0.5196666666666667,0.07675,0.12033333333333333,core,0.28422093391418457
1066,D:\Google_Germany_1\20240819_142837.heic,0,0.17884948096885814,0.5446257197696737,0.05082179930795848,0.14683301343570057,core,0.35913430319892037
1067,D:\Google_Germany_1\20240819_150028.heic,0,0.4894433781190019,0.10337370242214533,0.09404990403071017,0.06358131487889274,core,0.4304113917880589
1068,D:\Google_Germany_1\20240819_155838.heic,1,0.497,0.3927777777777778,0.06875,0.18333333333333332,core,0.25282716751098633
1069,D:\Google_Germany_1\20240819_161343.heic,2,0.48,0.5238888888888888,0.021,0.06444444444444444,core,0.4057619571685791
1070,D:\Google_Germany_1\20240816_195404.jpg,1,0.2840253748558247,0.3985726643598616,0.06862745098039216,0.0726643598615917,core,1.0
1071,D:\Google_Germany_1\20240816_195414.jpg,1,0.2753748558246828,0.5663927335640139,0.06660899653979238,0.07071799307958478,core,1.0
1072,D:\Google_Germany_1\20240816_195415.jpg,0,0.2889273356401384,0.5633650519031141,0.06689734717416378,0.07028546712802768,core,1.0
1073,D:\Google_Germany_1\20240816_195416.jpg,0,0.29930795847750863,0.5294117647058824,0.07093425605536333,0.06920415224913495,core,1.0
1074,D:\Google_Germany_1\20240817_104432.jpg,1,0.35409457900807384,0.4638840830449827,0.03863898500576701,0.04022491349480969,core,0.18772670957777238
1075,D:\Google_Germany_1\20240816_195414.jpg,2,0.4835640138408305,0.5116782006920415,0.04209919261822376,0.04822664359861592,core,1.0
1076,D:\Google_Germany_1\20240816_195415.jpg,2,0.49019607843137253,0.5071366782006921,0.04065743944636678,0.045631487889273355,core,1.0
1077,D:\Google_Germany_1\20240816_195416.jpg,2,0.5083621683967705,0.48032006920415227,0.040369088811995385,0.04498269896193772,core,1.0
1078,D:\Google_Germany_1\20240817_110027.heic,0,0.6946366782006921,0.4712092130518234,0.09429065743944637,0.16938579654510558,core,1.0
1079,D:\Google_Germany_1\20240817_110347.jpg,2,0.23125720876585928,0.5129757785467128,0.10841983852364476,0.06423010380622837,core,1.0
1080,D:\Google_Germany_1\20240817_110348.jpg,1,0.23500576701268744,0.5149221453287197,0.11332179930795848,0.06531141868512111,core,1.0
1081,D:\Google_Germany_1\20240818_120920.jpg,1,0.47116493656286046,0.5188148788927336,0.06314878892733564,0.056012110726643596,core,1.0
1082,D:\Google_Germany_1\20240818_121446.jpg,3,0.5377739331026529,0.23442906574394465,0.1052479815455594,0.11267301038062284,core,1.0
1083,D:\Google_Germany_1\20240818_121448.jpg,3,0.5605536332179931,0.2435121107266436,0.10005767012687428,0.1115916955017301,core,1.0
1084,D:\Google_Germany_1\20240818_121451.jpg,3,0.5576701268742791,0.2324826989619377,0.10092272202998846,0.10705017301038063,core,1.0
1085,D:\Google_Germany_1\20240818_121453.jpg,3,0.5544982698961938,0.23140138408304498,0.104959630911188,0.1185121107266436,core,1.0
1086,D:\Google_Germany_1\20240818_121454.jpg,3,0.5556516724336793,0.25346020761245674,0.10207612456747404,0.10964532871972318,core,1.0
1087,D:\Google_Germany_1\20240818_121725.heic,0,0.6377595155709342,0.3656429942418426,0.08780276816608996,0.2562380038387716,core,1.0
1088,D:\Google_Germany_1\20240818_122459.jpg,1,0.3806228373702422,0.39792387543252594,0.10755478662053057,0.13494809688581316,core,1.0
1089,D:\Google_Germany_1\20240818_123255.heic,4,0.518598615916955,0.11852207293666027,0.0592560553633218,0.1785028790786948,core,1.0
1090,D:\Google_Germany_1\20240819_142837.heic,2,0.6405709342560554,0.3517274472168906,0.09342560553633218,0.22888675623800384,core,1.0
1091,D:\Google_Germany_1\20240818_121419.jpg,1,0.45040369088811993,0.4037629757785467,0.092560553633218,0.09645328719723184,core,1.0
1092,D:\Google_Germany_1\20240818_121446.jpg,0,0.21482122260668973,0.19052768166089964,0.09948096885813149,0.11094290657439447,core,1.0
1093,D:\Google_Germany_1\20240818_121448.jpg,0,0.24682814302191464,0.1894463667820069,0.09803921568627451,0.1115916955017301,core,1.0
1094,D:\Google_Germany_1\20240818_121451.jpg,2,0.20905420991926182,0.18403979238754326,0.09976931949250288,0.11007785467128027,core,1.0
1095,D:\Google_Germany_1\20240818_121453.jpg,0,0.20876585928489041,0.19355536332179932,0.09746251441753172,0.10618512110726644,core,1.0
1096,D:\Google_Germany_1\20240818_121454.jpg,1,0.21395617070357556,0.21366782006920415,0.10005767012687428,0.10575259515570934,core,1.0
1097,D:\Google_Germany_1\20240818_121446.jpg,1,0.48471741637831606,0.5789359861591695,0.07352941176470588,0.07893598615916955,core,1.0
1098,D:\Google_Germany_1\20240818_121448.jpg,1,0.4962514417531719,0.592128027681661,0.07987312572087658,0.08261245674740485,core,1.0
1099,D:\Google_Germany_1\20240818_121451.jpg,0,0.48875432525951557,0.5743944636678201,0.08016147635524798,0.07958477508650519,core,1.0
1100,D:\Google_Germany_1\20240818_121453.jpg,1,0.505767012687428,0.5839100346020761,0.07612456747404844,0.07396193771626297,core,1.0
1101,D:\Google_Germany_1\20240818_121454.jpg,0,0.5219146482122261,0.6031574394463668,0.07612456747404844,0.07569204152249134,core,1.0
1102,D:\Google_Germany_1\20240818_121446.jpg,2,0.34544405997693195,0.4902681660899654,0.08391003460207612,0.08088235294117647,core,1.0
1103,D:\Google_Germany_1\20240818_121451.jpg,1,0.3494809688581315,0.5017301038062284,0.09054209919261823,0.08261245674740485,core,1.0
1104,D:\Google_Germany_1\20240818_121453.jpg,2,0.3506343713956171,0.5071366782006921,0.08708189158016148,0.08001730103806229,core,1.0
1105,D:\Google_Germany_1\20240818_121454.jpg,2,0.3607266435986159,0.5259515570934256,0.08823529411764706,0.08109861591695501,core,1.0
1106,D:\Google_Germany_1\20240818_121448.jpg,2,0.35726643598615915,0.5149221453287197,0.08275663206459054,0.08542387543252596,core,0.2594162623087565
1107,D:\Google_Germany_1\20240819_122645.jpg,0,0.4852941176470588,0.5927768166089965,0.07151095732410612,0.07201557093425605,core,0.4468606842888726
1108,D:\Google_Germany_1\20240818_122538.heic,0,0.3334932821497121,0.18879757785467127,0.22792706333973128,0.16003460207612458,core,1.0
1109,D:\Google_Germany_1\20240818_122544.heic,0,0.31429942418426104,0.18966262975778547,0.21976967370441458,0.15051903114186851,core,1.0
1110,D:\Google_Germany_1\20240818_122547.heic,0,0.3646833013435701,0.1420847750865052,0.22936660268714013,0.16003460207612458,core,1.0
1111,D:\Google_Germany_1\20240818_123255.heic,1,0.5268166089965398,0.5091170825335892,0.04476643598615917,0.1324376199616123,core,1.0
1112,D:\Google_Germany_1\20240818_123301.heic,0,0.6391554702495201,0.388840830449827,0.08877159309021113,0.050389273356401386,core,1.0
1113,D:\Google_Germany_1\20240818_122706.heic,0,0.3666026871401152,0.2054498269896194,0.28550863723608444,0.19290657439446368,core,1.0
1114,D:\Google_Germany_1\20240818_122711.heic,0,0.277831094049904,0.2480536332179931,0.29990403071017274,0.19247404844290658,core,1.0
1115,D:\Google_Germany_1\20240818_122715.heic,0,0.3450095969289827,0.2740051903114187,0.28742802303262954,0.1870674740484429,core,1.0
1116,D:\Google_Germany_1\20240818_122727.heic,0,0.3637236084452975,0.3079584775086505,0.2696737044145873,0.17301038062283736,core,1.0
1117,D:\Google_Germany_1\20240818_122730.heic,0,0.40786948176583493,0.2787629757785467,0.27975047984644913,0.18382352941176472,core,1.0
1118,D:\Google_Germany_1\20240818_123255.heic,0,0.3830017301038062,0.6497120921305183,0.03525086505190311,0.10652591170825336,core,1.0
1119,D:\Google_Germany_1\20240818_123301.heic,1,0.3584452975047985,0.4452854671280277,0.07005758157389635,0.041306228373702424,core,1.0
1120,D:\Google_Germany_1\20240818_124531.jpg,0,0.30853517877739334,0.2934688581314879,0.09169550173010381,0.09558823529411764,core,1.0
1121,D:\Google_Germany_1\20240818_124938.jpg,0,0.4345444059976932,0.3373702422145329,0.17416378316032297,0.18209342560553632,core,1.0
1122,D:\Google_Germany_1\20240819_121652.heic,0,0.47696737044145876,0.32288062283737023,0.08349328214971209,0.04671280276816609,core,1.0
1123,D:\Google_Germany_1\20240819_121815.heic,0,0.5595009596928983,0.18295847750865052,0.12092130518234165,0.07482698961937716,core,1.0
1124,D:\Google_Germany_1\20240819_121824.jpg,0,0.6251441753171857,0.4163062283737024,0.05046136101499423,0.04801038062283737,core,1.0
1125,D:\Google_Germany_1\20240819_122657.heic,0,0.21193771626297578,0.20681381957773512,0.03957612456747405,0.11228406909788867,core,1.0
1126,D:\Google_Germany_1\20240816_150856.jpg,1,0.55325,0.8456666666666667,0.0945,0.157,core,0.2868403593699137
1127,D:\Google_Germany_1\20240817_110032.heic,0,0.69425,0.22555555555555556,0.04875,0.13555555555555557,core,0.2539111773173014
1128,D:\Google_Germany_1\20240819_121818.heic,0,0.6007677543186181,0.23140138408304498,0.11660268714011517,0.06639273356401384,core,0.5273085435231527
1129,D:\Google_Germany_1\20240819_121934.heic,0,0.5043186180422264,0.3068771626297578,0.052783109404990404,0.03330449826989619,core,0.41251463360256624
1130,D:\Google_Germany_1\20240819_131515.heic,8,0.4395053475935829,0.5307486631016043,0.21323529411764705,0.29612299465240643,core,0.3365727530585395
1131,D:\Google_Germany_1\20240819_125818.jpg,0,0.5836216839677048,0.4037629757785467,0.028546712802768166,0.027249134948096887,core,1.0
1132,D:\Google_Germany_1\20240819_125820.jpg,1,0.5184544405997693,0.4314446366782007,0.029988465974625143,0.030060553633217992,core,1.0
1133,D:\Google_Germany_1\20240819_125821.jpg,4,0.5357554786620531,0.45350346020761245,0.026816608996539794,0.023356401384083045,core,1.0
1134,D:\Google_Germany_1\20240819_125818.jpg,5,0.7350057670126874,0.39013840830449825,0.031718569780853516,0.02422145328719723,core,1.0
1135,D:\Google_Germany_1\20240819_125820.jpg,3,0.7410611303344867,0.3827854671280277,0.03633217993079585,0.031141868512110725,core,1.0
1136,D:\Google_Germany_1\20240819_125821.jpg,2,0.7915224913494809,0.3791089965397924,0.04411764705882353,0.038711072664359865,core,1.0
1137,D:\Budapest2025_Google\20250822_112331.jpg,0,0.49567474048442905,0.1578719723183391,0.14734717416378315,0.16782006920415224,core,1.0
1138,D:\Budapest2025_Google\20250822_121039.jpg,0,0.3820645905420992,0.4007352941176471,0.03460207612456748,0.03308823529411765,core,1.0
1139,D:\Budapest2025_Google\20250822_121053.jpg,1,0.05709342560553633,0.4809688581314879,0.0395040369088812,0.03179065743944637,core,1.0
1140,D:\Budapest2025_Google\20250822_121058.jpg,0,0.16810841983852365,0.492863321799308,0.03892733564013841,0.033953287197231834,core,1.0
1141,D:\Budapest2025_Google\20250822_112502.jpg,0,0.4581891580161476,0.18403979238754326,0.13638985005767013,0.1578719723183391,core,1.0
1142,D:\Budapest2025_Google\20250822_121039.jpg,1,0.3817762399077278,0.35986159169550175,0.036043829296424454,0.03222318339100346,core,1.0
1143,D:\Budapest2025_Google\20250822_121053.jpg,0,0.40340253748558247,0.43728373702422146,0.03835063437139562,0.03762975778546713,core,1.0
1144,D:\Budapest2025_Google\20250822_121058.jpg,1,0.4855824682814302,0.4517733564013841,0.04008073817762399,0.038711072664359865,core,1.0
1145,D:\Budapest2025_Google\20250822_123916.jpg,3,0.7117962466487936,0.4300202839756592,0.028820375335120642,0.06237322515212982,core,0.4206118583679199
1146,D:\Budapest2025_Google\20250822_195716.jpg,0,0.7216695501730104,0.26211072664359863,0.05406574394463668,0.07583621683967705,core,0.31149138344658744
1147,D:\Budapest2025_Google\20250822_121039.jpg,2,0.5074971164936563,0.20177335640138408,0.054498269896193774,0.04822664359861592,core,1.0
1148,D:\Budapest2025_Google\20250822_121053.jpg,2,0.21424452133794694,0.2679498269896194,0.05651672433679354,0.05082179930795848,core,1.0
1149,D:\Budapest2025_Google\20250822_121058.jpg,2,0.2952710495963091,0.28460207612456745,0.05536332179930796,0.04909169550173011,core,1.0
1150,D:\Budapest2025_Google\20250822_122617.jpg,0,0.2618357487922705,0.10640138408304499,0.17149758454106281,0.11743079584775086,core,1.0
1151,D:\Budapest2025_Google\20250822_122626.jpg,0,0.45265700483091786,0.3514273356401384,0.09420289855072464,0.06401384083044982,core,1.0
1152,D:\Budapest2025_Google\20250822_122632.jpg,0,0.5922705314009662,0.2791955017301038,0.09516908212560386,0.06076989619377163,core,1.0
1153,D:\Budapest2025_Google\20250822_123501.jpg,0,0.8357487922705314,0.14597750865051903,0.1473429951690821,0.09645328719723184,core,1.0
1154,D:\Budapest2025_Google\20250822_123916.jpg,0,0.704088471849866,0.2723123732251521,0.03150134048257373,0.07302231237322515,core,1.0
1155,D:\Budapest2025_Google\20250822_195832.jpg,0,0.6414359861591695,0.11534025374855825,0.03806228373702422,0.07698961937716263,core,1.0
1156,D:\Budapest2025_Google\20250822_123303.jpg,0,0.39082125603864737,0.1083477508650519,0.20144927536231885,0.1384083044982699,core,1.0
1157,D:\Budapest2025_Google\20250822_123306.jpg,0,0.3207729468599034,-0.0032439446366782005,0.178743961352657,0.1448961937716263,core,1.0
1158,D:\Budapest2025_Google\20250822_123313.jpg,0,0.47632850241545893,0.16500865051903113,0.1782608695652174,0.12716262975778547,core,1.0
1159,D:\Budapest2025_Google\20250822_123528.jpg,0,0.748792270531401,0.21345155709342561,0.21884057971014492,0.14100346020761245,core,1.0
1160,D:\Budapest2025_Google\20250822_123539.jpg,0,0.45217391304347826,0.1185121107266436,0.24830917874396136,0.15635813148788927,core,1.0
1161,D:\Budapest2025_Google\20250822_123328.jpg,0,0.6251207729468599,0.1375432525951557,0.17632850241545894,0.11332179930795848,core,1.0
1162,D:\Budapest2025_Google\20250822_123341.jpg,0,0.5057971014492754,0.10164359861591696,0.19082125603864733,0.10250865051903114,core,1.0
1163,D:\Budapest2025_Google\20250822_123347.jpg,0,0.6285024154589371,0.040008650519031144,0.20772946859903382,0.11937716262975778,core,1.0
1164,D:\Budapest2025_Google\20250822_123443.jpg,0,0.6028985507246377,0.19982698961937717,0.2135265700483092,0.09450692041522492,core,1.0
1165,D:\Budapest2025_Google\20250822_123448.jpg,0,0.45169082125603865,0.09883217993079585,0.22560386473429953,0.10402249134948097,core,1.0
1166,D:\Budapest2025_Google\20250822_123354.jpg,0,0.30772946859903383,-0.01773356401384083,0.21014492753623187,0.10185986159169551,core,1.0
1167,D:\Budapest2025_Google\20250822_123400.jpg,0,0.48985507246376814,-0.01124567474048443,0.16376811594202897,0.09991349480968859,core,1.0
1168,D:\Budapest2025_Google\20250822_194950.jpg,5,0.36764705882352944,0.5326557093425606,0.0983275663206459,0.09450692041522492,core,1.0
1169,D:\Budapest2025_Google\20250822_194950.jpg,6,0.33304498269896193,0.07136678200692041,0.1254325259515571,0.1355968858131488,core,1.0
1170,D:\Budapest2025_Google\20250822_194950.jpg,12,0.7001153402537486,0.808174740484429,0.10380622837370242,0.07461072664359862,core,1.0
1171,D:\Budapest2025_Google\20250822_194955.jpg,10,0.5420991926182238,0.657439446366782,0.13437139561707034,0.08109861591695501,core,1.0
1172,D:\Budapest2025_Google\20250822_195016.jpg,7,0.31228373702422146,0.11461937716262975,0.15542099192618225,0.12153979238754326,core,1.0
1173,D:\Budapest2025_Google\20250822_195018.jpg,12,0.09429065743944637,0.5702854671280276,0.1637831603229527,0.11310553633217993,core,1.0
1174,D:\Budapest2025_Google\20250822_195018.jpg,15,0.29209919261822376,0.6516003460207612,0.12226066897347174,0.09191176470588236,core,1.0
1175,D:\Budapest2025_Google\20250822_195021.jpg,11,0.31805074971164937,0.6042387543252595,0.13667820069204153,0.10358996539792388,core,1.0
1176,D:\Budapest2025_Google\20250822_195021.jpg,19,-0.054498269896193774,0.5795847750865052,0.13206459054209918,0.1217560553633218,core,1.0
1177,D:\Budapest2025_Google\20250822_195021.jpg,21,-0.05478662053056517,0.11051038062283737,0.1254325259515571,0.127378892733564,core,1.0
1178,D:\Budapest2025_Google\20250822_195121.jpg,14,-0.05738177623990773,0.14662629757785467,0.131199538638985,0.12716262975778547,core,1.0
1179,D:\Budapest2025_Google\20250822_123430.jpg,1,0.3690821256038647,0.32763840830449825,0.10193236714975845,0.052768166089965395,core,1.0
1180,D:\Budapest2025_Google\20250822_123916.jpg,2,0.582774798927614,0.33468559837728196,0.028150134048257374,0.0654158215010142,core,1.0
1181,D:\Budapest2025_Google\20250822_193345.jpg,1,0.6554209919261822,0.35121107266435986,0.05738177623990773,0.06466262975778547,core,1.0
1182,D:\Budapest2025_Google\20250822_193353.jpg,2,0.761461937716263,0.36418685121107264,0.04238754325259515,0.08333333333333333,core,1.0
1183,D:\Budapest2025_Google\20250822_193353.jpg,4,0.05795847750865052,0.41753171856978083,0.04173875432525952,0.08016147635524798,core,1.0
1184,D:\Budapest2025_Google\20250822_193356.jpg,1,0.7874134948096886,0.3814878892733564,0.04671280276816609,0.08246828143021914,core,1.0
1185,D:\Budapest2025_Google\20250822_193356.jpg,3,0.08391003460207612,0.41724336793540945,0.04022491349480969,0.078719723183391,core,1.0
1186,D:\Budapest2025_Google\20250822_193357.jpg,1,0.8068771626297578,0.3990772779700115,0.04822664359861592,0.08621683967704728,core,1.0
1187,D:\Budapest2025_Google\20250822_193404.jpg,1,0.851643598615917,0.39302191464821223,0.04519896193771626,0.07468281430219147,core,1.0
1188,D:\Budapest2025_Google\20250822_193451.jpg,0,0.28027681660899656,0.41147635524798154,0.04476643598615917,0.08564013840830449,core,1.0
1189,D:\Budapest2025_Google\20250822_193458.jpg,0,0.06682525951557093,0.4362745098039216,0.0625,0.09371395617070358,core,1.0
1190,D:\Budapest2025_Google\20250822_194159.jpg,0,0.4555940023068051,0.28957612456747406,0.052479815455594,0.05406574394463668,core,1.0
1191,D:\Budapest2025_Google\20250822_194201.jpg,0,0.4671280276816609,0.2783304498269896,0.05103806228373702,0.05363321799307959,core,1.0
1192,D:\Budapest2025_Google\20250822_194547.jpg,2,0.7424307958477508,0.2546136101499423,0.05125432525951557,0.10640138408304499,core,1.0
1193,D:\Budapest2025_Google\20250822_194547.jpg,3,0.2852508650519031,0.23615916955017302,0.054282006920415224,0.10755478662053057,core,1.0
1194,D:\Budapest2025_Google\20250822_194551.jpg,1,0.6987456747404844,0.49855824682814304,0.125,0.24826989619377163,core,1.0
1195,D:\Budapest2025_Google\20250822_194950.jpg,3,0.9111880046136102,0.09623702422145329,0.08419838523644751,0.1083477508650519,core,1.0
1196,D:\Budapest2025_Google\20250822_195121.jpg,0,0.5034602076124568,0.3778114186851211,0.10265282583621683,0.11267301038062284,core,1.0
1197,D:\Budapest2025_Google\20250822_195121.jpg,1,0.5167243367935409,0.8185553633217993,0.11072664359861592,0.12391868512110726,core,1.0
1198,D:\Budapest2025_Google\20250822_195121.jpg,2,0.010380622837370242,0.6005622837370242,0.08823529411764706,0.1115916955017301,core,1.0
1199,D:\Budapest2025_Google\20250822_195121.jpg,5,0.0530565167243368,0.0990484429065744,0.1502306805074971,0.10077854671280277,core,1.0
1200,D:\Budapest2025_Google\20250822_195121.jpg,6,0.3506343713956171,0.3306660899653979,0.12687427912341406,0.09385813148788927,core,1.0
1201,D:\Budapest2025_Google\20250822_195121.jpg,7,0.10351787773933102,0.5646626297577855,0.13408304498269896,0.08217993079584775,core,1.0
1202,D:\Budapest2025_Google\20250822_195121.jpg,8,0.6118800461361015,0.3315311418685121,0.14734717416378315,0.09191176470588236,core,1.0
1203,D:\Budapest2025_Google\20250822_195121.jpg,11,0.35409457900807384,0.7666522491349481,0.13350634371395617,0.09407439446366782,core,1.0
1204,D:\Budapest2025_Google\20250822_195124.jpg,0,0.4930795847750865,0.3648356401384083,0.10265282583621683,0.11570069204152249,core,1.0
1205,D:\Budapest2025_Google\20250822_195124.jpg,1,0.48904267589388695,0.8025519031141869,0.1179354094579008,0.127378892733564,core,1.0
1206,D:\Budapest2025_Google\20250822_195124.jpg,3,0.05190311418685121,0.07525951557093426,0.15715109573241062,0.10596885813148789,core,1.0
1207,D:\Budapest2025_Google\20250822_195124.jpg,4,-0.01384083044982699,0.5815311418685121,0.09919261822376009,0.11180795847750866,core,1.0
1208,D:\Budapest2025_Google\20250822_195124.jpg,5,0.3408304498269896,0.7512975778546713,0.14215686274509803,0.09926470588235294,core,1.0
1209,D:\Budapest2025_Google\20250822_195124.jpg,7,0.6193771626297578,0.32201557093425603,0.13610149942329874,0.0888840830449827,core,1.0
1210,D:\Budapest2025_Google\20250822_195124.jpg,8,0.3509227220299885,0.32461072664359863,0.12312572087658592,0.09104671280276816,core,1.0
1211,D:\Budapest2025_Google\20250822_195124.jpg,9,0.08737024221453288,0.5495242214532872,0.1389850057670127,0.07763840830449827,core,1.0
1212,D:\Budapest2025_Google\20250822_195738.jpg,0,0.6282439446366782,0.07698961937716263,0.042820069204152246,0.08564013840830449,core,1.0
1213,D:\Budapest2025_Google\20250822_195740.jpg,0,0.6533304498269896,0.09111880046136102,0.04325259515570934,0.08794694348327567,core,1.0
1214,D:\Budapest2025_Google\20250824_152144.jpg,0,0.3898550724637681,0.3083910034602076,0.1927536231884058,0.12218858131487889,core,1.0
1215,D:\Budapest2025_Google\20250824_152151.jpg,0,0.4251207729468599,0.26967993079584773,0.20434782608695654,0.14230103806228372,core,1.0
1216,D:\Budapest2025_Google\20250822_192248.jpg,0,0.6193771626297578,0.2670847750865052,0.10928489042675894,0.11872837370242215,core,1.0
1217,D:\Budapest2025_Google\20250822_192327.jpg,0,0.6658016147635525,0.659818339100346,0.08016147635524798,0.08001730103806229,core,1.0
1218,D:\Budapest2025_Google\20250822_192328.jpg,0,0.649365628604383,0.6738754325259516,0.08102652825836217,0.07850346020761245,core,1.0
1219,D:\Budapest2025_Google\20250822_194044.jpg,0,0.16371107266435986,0.17128027681660898,0.05363321799307959,0.09457900807381776,core,1.0
1220,D:\Budapest2025_Google\20250822_194859.jpg,0,0.5201845444059977,0.676038062283737,0.11591695501730104,0.13127162629757785,core,1.0
1221,D:\Budapest2025_Google\20250822_194903.jpg,0,0.4777970011534025,0.6615484429065744,0.1058246828143022,0.12045847750865052,core,1.0
1222,D:\Budapest2025_Google\20250822_194923.jpg,0,0.42993079584775085,0.6301903114186851,0.12341407151095732,0.12954152249134948,core,1.0
1223,D:\Budapest2025_Google\20250822_194926.jpg,0,0.43685121107266434,0.6459775086505191,0.12658592848904268,0.1351643598615917,core,1.0
1224,D:\Budapest2025_Google\20250822_195457.jpg,0,0.7586505190311419,0.10813148788927336,0.05709342560553633,0.10813148788927336,core,1.0
1225,D:\Budapest2025_Google\20250822_195500.jpg,0,0.7571366782006921,0.10092272202998846,0.056012110726643596,0.10409457900807381,core,1.0
1226,D:\Budapest2025_Google\20250822_195758.jpg,0,0.71280276816609,0.2972895040369089,0.038494809688581315,0.06805074971164937,core,1.0
1227,D:\Budapest2025_Google\20250822_195800.jpg,0,0.7067474048442907,0.3209342560553633,0.038494809688581315,0.06718569780853517,core,1.0
1228,D:\Budapest2025_Google\20250822_192259.jpg,0,0.3042099192618224,0.47707612456747406,0.06747404844290658,0.06639273356401384,core,1.0
1229,D:\Budapest2025_Google\20250822_192327.jpg,1,0.5086505190311419,0.5521193771626297,0.08189158016147635,0.08434256055363322,core,1.0
1230,D:\Budapest2025_Google\20250822_192328.jpg,1,0.49019607843137253,0.5670415224913494,0.08391003460207612,0.08391003460207612,core,1.0
1231,D:\Budapest2025_Google\20250822_195246.jpg,0,0.45098039215686275,0.5471453287197232,0.1118800461361015,0.11591695501730104,core,1.0
1232,D:\Budapest2025_Google\20250822_192528.jpg,0,0.36418685121107264,0.2000432525951557,0.14273356401384082,0.092560553633218,core,1.0
1233,D:\Budapest2025_Google\20250822_194451.jpg,0,0.43944636678200694,0.4666955017301038,0.14677047289504036,0.10164359861591696,core,1.0
1234,D:\Budapest2025_Google\20250822_192530.jpg,0,0.37860438292964244,0.19117647058823528,0.13985005767012687,0.092560553633218,core,0.6070787641737196
1235,D:\Budapest2025_Google\20250822_193345.jpg,0,0.12254901960784313,0.4545847750865052,0.08794694348327567,0.0823961937716263,core,1.0
1236,D:\Budapest2025_Google\20250822_193353.jpg,0,0.5361159169550173,0.5170126874279123,0.05709342560553633,0.09659746251441753,core,1.0
1237,D:\Budapest2025_Google\20250822_193356.jpg,2,0.5601211072664359,0.5297001153402537,0.056228373702422146,0.09717416378316032,core,1.0
1238,D:\Budapest2025_Google\20250822_193357.jpg,2,0.5590397923875432,0.5464244521337946,0.05709342560553633,0.09284890426758939,core,1.0
1239,D:\Budapest2025_Google\20250822_193404.jpg,0,0.3185553633217993,0.5493079584775087,0.07785467128027682,0.13985005767012687,core,1.0
1240,D:\Budapest2025_Google\20250822_194444.jpg,0,0.6418685121107266,0.41371107266435986,0.1444636678200692,0.10726643598615918,core,1.0
1241,D:\Budapest2025_Google\20250822_194644.jpg,0,0.530060553633218,0.3382352941176471,0.04930795847750865,0.08737024221453288,core,1.0
1242,D:\Budapest2025_Google\20250822_194644.jpg,1,0.11570069204152249,0.3295847750865052,0.05795847750865052,0.09083044982698962,core,1.0
1243,D:\Budapest2025_Google\20250822_194648.jpg,0,0.557742214532872,0.37831603229527105,0.05103806228373702,0.092560553633218,core,1.0
1244,D:\Budapest2025_Google\20250822_194648.jpg,1,0.05211937716262976,0.35813148788927335,0.06336505190311419,0.10380622837370242,core,1.0
1245,D:\Budapest2025_Google\20250822_194651.jpg,0,0.11288927335640138,0.22837370242214533,0.056228373702422146,0.09486735870818916,core,1.0
1246,D:\Budapest2025_Google\20250822_194653.jpg,0,0.48637543252595156,0.29700115340253747,0.051470588235294115,0.09140715109573241,core,1.0
1247,D:\Budapest2025_Google\20250822_194653.jpg,1,0.01838235294117647,0.27566320645905423,0.06120242214532872,0.10149942329873125,core,1.0
1248,D:\Budapest2025_Google\20250822_194713.jpg,0,0.8698096885813149,0.39792387543252594,0.06444636678200692,0.10178777393310265,core,1.0
1249,D:\Budapest2025_Google\20250822_194713.jpg,1,0.41782006920415227,0.393598615916955,0.053200692041522495,0.09486735870818916,core,1.0
1250,D:\Budapest2025_Google\20250822_192441.jpg,1,0.25951557093425603,0.12975778546712802,0.11303344867358708,0.12954152249134948,core,0.2870375845167372
1251,D:\Budapest2025_Google\20250822_193353.jpg,1,0.07417820069204152,0.30565167243367936,0.03892733564013841,0.0654555940023068,core,1.0
1252,D:\Budapest2025_Google\20250822_193356.jpg,0,0.09645328719723184,0.30680507497116494,0.03676470588235294,0.06257208765859285,core,1.0
1253,D:\Budapest2025_Google\20250822_193357.jpg,0,0.10402249134948097,0.3145905420991926,0.03546712802768166,0.06084198385236447,core,1.0
1254,D:\Budapest2025_Google\20250822_193404.jpg,2,0.09191176470588236,0.28143021914648214,0.03784602076124567,0.06170703575547866,core,1.0
1255,D:\Budapest2025_Google\20250822_194950.jpg,0,0.35986159169550175,0.3027681660899654,0.09284890426758939,0.10164359861591696,core,1.0
1256,D:\Budapest2025_Google\20250822_194950.jpg,1,0.2577854671280277,0.2694636678200692,0.10813148788927336,0.09385813148788927,core,1.0
1257,D:\Budapest2025_Google\20250822_194950.jpg,2,0.3817762399077278,0.7307525951557093,0.10236447520184544,0.10964532871972318,core,1.0
1258,D:\Budapest2025_Google\20250822_194950.jpg,7,0.2765282583621684,0.6950692041522492,0.11707035755478662,0.09147923875432526,core,1.0
1259,D:\Budapest2025_Google\20250822_194950.jpg,9,0.8621683967704729,0.05990484429065744,0.0919838523644752,0.10942906574394463,core,1.0
1260,D:\Budapest2025_Google\20250822_194950.jpg,10,0.7727797001153403,0.47015570934256057,0.10092272202998846,0.08974913494809689,core,1.0
1261,D:\Budapest2025_Google\20250822_194952.jpg,0,0.3748558246828143,0.34969723183391005,0.09948096885813149,0.10185986159169551,core,1.0
1262,D:\Budapest2025_Google\20250822_194952.jpg,2,0.22895040369088812,0.7305363321799307,0.12918108419838523,0.10034602076124567,core,1.0
1263,D:\Budapest2025_Google\20250822_194952.jpg,3,0.2177047289504037,0.296280276816609,0.1254325259515571,0.094939446366782,core,1.0
1264,D:\Budapest2025_Google\20250822_194952.jpg,5,0.8728373702422145,0.5705017301038062,0.09486735870818916,0.10142733564013841,core,1.0
1265,D:\Budapest2025_Google\20250822_194952.jpg,6,0.5161476355247981,0.2906574394463668,0.13408304498269896,0.07698961937716263,core,1.0
1266,D:\Budapest2025_Google\20250822_194952.jpg,7,0.24077277970011535,0.5964532871972318,0.12139561707035755,0.0888840830449827,core,1.0
1267,D:\Budapest2025_Google\20250822_194952.jpg,13,0.526239907727797,0.7244809688581315,0.14994232987312572,0.08347750865051903,core,1.0
1268,D:\Budapest2025_Google\20250822_194952.jpg,4,0.7520184544405998,0.5075692041522492,0.1052479815455594,0.09104671280276816,core,0.18318867683410645
1269,D:\Budapest2025_Google\20250822_194952.jpg,16,0.33852364475201846,0.05687716262975778,0.1381199538638985,0.14143598615916955,core,1.0
1270,D:\Budapest2025_Google\20250822_195021.jpg,1,0.4962514417531719,0.5287629757785467,0.10668973471741638,0.11548442906574395,core,1.0
1271,D:\Budapest2025_Google\20250822_195052.jpg,2,0.3267012687427912,0.594939446366782,0.09717416378316032,0.10250865051903114,core,1.0
1272,D:\Budapest2025_Google\20250822_195052.jpg,16,0.34429065743944637,0.11332179930795848,0.12831603229527105,0.12910899653979238,core,1.0
1273,D:\Budapest2025_Google\20250822_194955.jpg,1,0.20069204152249134,0.36267301038062283,0.1317762399077278,0.08823529411764706,core,1.0
1274,D:\Budapest2025_Google\20250822_194955.jpg,3,0.5594002306805075,0.7718425605536332,0.13321799307958476,0.09169550173010381,core,1.0
1275,D:\Budapest2025_Google\20250822_194955.jpg,12,0.5596885813148789,0.3304498269896194,0.11072664359861592,0.07504325259515571,core,1.0
1276,D:\Budapest2025_Google\20250822_194955.jpg,4,0.2093425605536332,0.8122837370242214,0.13062283737024222,0.08650519031141868,core,0.22458158599005806
1277,D:\Budapest2025_Google\20250822_195016.jpg,0,0.4864475201845444,0.3570501730103806,0.1052479815455594,0.11267301038062284,core,1.0
1278,D:\Budapest2025_Google\20250822_195016.jpg,1,0.6554209919261822,0.2828719723183391,0.15369088811995385,0.10596885813148789,core,1.0
1279,D:\Budapest2025_Google\20250822_195016.jpg,2,0.6369665513264129,0.7348615916955017,0.14129181084198386,0.09147923875432526,core,1.0
1280,D:\Budapest2025_Google\20250822_195016.jpg,3,0.3079584775086505,0.29282006920415227,0.158881199538639,0.09753460207612456,core,1.0
1281,D:\Budapest2025_Google\20250822_195016.jpg,4,0.29815455594002305,0.7391868512110726,0.1513840830449827,0.0953719723183391,core,1.0
1282,D:\Budapest2025_Google\20250822_195016.jpg,5,0.6649365628604383,0.1518166089965398,0.15426758938869667,0.10423875432525952,core,1.0
1283,D:\Budapest2025_Google\20250822_195018.jpg,0,0.6418685121107266,0.36505190311418684,0.1384083044982699,0.09126297577854671,core,1.0
1284,D:\Budapest2025_Google\20250822_195018.jpg,3,0.27941176470588236,0.3222318339100346,0.14994232987312572,0.08953287197231834,core,1.0
1285,D:\Budapest2025_Google\20250822_195018.jpg,14,0.27364475201845445,0.7599480968858131,0.13062283737024222,0.08996539792387544,core,0.16201962365044487
1286,D:\Budapest2025_Google\20250822_195021.jpg,2,0.6678200692041523,0.3055795847750865,0.1459054209919262,0.0953719723183391,core,1.0
1287,D:\Budapest2025_Google\20250822_195021.jpg,3,0.31632064590542097,0.13948961937716264,0.15340253748558247,0.10596885813148789,core,1.0
1288,D:\Budapest2025_Google\20250822_195021.jpg,5,0.6358131487889274,0.6150519031141869,0.14792387543252594,0.08931660899653979,core,1.0
1289,D:\Budapest2025_Google\20250822_195021.jpg,7,0.2961361014994233,0.7495674740484429,0.15426758938869667,0.09018166089965397,core,1.0
1290,D:\Budapest2025_Google\20250822_195021.jpg,10,0.6427335640138409,0.7647058823529411,0.14417531718569782,0.08326124567474048,core,1.0
1291,D:\Budapest2025_Google\20250822_195021.jpg,12,0.10668973471741638,0.382136678200692,0.1384083044982699,0.0852076124567474,core,1.0
1292,D:\Budapest2025_Google\20250822_195021.jpg,13,0.09169550173010381,0.03092560553633218,0.16983852364475202,0.111159169550173,core,1.0
1293,D:\Budapest2025_Google\20250822_195021.jpg,14,0.31430219146482125,0.2958477508650519,0.14850057670126873,0.09472318339100345,core,1.0
1294,D:\Budapest2025_Google\20250822_195021.jpg,15,0.8512110726643599,0.5400086505190311,0.1389850057670127,0.0921280276816609,core,1.0
1295,D:\Budapest2025_Google\20250822_195021.jpg,0,0.5063437139561707,0.3687283737024221,0.104959630911188,0.12089100346020762,core,0.3328264024522569
1296,D:\Budapest2025_Google\20250822_195021.jpg,16,0.11447520184544406,0.5179498269896193,0.13523644752018454,0.08455882352941177,core,0.30207292238871253
1297,D:\Budapest2025_Google\20250822_195052.jpg,0,0.3382352941176471,0.43555363321799306,0.10178777393310265,0.10099480968858132,core,1.0
1298,D:\Budapest2025_Google\20250822_195052.jpg,1,0.5132641291810842,0.3672145328719723,0.12283737024221453,0.09126297577854671,core,1.0
1299,D:\Budapest2025_Google\20250822_195052.jpg,3,0.47635524798154555,0.8334775086505191,0.12745098039215685,0.08044982698961937,core,1.0
1300,D:\Budapest2025_Google\20250822_195052.jpg,4,0.7292387543252595,0.12910899653979238,0.14359861591695502,0.09407439446366782,core,1.0
1301,D:\Budapest2025_Google\20250822_195052.jpg,6,0.1395617070357555,0.3475346020761246,0.14302191464821223,0.09320934256055363,core,1.0
1302,D:\Budapest2025_Google\20250822_195052.jpg,7,0.8408304498269896,0.701773356401384,0.10553633217993079,0.09299307958477508,core,1.0
1303,D:\Budapest2025_Google\20250822_195052.jpg,8,0.47808535178777395,0.6777681660899654,0.13667820069204153,0.09018166089965397,core,1.0
1304,D:\Budapest2025_Google\20250822_195052.jpg,11,0.6732987312572087,0.6120242214532872,0.13292964244521338,0.08044982698961937,core,1.0
1305,D:\Budapest2025_Google\20250822_195052.jpg,13,0.10755478662053057,0.8291522491349481,0.14215686274509803,0.07482698961937716,core,1.0
1306,D:\Budapest2025_Google\20250822_195052.jpg,5,0.12773933102652826,0.6591695501730104,0.1309111880046136,0.10705017301038063,core,0.3022463056776259
1307,D:\Budapest2025_Google\20250824_154452.jpg,0,0.3263333333333333,0.41725,0.07266666666666667,0.06575,core,1.0
1308,D:\Budapest2025_Google\20250824_154604.jpg,0,0.334,0.413,0.1,0.09925,core,1.0
1309,D:\Budapest2025_Google\20250824_154448.jpg,0,0.3616666666666667,0.42125,0.06733333333333333,0.063,core,0.5679040749867758
1310,D:\Budapest2025_Google\20250824_154601.jpg,0,0.341,0.4145,0.09533333333333334,0.09525,core,0.2064396540323894
