Method,Pairwise Accuracy,Num Pairs,Num Correct,Runtime (s)
Combined-RuleBased,0.577391304347826,12075,6972,1177.0066952705383
Sharpness,0.5633954451345756,12075,6803,1427.5225765705109
Exposure,0.5577639751552795,12075,6735,1334.0779912471771
