Method,Overall Accuracy,Strong Preference Accuracy,Weak Preference Accuracy,Num Strong Pairs,Num Weak Pairs
Combined-RuleBased,0.577391304347826,0.6211293260473588,0.4873134328358209,5490,1340
Sharpness,0.5633954451345756,0.6012750455373406,0.5231343283582089,5490,1340
Exposure,0.5577639751552795,0.5956284153005464,0.5014925373134328,5490,1340
