name,scene,jod,ours_exposure,classical_midgray,sota_musiq,sota_clipiqa
29_Indoor_Scene_0.jpg,Indoor_Scene_0,-2.983846415969875,0.9647107894788346,0.8561755290700157,49.75154113769531,0.3412679135799408
0_Indoor_Scene_0.jpg,Indoor_Scene_0,-2.494759450978345,0.9745769868825529,0.8505731299927377,49.64365768432617,0.3573489487171173
66_Indoor_Scene_0.jpg,Indoor_Scene_0,-2.083214149864478,0.9906445426409072,0.9801909932077406,27.72426986694336,0.33916348218917847
33_Indoor_Scene_0.jpg,Indoor_Scene_0,-1.6414102024626425,0.9575850636935136,0.5756257302746807,24.572511672973633,0.3001423478126526
32_Indoor_Scene_0.jpg,Indoor_Scene_0,-1.6268640098646636,0.9632047861741097,0.6887091392199581,20.058815002441406,0.30038344860076904
52_Indoor_Scene_0.jpg,Indoor_Scene_0,-1.13824354453778,0.9568691650596874,0.6983491272587466,49.75889587402344,0.460533082485199
40_Indoor_Scene_0.JPG,Indoor_Scene_0,-1.0574063964565388,0.9729864694648573,0.7558622922807468,49.346153259277344,0.373614639043808
58_Indoor_Scene_0.jpg,Indoor_Scene_0,-0.747798622157305,0.9547227627878094,0.6612682780127301,37.18824768066406,0.44160041213035583
37_Indoor_Scene_0.jpg,Indoor_Scene_0,-0.7103860504282873,0.9739593315613413,0.7982854731086334,45.728187561035156,0.3140253722667694
54_Indoor_Scene_0.jpg,Indoor_Scene_0,-0.5946636668386737,0.97759232291206,0.9886033235080525,49.39977264404297,0.43031811714172363
36_Indoor_Scene_0.jpeg,Indoor_Scene_0,-0.5809682897531274,0.9818375198251909,0.9021039565978898,22.15511703491211,0.3376309871673584
12_Indoor_Scene_0.jpg,Indoor_Scene_0,-0.5241935508150241,0.9734414154065929,0.8326137912768593,47.338104248046875,0.4451943337917328
9_Indoor_Scene_0.jpg,Indoor_Scene_0,-0.3116126478568982,0.9723959583104178,0.9965043701140587,54.18193817138672,0.3909476697444916
19_Indoor_Scene_0.jpg,Indoor_Scene_0,-0.2610963811434667,0.9868657547067501,0.9410629210987228,50.02747344970703,0.3617230951786041
10_Indoor_Scene_0.jpg,Indoor_Scene_0,-0.2259759095394573,0.9643056843589335,0.8838745098039216,37.70050048828125,0.27743491530418396
26_Indoor_Scene_0.jpg,Indoor_Scene_0,-0.1933893410461731,0.9797112577793603,0.9064197940962877,47.79283905029297,0.37171220779418945
4_Indoor_Scene_0.JPG,Indoor_Scene_0,-0.1581208308121446,0.9720687900914782,0.9248377803408946,43.321495056152344,0.373073011636734
46_Indoor_Scene_0.jpg,Indoor_Scene_0,-0.1209884541268035,0.9719604256872316,0.7912114588406169,49.49772644042969,0.2911342680454254
61_Indoor_Scene_0.jpg,Indoor_Scene_0,0.1119631693973898,0.9711299380507292,0.897366441966765,49.09469985961914,0.3600742816925049
47_Indoor_Scene_0.jpg,Indoor_Scene_0,0.2485372116721963,0.9822445093087605,0.9302066145499593,49.80462646484375,0.30280953645706177
68_Indoor_Scene_0.jpg,Indoor_Scene_0,0.3612964584861487,0.9735277372940837,0.7931102328164381,51.44959259033203,0.3770873546600342
22_Indoor_Scene_0.jpg,Indoor_Scene_0,0.561506488682639,0.9638033342644784,0.9984674236404801,50.139137268066406,0.344351202249527
38_Indoor_Scene_0.jpg,Indoor_Scene_0,0.5871076192849569,0.9652742762013276,0.877843085992567,53.25385284423828,0.37755459547042847
57_Indoor_Scene_0.jpg,Indoor_Scene_0,0.8392427594084859,0.9823435675186047,0.9391639318210945,39.73719787597656,0.3447878658771515
51_Indoor_Scene_0.jpg,Indoor_Scene_0,1.276762343289953,0.9705978645754855,0.8968604177880302,44.559844970703125,0.4251309037208557
43_Indoor_Scene_0.jpg,Indoor_Scene_0,1.5780882552048905,0.9791531877059467,0.894957033619548,40.97693634033203,0.34904947876930237
59_Indoor_Scene_0.jpg,Indoor_Scene_0,1.7955257808099,0.9693027618134502,0.7467762142765603,55.690311431884766,0.36059293150901794
50_Indoor_Scene_0.jpg,Indoor_Scene_0,2.1936125462178504,0.9642217625843241,0.9253348472809604,36.471336364746094,0.35101673007011414
8_Indoor_Scene_0.tiff,Indoor_Scene_0,2.5090433712996343,0.9654471386680082,0.79327958990132,45.071250915527344,0.48796167969703674
17_Indoor_Scene_0.jpg,Indoor_Scene_0,4.641290732021198,0.9780679501344258,0.9902331342645991,52.320457458496094,0.42650848627090454
122_Indoor_Scene_1.tiff,Indoor_Scene_1,-4.034502525681749,0.9438934916491052,0.6072044085608099,16.195133209228516,0.4073738157749176
101_Indoor_Scene_1.jpg,Indoor_Scene_1,-2.7465193909042647,0.9550888960137187,0.5385469212695971,30.428939819335938,0.29249107837677
81_Indoor_Scene_1.tif,Indoor_Scene_1,-1.717052127380139,0.9632392628024277,0.735512361912085,21.611759185791016,0.4065644145011902
85_Indoor_Scene_1.jpg,Indoor_Scene_1,-1.5096188475217898,0.9606089437237963,0.7149212217523175,25.310026168823242,0.30375078320503235
193_Indoor_Scene_1.jpg,Indoor_Scene_1,-1.4257515452165208,0.969677091817331,0.7546753744286385,30.711780548095703,0.3390668034553528
120_Indoor_Scene_1.jpg,Indoor_Scene_1,-1.1849529939444747,0.9352782225134166,0.4561305344098423,18.064250946044922,0.3081306219100952
130_Indoor_Scene_1.JPG,Indoor_Scene_1,-1.0123325794272882,0.9778646929241721,0.7747047853389721,21.66609001159668,0.3044099509716034
150_Indoor_Scene_1.jpg,Indoor_Scene_1,-0.8876174560748361,0.9700055391328404,0.7882503276517581,35.22251892089844,0.312019407749176
183_Indoor_Scene_1.jpg,Indoor_Scene_1,-0.7675880131025062,0.9712357070310186,0.7047803152633602,31.84571647644043,0.3109063506126404
151_Indoor_Scene_1.jpg,Indoor_Scene_1,-0.6528985663037767,0.9723588637359216,0.7620142167542399,27.793914794921875,0.27704718708992004
97_Indoor_Scene_1.jpg,Indoor_Scene_1,-0.5178893156259178,0.9511612308702018,0.5276973779315648,32.91590118408203,0.3303452730178833
175_Indoor_Scene_1.jpg,Indoor_Scene_1,-0.4335078859520366,0.9661956614033462,0.8705043837840146,43.19093704223633,0.3198862671852112
162_Indoor_Scene_1.jpg,Indoor_Scene_1,-0.3898503335165378,0.9476431222938767,0.5038423102225639,35.69024658203125,0.31956133246421814
186_Indoor_Scene_1.jpg,Indoor_Scene_1,-0.2391017779372466,0.9688018556858482,0.9490038429663803,32.91355895996094,0.3501965403556824
133_Indoor_Scene_1.jpg,Indoor_Scene_1,-0.1427504983067413,0.9619544224858017,0.7561107266435987,19.273685455322266,0.23634910583496094
155_Indoor_Scene_1.jpg,Indoor_Scene_1,-0.1059236527560703,0.971240589544349,0.9638538203255158,25.173625946044922,0.30430465936660767
94_Indoor_Scene_1.jpg,Indoor_Scene_1,0.117951590063684,0.9669190008336271,0.8722904899824854,50.96980285644531,0.33771875500679016
105_Indoor_Scene_1.jpg,Indoor_Scene_1,0.3554481860144327,0.9696029707428333,0.8728689580930412,24.732723236083984,0.30684903264045715
159_Indoor_Scene_1.jpg,Indoor_Scene_1,0.4529511362894955,0.9615162175122758,0.8396943124439318,33.208282470703125,0.34303802251815796
84_Indoor_Scene_1.jpg,Indoor_Scene_1,0.497385966946938,0.95569913650455,0.548332364475202,36.774749755859375,0.3538185954093933
164_Indoor_Scene_1.jpg,Indoor_Scene_1,0.5692977837969359,0.9588655779015156,0.865836944764834,31.096023559570312,0.3620167672634125
180_Indoor_Scene_1.jpg,Indoor_Scene_1,0.7447409559250975,0.9734281578220314,0.7268383544790465,31.525266647338867,0.3240552544593811
110_Indoor_Scene_1.jpg,Indoor_Scene_1,0.8678883065670894,0.9686789792857553,0.7576838959374599,29.7750186920166,0.30894094705581665
93_Indoor_Scene_1.jpg,Indoor_Scene_1,1.0067360006669368,0.9662606174097368,0.7474662292280747,38.03971862792969,0.30139273405075073
91_Indoor_Scene_1.jpg,Indoor_Scene_1,1.0989197905985744,0.962839416696942,0.8438820453671665,25.4284725189209,0.3733343780040741
131_Indoor_Scene_1.jpg,Indoor_Scene_1,1.3451582116844183,0.9749175626687098,0.8031783297022513,26.313064575195312,0.3541783094406128
119_Indoor_Scene_1.jpg,Indoor_Scene_1,1.573466005808934,0.9858812576339863,0.984081664317143,27.696880340576172,0.2865261435508728
136_Indoor_Scene_1.jpg,Indoor_Scene_1,1.889777081922544,0.9445107019819494,0.9641875483788286,30.356719970703125,0.3288075923919678
161_Indoor_Scene_1.jpg,Indoor_Scene_1,2.797753908081101,0.9582197830475256,0.8068220940663847,34.95155715942383,0.31854838132858276
113_Indoor_Scene_1.jpg,Indoor_Scene_1,3.762825230411833,0.9520637070555542,0.6997496894356872,35.68238830566406,0.3157009482383728
1083_Indoor_Scene_10.jpg,Indoor_Scene_10,-4.438015959735226,0.7718728184907407,0.09051718911529749,17.5893497467041,0.3113024830818176
1009_Indoor_Scene_10.jpg,Indoor_Scene_10,-3.1846042572340028,0.8309558688731367,0.17575183561877905,14.943995475769043,0.37417611479759216
1095_Indoor_Scene_10.jpg,Indoor_Scene_10,-2.041478190598693,0.8126749747451054,0.18498366952881373,23.125173568725586,0.4378573000431061
1075_Indoor_Scene_10.jpg,Indoor_Scene_10,-1.7255281735253467,0.8156478197976003,0.17991815797342903,23.537826538085938,0.3171864151954651
1048_Indoor_Scene_10.jpg,Indoor_Scene_10,-1.4358386046511693,0.9656833905178386,0.7116556538083644,54.62555694580078,0.579032301902771
1100_Indoor_Scene_10.jpg,Indoor_Scene_10,-1.361475159962286,0.8916982574033726,0.2673716194625999,40.364986419677734,0.3921865224838257
1066_Indoor_Scene_10.jpg,Indoor_Scene_10,-1.0015254542294203,0.9497642990135184,0.9059018941432783,49.793968200683594,0.391439825296402
1082_Indoor_Scene_10.jpg,Indoor_Scene_10,-0.8410466251768243,0.9518482936463213,0.5608427869622794,28.333492279052734,0.3753695487976074
1039_Indoor_Scene_10.jpg,Indoor_Scene_10,-0.6044905651818987,0.9370868558791428,0.9320286658977316,41.8787956237793,0.39534109830856323
1032_Indoor_Scene_10.jpg,Indoor_Scene_10,-0.5295664005181462,0.957500622552997,0.770485840488701,48.362548828125,0.4923778474330902
1107_Indoor_Scene_10.jpg,Indoor_Scene_10,-0.4395347157403953,0.9640180962354874,0.689915287282669,53.645469665527344,0.48575037717819214
1074_Indoor_Scene_10.JPG,Indoor_Scene_10,-0.2567964151141286,0.9623045663918222,0.983924162501602,51.495994567871094,0.3623259961605072
1105_Indoor_Scene_10.jpg,Indoor_Scene_10,-0.1089095983460792,0.9628216181135625,0.8549336135674312,45.010009765625,0.3211800456047058
1042_Indoor_Scene_10.jpg,Indoor_Scene_10,-0.00059531534775,0.9533433439692989,0.6552097227562049,52.3726921081543,0.4610801637172699
1085_Indoor_Scene_10.jpg,Indoor_Scene_10,0.0829540133389567,0.943772414797617,0.6738547191251228,33.348793029785156,0.4727475643157959
1041_Indoor_Scene_10.jpg,Indoor_Scene_10,0.1788606114576449,0.9635853620727386,0.7848162262377718,57.515159606933594,0.4733348786830902
1024_Indoor_Scene_10.jpg,Indoor_Scene_10,0.3335010006861086,0.9617047135454824,0.7630560075184758,53.13109588623047,0.43176254630088806
1023_Indoor_Scene_10.jpg,Indoor_Scene_10,0.4290807079710454,0.9585469254986936,0.6749343483275663,47.9139518737793,0.48384737968444824
1102_Indoor_Scene_10.jpg,Indoor_Scene_10,0.5129513156793403,0.9423496109868701,0.7090970959887223,56.10307693481445,0.49837368726730347
1040_Indoor_Scene_10.jpg,Indoor_Scene_10,0.5721666021417743,0.960723108582869,0.6284081370413089,52.86339569091797,0.4991168975830078
1047_Indoor_Scene_10.jpg,Indoor_Scene_10,0.6516001962236966,0.9543542774410868,0.9832839847921739,56.311248779296875,0.4592107832431793
989_Indoor_Scene_10.jpg,Indoor_Scene_10,0.8462344832366416,0.9617969557933379,0.7882255850313982,57.215118408203125,0.4879080653190613
1080_Indoor_Scene_10.jpg,Indoor_Scene_10,1.0191136795285698,0.9659944485416144,0.7584507633816053,56.94097900390625,0.47391533851623535
1046_Indoor_Scene_10.jpg,Indoor_Scene_10,1.0750877615707162,0.9544841313305312,0.7380635584604213,60.80799865722656,0.5292094945907593
1003_Indoor_Scene_10.jpg,Indoor_Scene_10,1.2283967903937962,0.9554340135567836,0.7339593728907685,44.55906677246094,0.36113348603248596
1014_Indoor_Scene_10.jpg,Indoor_Scene_10,1.3961411812258815,0.9717033181386151,0.7653313067623564,53.72063446044922,0.519153892993927
1072_Indoor_Scene_10.jpg,Indoor_Scene_10,1.6597422435692626,0.963609555412366,0.6295628279721475,53.79662322998047,0.45644456148147583
1081_Indoor_Scene_10.jpg,Indoor_Scene_10,1.8969448912269156,0.9265659925405627,0.5394451091460549,45.50239944458008,0.3373732566833496
1028_Indoor_Scene_10.jpg,Indoor_Scene_10,2.054166900286567,0.9661766033853563,0.8227783433722073,47.68873977661133,0.45946556329727173
1027_Indoor_Scene_10.jpg,Indoor_Scene_10,2.831123744780461,0.9666098110158259,0.6973068717160066,55.516845703125,0.4586474895477295
1121_Indoor_Scene_11.jpeg,Indoor_Scene_11,-4.67417227598088,0.895734357959286,0.4222517390747149,34.04499816894531,0.3574259281158447
1136_Indoor_Scene_11.jpg,Indoor_Scene_11,-2.23662768132984,0.9689059521876592,0.9452037934127899,17.7962703704834,0.5343363881111145
1172_Indoor_Scene_11.jpg,Indoor_Scene_11,-1.755641949000952,0.9284434268959112,0.47488489042675897,49.99028015136719,0.43040019273757935
1151_Indoor_Scene_11.jpg,Indoor_Scene_11,-1.6646425406139114,0.9510592054697936,0.7533922098338246,33.642173767089844,0.39358413219451904
1122_Indoor_Scene_11.jpg,Indoor_Scene_11,-1.418573164695247,0.951938561476549,0.6424998932034688,58.24809265136719,0.41364866495132446
1137_Indoor_Scene_11.jpg,Indoor_Scene_11,-1.3110246021366547,0.9645612631322327,0.8640378589431416,42.9576301574707,0.26006221771240234
1146_Indoor_Scene_11.jpg,Indoor_Scene_11,-1.124626527695174,0.9609052041793319,0.8288880140117049,46.52986145019531,0.36800915002822876
1129_Indoor_Scene_11.jpg,Indoor_Scene_11,-0.8205189942468333,0.9622118660667185,0.9326067717544534,42.2824592590332,0.4009439945220947
1123_Indoor_Scene_11.jpg,Indoor_Scene_11,-0.7218839795186182,0.9668795260699435,0.7080613405100602,51.54259490966797,0.3663163483142853
1133_Indoor_Scene_11.jpg,Indoor_Scene_11,-0.6838614131911791,0.9459597785454934,0.6357414293647742,43.212852478027344,0.41386422514915466
1190_Indoor_Scene_11.jpg,Indoor_Scene_11,-0.4556918965327902,0.9464425830990915,0.8265310128583024,37.694488525390625,0.4210093915462494
1134_Indoor_Scene_11.jpg,Indoor_Scene_11,-0.340110250116742,0.9689981786121371,0.7302153974966893,39.78494644165039,0.37229830026626587
1131_Indoor_Scene_11.JPG,Indoor_Scene_11,-0.2768529357828718,0.9684029865618468,0.8335478388653936,48.97527313232422,0.38634273409843445
1138_Indoor_Scene_11.jpg,Indoor_Scene_11,-0.1620231870506628,0.966800513919547,0.7241069195608527,51.69754409790039,0.4454542100429535
1170_Indoor_Scene_11.jpg,Indoor_Scene_11,-0.1388894305622621,0.9506596233742279,0.9321712264513649,57.55717468261719,0.522209882736206
1166_Indoor_Scene_11.jpg,Indoor_Scene_11,0.0430015349542913,0.9627379874302227,0.9388875184758,53.12141418457031,0.485123872756958
1150_Indoor_Scene_11.jpg,Indoor_Scene_11,0.0689711288755143,0.9761186713847821,0.8788906488957239,55.730926513671875,0.4921974241733551
1157_Indoor_Scene_11.jpg,Indoor_Scene_11,0.1247076402159525,0.9492302547494307,0.7395437618010168,46.03168869018555,0.4089530110359192
1130_Indoor_Scene_11.jpg,Indoor_Scene_11,0.294322714146142,0.9656401302463983,0.8273281148276304,55.860595703125,0.4915671944618225
1181_Indoor_Scene_11.jpg,Indoor_Scene_11,0.324082030793872,0.9541110040489208,0.6104424247084455,61.97661590576172,0.515838623046875
1200_Indoor_Scene_11.JPG,Indoor_Scene_11,0.4856741911295303,0.9356014526755618,0.5286006852065446,49.365875244140625,0.4189165532588959
1154_Indoor_Scene_11.jpg,Indoor_Scene_11,0.7075991333021654,0.9569081457376327,0.8768342671622026,57.551475524902344,0.4228505492210388
1111_Indoor_Scene_11.jpg,Indoor_Scene_11,0.9187405571116692,0.9631785657000904,0.8179072596010082,53.13270568847656,0.4336093068122864
1198_Indoor_Scene_11.jpg,Indoor_Scene_11,1.0319085452794006,0.9664602968508607,0.9112577350591653,56.305885314941406,0.439352810382843
1199_Indoor_Scene_11.jpg,Indoor_Scene_11,1.060252007722257,0.9539996037854113,0.8084999854756717,52.76215744018555,0.4712202548980713
1186_Indoor_Scene_11.jpg,Indoor_Scene_11,1.247858155948239,0.9596191628819337,0.6923495852022726,47.3077392578125,0.3842743933200836
1171_Indoor_Scene_11.jpg,Indoor_Scene_11,1.9449813590600065,0.9323511846006471,0.9002206365073262,57.234619140625,0.5462539196014404
1115_Indoor_Scene_11.jpg,Indoor_Scene_11,2.253639671071421,0.9499627989186072,0.7411331744200949,52.86653137207031,0.3949142098426819
1197_Indoor_Scene_11.jpg,Indoor_Scene_11,2.350371367274298,0.9634278274660018,0.8280883591780939,54.08868408203125,0.44281166791915894
1155_Indoor_Scene_11.tiff,Indoor_Scene_11,3.945122788454441,0.9557470551362159,0.7259297466786279,57.090087890625,0.5730887651443481
1289_Indoor_Scene_12.jpg,Indoor_Scene_12,-4.653098915973352,0.9204562777339116,0.4556086462471699,45.83802032470703,0.5064225792884827
1220_Indoor_Scene_12.jpg,Indoor_Scene_12,-2.0612042440349025,0.9347446511693256,0.8661081122645137,57.78596878051758,0.6341243982315063
1287_Indoor_Scene_12.jpg,Indoor_Scene_12,-1.5179770890920488,0.965896126430206,0.9703333589645009,53.148399353027344,0.6341702938079834
1214_Indoor_Scene_12.JPG,Indoor_Scene_12,-1.3146877753234276,0.9826690934021853,0.740080710837712,65.98997497558594,0.47777897119522095
1267_Indoor_Scene_12.jpg,Indoor_Scene_12,-1.2257378502688712,0.9523296250515543,0.9366128104575163,61.67987823486328,0.6388640403747559
1208_Indoor_Scene_12.jpeg,Indoor_Scene_12,-1.1619706089157336,0.9431483061458699,0.8269726891366568,69.1168441772461,0.6116957068443298
1237_Indoor_Scene_12.tiff,Indoor_Scene_12,-1.066766104463085,0.9436406942330084,0.8933162629757786,51.00571823120117,0.5817144513130188
1258_Indoor_Scene_12.JPG,Indoor_Scene_12,-0.8883407373983644,0.9326426752865893,0.9707931752744672,53.25248718261719,0.553398609161377
1215_Indoor_Scene_12.JPG,Indoor_Scene_12,-0.7489302420939951,0.900967324554709,0.9666695407749155,56.0566291809082,0.630436897277832
1295_Indoor_Scene_12.jpg,Indoor_Scene_12,-0.6791364856657874,0.9638980381838601,0.8394095911828784,54.34132385253906,0.5719994306564331
1209_Indoor_Scene_12.jpg,Indoor_Scene_12,-0.3865705093072571,0.9499854679925147,0.8639627801273015,56.653968811035156,0.5464557409286499
1299_Indoor_Scene_12.jpg,Indoor_Scene_12,-0.3487867942945031,0.9440770086908065,0.828317737622282,55.58047866821289,0.6127945184707642
1210_Indoor_Scene_12.jpg,Indoor_Scene_12,-0.2960605066918345,0.9376275056698211,0.8647574215045495,58.95073699951172,0.5765548348426819
1247_Indoor_Scene_12.jpg,Indoor_Scene_12,-0.2381839919168504,0.9663487534672617,0.7694493331624589,61.48871612548828,0.5420212149620056
1224_Indoor_Scene_12.jpeg,Indoor_Scene_12,-0.1247593622592207,0.9365887701115516,0.9265419556580802,45.64329147338867,0.36203283071517944
1266_Indoor_Scene_12.jpg,Indoor_Scene_12,0.0107568633931657,0.9742362488385261,0.8789374343201333,63.35862350463867,0.5909937024116516
1297_Indoor_Scene_12.jpg,Indoor_Scene_12,0.1135097671874029,0.9612122365934148,0.8496558041778802,60.849666595458984,0.574282705783844
1272_Indoor_Scene_12.jpg,Indoor_Scene_12,0.196919318763602,0.9405723794952987,0.9951786441112394,64.931884765625,0.7157189249992371
1256_Indoor_Scene_12.jpg,Indoor_Scene_12,0.290907772315654,0.9664383506937189,0.8266825443205603,58.88006591796875,0.5438380241394043
1271_Indoor_Scene_12.jpg,Indoor_Scene_12,0.4397492856025139,0.9405723794952987,0.9951786441112394,64.931884765625,0.7157189249992371
1230_Indoor_Scene_12.jpeg,Indoor_Scene_12,0.4827636837497881,0.9464936631601393,0.9202143619975224,56.147186279296875,0.6644275188446045
1285_Indoor_Scene_12.jpg,Indoor_Scene_12,0.5266712842763859,0.9766662188977833,0.9489435106155752,61.51017761230469,0.5877761244773865
1245_Indoor_Scene_12.jpg,Indoor_Scene_12,0.6123192389860157,0.9774256169717143,0.8763890230253321,65.5108413696289,0.6514958143234253
1290_Indoor_Scene_12.jpg,Indoor_Scene_12,0.6952298599679214,0.9170559852412099,0.9412251390490838,60.597476959228516,0.6731830835342407
1241_Indoor_Scene_12.jpg,Indoor_Scene_12,0.8862353832197544,0.9666741259528241,0.7837300046990473,71.75182342529297,0.7397356033325195
1231_Indoor_Scene_12.JPG,Indoor_Scene_12,1.427243152053044,0.9483234778690913,0.9904581314878893,67.23204803466797,0.6466708779335022
1265_Indoor_Scene_12.jpg,Indoor_Scene_12,1.7315206557388778,0.9794465082278978,0.977117563330343,70.3296127319336,0.7516769170761108
1238_Indoor_Scene_12.jpg,Indoor_Scene_12,2.0279514325928822,0.9739814911806373,0.9144590644623862,70.87712860107422,0.6648808717727661
1221_Indoor_Scene_12.jpg,Indoor_Scene_12,2.4961735586063507,0.9482650122992722,0.90929083344013,69.15829467773438,0.650894820690155
1206_Indoor_Scene_12.jpg,Indoor_Scene_12,3.7541628826465274,0.9807194685837148,0.9930288418984151,71.62588500976562,0.6818605661392212
1376_Indoor_Scene_13.JPG,Indoor_Scene_13,-4.498078476054169,0.8869681506456304,0.4693487974710582,16.194108963012695,0.3428165912628174
1373_Indoor_Scene_13.jpg,Indoor_Scene_13,-2.749513148999644,0.9532684254591316,0.8477199812038105,17.42439842224121,0.4789060056209564
1310_Indoor_Scene_13.JPG,Indoor_Scene_13,-1.966706178173315,0.9061215108504048,0.9160657934982273,32.25096130371094,0.34772688150405884
1378_Indoor_Scene_13.jpg,Indoor_Scene_13,-1.3767920251658765,0.955217117739835,0.763120112777137,13.546477317810059,0.3878728449344635
1362_Indoor_Scene_13.jpg,Indoor_Scene_13,-1.2636493196190204,0.9505620633289313,0.7943089205006622,22.658849716186523,0.3866528868675232
1345_Indoor_Scene_13.jpg,Indoor_Scene_13,-0.930546883510143,0.9524796996686165,0.7812964722969798,23.55343246459961,0.38057762384414673
1329_Indoor_Scene_13.jpg,Indoor_Scene_13,-0.740165232308323,0.9553749862668343,0.9397897184843437,46.54351043701172,0.39407819509506226
1343_Indoor_Scene_13.jpg,Indoor_Scene_13,-0.6337459081078991,0.9825593881207912,0.9096366457345466,15.980819702148438,0.4397520422935486
1332_Indoor_Scene_13.jpg,Indoor_Scene_13,-0.5363278242229729,0.8648928183907106,0.9060967456960998,18.458629608154297,0.5722743272781372
1388_Indoor_Scene_13.jpg,Indoor_Scene_13,-0.4424607404824929,0.9273117076696469,0.6395729574095433,20.7239990234375,0.3888363838195801
1327_Indoor_Scene_13.jpg,Indoor_Scene_13,-0.3716990222601475,0.9669160364404932,0.9583490178990985,42.15903854370117,0.46755900979042053
1315_Indoor_Scene_13.jpg,Indoor_Scene_13,-0.2935887559250532,0.9732192580254317,0.8487038113546072,27.11966323852539,0.5119755268096924
1386_Indoor_Scene_13.jpg,Indoor_Scene_13,-0.240185286288746,0.9460092536840292,0.9194648417275407,35.71383285522461,0.4074738025665283
1383_Indoor_Scene_13.jpg,Indoor_Scene_13,-0.1083200768169646,0.9445740345931297,0.8193135255670896,24.933795928955078,0.5012427568435669
1330_Indoor_Scene_13.JPG,Indoor_Scene_13,-0.0359199824645501,0.9578036399232,0.653358725276603,26.59867286682129,0.37140148878097534
1356_Indoor_Scene_13.jpg,Indoor_Scene_13,0.1397065298673261,0.9495352550415563,0.9983564201802726,37.49182891845703,0.504684329032898
1308_Indoor_Scene_13.JPG,Indoor_Scene_13,0.2523077298562686,0.9629954549036801,0.7236280473322226,22.2183837890625,0.372977077960968
1344_Indoor_Scene_13.jpg,Indoor_Scene_13,0.2902339520360882,0.9434672226241454,0.8071674860096544,40.466087341308594,0.4229639172554016
1360_Indoor_Scene_13.jpg,Indoor_Scene_13,0.3547399599345958,0.957859344633762,0.8010922568242983,42.518455505371094,0.43347540497779846
1352_Indoor_Scene_13.jpg,Indoor_Scene_13,0.4298478294228574,0.9446414947879307,0.7787252424281259,28.607431411743164,0.4195620119571686
1369_Indoor_Scene_13.jpg,Indoor_Scene_13,0.4748827232216668,0.9390054589586616,0.8739602375154853,38.210960388183594,0.5757060050964355
1396_Indoor_Scene_13.jpg,Indoor_Scene_13,0.5385910642679093,0.9688614473373613,0.9611128096031442,31.003917694091797,0.47890233993530273
1307_Indoor_Scene_13.jpg,Indoor_Scene_13,0.6265495460408103,0.9646779745214547,0.9000373429023025,26.735517501831055,0.4425826668739319
1316_Indoor_Scene_13.jpg,Indoor_Scene_13,0.8680923593374855,0.9630567086588284,0.8075889068307062,40.924373626708984,0.40388789772987366
1317_Indoor_Scene_13.jpg,Indoor_Scene_13,0.9700829115918408,0.9686827167368459,0.8487836233927122,40.204444885253906,0.4882424473762512
1312_Indoor_Scene_13.JPG,Indoor_Scene_13,1.091672214511962,0.9473767068672527,0.9208254021957366,37.518680572509766,0.39446425437927246
1389_Indoor_Scene_13.jpg,Indoor_Scene_13,1.2301229225921704,0.9671547191764938,0.8123796215130933,38.36469268798828,0.31545886397361755
1351_Indoor_Scene_13.jpg,Indoor_Scene_13,1.8020649539563125,0.9417702032642119,0.9276566995599983,45.071563720703125,0.4567839503288269
1395_Indoor_Scene_13.jpg,Indoor_Scene_13,2.3808143488700337,0.8838325488714015,0.9499820855226622,43.5788459777832,0.4363912045955658
1348_Indoor_Scene_13.JPG,Indoor_Scene_13,3.286431307052445,0.9698861996633054,0.9107440078602247,42.28325271606445,0.47714561223983765
252_Indoor_Scene_2.JPG,Indoor_Scene_2,-4.861141692784473,0.9082687922917366,0.45138724763979665,13.7152738571167,0.22315828502178192
199_Indoor_Scene_2.JPG,Indoor_Scene_2,-2.364857863539859,0.9600113017621721,0.9923599470289205,27.05712127685547,0.3976474702358246
200_Indoor_Scene_2.JPG,Indoor_Scene_2,-1.8524140257463864,0.9630498354283326,0.9027790337049852,23.04991340637207,0.2763155400753021
229_Indoor_Scene_2.jpg,Indoor_Scene_2,-1.387416934435581,0.951611547243422,0.8206513665684139,28.6530818939209,0.19550882279872894
225_Indoor_Scene_2.jpg,Indoor_Scene_2,-1.1020558261946911,0.9644609044603489,0.8400500627963604,41.14874267578125,0.4454025626182556
240_Indoor_Scene_2.jpg,Indoor_Scene_2,-1.062951856227358,0.9725367339059675,0.8536487812379854,17.58441925048828,0.3015190660953522
230_Indoor_Scene_2.JPG,Indoor_Scene_2,-0.9296616276993034,0.9442410421740797,0.7015404878465548,23.42105484008789,0.2664770483970642
264_Indoor_Scene_2.jpg,Indoor_Scene_2,-0.9127140304995952,0.939201415996479,0.8880510299457474,34.598838806152344,0.4022347927093506
215_Indoor_Scene_2.JPG,Indoor_Scene_2,-0.8396659382356845,0.9677256393615177,0.6620309180229826,34.73886489868164,0.26102736592292786
263_Indoor_Scene_2.jpg,Indoor_Scene_2,-0.7469189636810069,0.9590940124049688,0.7375324430774488,49.92637252807617,0.45365110039711
260_Indoor_Scene_2.jpg,Indoor_Scene_2,-0.6208149492951314,0.9500656556134928,0.7853361971891153,27.894515991210938,0.42066192626953125
253_Indoor_Scene_2.jpg,Indoor_Scene_2,-0.4792935156555163,0.9504686050296591,0.9522078311760435,41.22856140136719,0.5004180669784546
197_Indoor_Scene_2.jpg,Indoor_Scene_2,-0.2887801105540787,0.9475541989379521,0.9912728847879022,46.390533447265625,0.4136173129081726
219_Indoor_Scene_2.JPG,Indoor_Scene_2,-0.2333153073034533,0.9537391620402597,0.7337384561493443,30.144933700561523,0.28973835706710815
204_Indoor_Scene_2.jpg,Indoor_Scene_2,-0.1217614565558321,0.9568404113776143,0.8792339869281046,41.13835906982422,0.3027614653110504
221_Indoor_Scene_2.jpg,Indoor_Scene_2,-0.0470016968453,0.9629863194472084,0.8896258806441967,43.34771728515625,0.2752910852432251
245_Indoor_Scene_2.jpg,Indoor_Scene_2,0.0047686857723468,0.9639835567733375,0.9919533034303045,33.49067687988281,0.348813533782959
247_Indoor_Scene_2.jpg,Indoor_Scene_2,0.0689831587558472,0.9515508291231338,0.8938558844888719,51.66294479370117,0.5171376466751099
220_Indoor_Scene_2.jpg,Indoor_Scene_2,0.1403293313740776,0.9579074109545739,0.9905754641377248,55.75285339355469,0.49874886870384216
256_Indoor_Scene_2.jpg,Indoor_Scene_2,0.1989319963353074,0.9607031680131192,0.9058758152847196,43.491519927978516,0.48888006806373596
216_Indoor_Scene_2.jpg,Indoor_Scene_2,0.3346445588052562,0.9603094040156883,0.7277962971506685,50.578529357910156,0.5186144709587097
206_Indoor_Scene_2.JPG,Indoor_Scene_2,0.5152926445350786,0.9454902464042518,0.9521313682771584,44.439090728759766,0.4881824851036072
236_Indoor_Scene_2.tiff,Indoor_Scene_2,0.9004156462951384,0.9703182465877718,0.7437194856679055,34.718528747558594,0.45902466773986816
210_Indoor_Scene_2.jpg,Indoor_Scene_2,0.938172817551124,0.9516900603134673,0.6834297475330001,44.59929656982422,0.44061923027038574
235_Indoor_Scene_2.jpg,Indoor_Scene_2,1.2406912742155485,0.9594281383675363,0.7456177333504208,50.13216018676758,0.513503909111023
243_Indoor_Scene_2.jpg,Indoor_Scene_2,1.4393732396889802,0.9525010370637026,0.8318820111922764,55.758544921875,0.5615225434303284
201_Indoor_Scene_2.jpg,Indoor_Scene_2,1.6714491287047288,0.9682506060628185,0.975508332692554,53.65117645263672,0.4800536632537842
202_Indoor_Scene_2.jpg,Indoor_Scene_2,2.320417355148075,0.9701847186475661,0.6943593968131915,66.36394500732422,0.5444673299789429
244_Indoor_Scene_2.jpg,Indoor_Scene_2,2.666306787919596,0.9638371615421009,0.8932610158486054,64.42171478271484,0.6361513733863831
267_Indoor_Scene_2.jpg,Indoor_Scene_2,3.456490378403157,0.9672494437721318,0.805684422230766,61.488121032714844,0.6408188343048096
277_Indoor_Scene_3.jpg,Indoor_Scene_3,-5.431507241146366,0.8692152764856256,0.40372901362723734,22.446165084838867,0.3437379002571106
330_Indoor_Scene_3.jpg,Indoor_Scene_3,-3.1746723717122625,0.9493482304517624,0.5127157930710411,42.59300994873047,0.42090296745300293
278_Indoor_Scene_3.jpg,Indoor_Scene_3,-2.1194404448612376,0.9730575885303372,0.6987339706950318,42.48888397216797,0.47572556138038635
296_Indoor_Scene_3.jpg,Indoor_Scene_3,-1.488520387490715,0.9674195856535202,0.8616861309752659,55.546783447265625,0.4606790542602539
328_Indoor_Scene_3.jpg,Indoor_Scene_3,-1.0235164100380487,0.9733722111014578,0.887594672134649,52.08252716064453,0.46309223771095276
348_Indoor_Scene_3.jpg,Indoor_Scene_3,-1.00770245070473,0.9700010884402415,0.720410409671494,65.1142578125,0.5225095152854919
290_Indoor_Scene_3.jpg,Indoor_Scene_3,-0.9521614518660658,0.983900503086489,0.963433219701824,61.27482604980469,0.5091074705123901
340_Indoor_Scene_3.jpg,Indoor_Scene_3,-0.8825013701753196,0.9727761407583908,0.9393026101072237,59.05949401855469,0.5786020159721375
352_Indoor_Scene_3.jpg,Indoor_Scene_3,-0.7219083815488339,0.9758467091178642,0.9012439318210944,60.07334899902344,0.3972899317741394
275_Indoor_Scene_3.jpg,Indoor_Scene_3,-0.6463520499207202,0.9769931453839114,0.7502628732538767,62.77006149291992,0.46877413988113403
320_Indoor_Scene_3.jpg,Indoor_Scene_3,-0.472703343331037,0.9860821415434502,0.9677298919219104,56.564212799072266,0.49019306898117065
297_Indoor_Scene_3.jpg,Indoor_Scene_3,-0.2561311576093612,0.9785442420046631,0.8800248929898757,58.20634078979492,0.4923330247402191
298_Indoor_Scene_3.jpg,Indoor_Scene_3,-0.105665705733998,0.974619942132601,0.9453483497799992,62.53620147705078,0.5204919576644897
312_Indoor_Scene_3.jpg,Indoor_Scene_3,0.0334932729764891,0.9565013753957672,0.6555480268272886,61.92089080810547,0.4522835314273834
346_Indoor_Scene_3.jpg,Indoor_Scene_3,0.0753767579085151,0.9734063459498156,0.7824316049382716,59.182003021240234,0.5315633416175842
272_Indoor_Scene_3.jpg,Indoor_Scene_3,0.256707608339434,0.9618354999924881,0.6007871809987612,67.3844985961914,0.5122430920600891
315_Indoor_Scene_3.jpg,Indoor_Scene_3,0.3509730952640667,0.9792028644112536,0.8312595121534453,55.88694763183594,0.4878365397453308
335_Indoor_Scene_3.jpeg,Indoor_Scene_3,0.5240705176520914,0.9891367128048971,0.8484561493442693,63.66343688964844,0.6613848805427551
322_Indoor_Scene_3.jpg,Indoor_Scene_3,0.5912449249347124,0.969614867668541,0.6589512990730061,68.60360717773438,0.5630272030830383
334_Indoor_Scene_3.JPG,Indoor_Scene_3,0.6814893126396836,0.9837754424781273,0.9232071698919219,53.12157440185547,0.623336672782898
295_Indoor_Scene_3.jpg,Indoor_Scene_3,0.7964326519244894,0.966306678484101,0.9953656559442949,69.55237579345703,0.608843207359314
302_Indoor_Scene_3.tiff,Indoor_Scene_3,0.8550619561551277,0.9840568654429218,0.9278068469392113,50.33269500732422,0.6178843379020691
344_Indoor_Scene_3.jpg,Indoor_Scene_3,1.002557991153254,0.9840268717171405,0.989438745781537,68.4774398803711,0.6596751809120178
355_Indoor_Scene_3.jpg,Indoor_Scene_3,1.100536897454005,0.9880898647815606,0.9440105566235208,59.808746337890625,0.5034686326980591
288_Indoor_Scene_3.jpg,Indoor_Scene_3,1.1152989394607782,0.9664496680956626,0.7290541176470589,66.23616790771484,0.5456907153129578
309_Indoor_Scene_3.tiff,Indoor_Scene_3,1.307255801973931,0.9756112985547911,0.9422205920799692,56.61456298828125,0.6382154226303101
301_Indoor_Scene_3.tiff,Indoor_Scene_3,1.5368380361070222,0.9760335510353984,0.9267643863471315,58.52117156982422,0.6284284591674805
345_Indoor_Scene_3.jpg,Indoor_Scene_3,1.7483225394389268,0.9665381142627711,0.781596562006066,71.25492095947266,0.6289631128311157
310_Indoor_Scene_3.tiff,Indoor_Scene_3,2.0237825482043705,0.9794976496734271,0.9498759827416805,54.77989959716797,0.6469570398330688
337_Indoor_Scene_3.JPG,Indoor_Scene_3,2.5002949309433053,0.9849793415233434,0.7371110940236661,60.38713836669922,0.596602737903595
427_Indoor_Scene_4.JPG,Indoor_Scene_4,-3.8068274506037114,0.957484504160271,0.6970913853646034,17.642044067382812,0.484140545129776
373_Indoor_Scene_4.jpg,Indoor_Scene_4,-3.01222622507447,0.9433565554334047,0.7554342722884361,42.38296890258789,0.41113853454589844
386_Indoor_Scene_4.jpg,Indoor_Scene_4,-2.277712856291628,0.9545484031624163,0.6617927703020205,53.005836486816406,0.5396057367324829
388_Indoor_Scene_4.jpg,Indoor_Scene_4,-1.890044017308805,0.9497562144702627,0.7094672202998846,40.91619873046875,0.47867536544799805
397_Indoor_Scene_4.jpg,Indoor_Scene_4,-1.6231181940660262,0.9748613576489236,0.77944017087445,48.14701843261719,0.40079912543296814
401_Indoor_Scene_4.jpg,Indoor_Scene_4,-1.2707636381980671,0.9568836244763209,0.7177036080140117,42.13689041137695,0.434479296207428
423_Indoor_Scene_4.jpg,Indoor_Scene_4,-1.033241873077543,0.9409271465248746,0.6182928788072963,31.55328941345215,0.479481041431427
366_Indoor_Scene_4.jpg,Indoor_Scene_4,-0.8895711092261069,0.9323047731396374,0.48350354137297624,49.68003463745117,0.5236803889274597
380_Indoor_Scene_4.jpg,Indoor_Scene_4,-0.802061648213733,0.9560141803478636,0.7672435969071725,53.971675872802734,0.44109344482421875
382_Indoor_Scene_4.jpg,Indoor_Scene_4,-0.7321049181584932,0.9698348474179924,0.7962594625998548,39.985565185546875,0.48313069343566895
435_Indoor_Scene_4.jpg,Indoor_Scene_4,-0.5678965608503947,0.9619485579456524,0.7404293049681747,41.32609558105469,0.4501444697380066
447_Indoor_Scene_4.JPG,Indoor_Scene_4,-0.4423696325960102,0.9678903885520479,0.7166795676876415,52.29405975341797,0.49754324555397034
421_Indoor_Scene_4.jpg,Indoor_Scene_4,-0.3865189650126474,0.9518768369310064,0.6626770729206716,54.08490753173828,0.5099509954452515
436_Indoor_Scene_4.jpg,Indoor_Scene_4,-0.2359401907764421,0.9384401184503084,0.6690259780426332,50.03570556640625,0.418537437915802
383_Indoor_Scene_4.jpg,Indoor_Scene_4,0.034715862869313,0.9285209531190756,0.7091442710068777,48.64643859863281,0.45994406938552856
411_Indoor_Scene_4.jpg,Indoor_Scene_4,0.0997341079936594,0.9695452084268666,0.9209291537442864,46.05104446411133,0.4324231743812561
410_Indoor_Scene_4.jpg,Indoor_Scene_4,0.2737975998653524,0.9486599178907065,0.7810771583578966,46.183231353759766,0.4726313054561615
387_Indoor_Scene_4.jpg,Indoor_Scene_4,0.3484408147827922,0.9564503669014153,0.7645899474561066,49.397308349609375,0.47154340147972107
371_Indoor_Scene_4.JPG,Indoor_Scene_4,0.460765319371077,0.9732221627339913,0.7230086001110684,40.38055419921875,0.37755224108695984
404_Indoor_Scene_4.JPG,Indoor_Scene_4,0.6993687486528648,0.9604117812402226,0.8419840198214362,42.159393310546875,0.38925623893737793
377_Indoor_Scene_4.jpg,Indoor_Scene_4,0.8040453332765424,0.9449876775222572,0.6118202913409372,60.74890899658203,0.6078313589096069
437_Indoor_Scene_4.jpg,Indoor_Scene_4,1.0266222886865577,0.9440262390262777,0.7224366628219916,51.45590591430664,0.46019095182418823
425_Indoor_Scene_4.jpg,Indoor_Scene_4,1.1082208445954422,0.9519562208051815,0.7261941885599555,47.57310104370117,0.4946299195289612
422_Indoor_Scene_4.jpg,Indoor_Scene_4,1.33243659231663,0.9354545896624709,0.5758182716049383,48.96018981933594,0.44815102219581604
446_Indoor_Scene_4.jpg,Indoor_Scene_4,1.396925858501015,0.9451099423624314,0.6751595471827075,49.863895416259766,0.3852558732032776
407_Indoor_Scene_4.jpg,Indoor_Scene_4,1.417588793285781,0.9374566146966719,0.6392708240420351,51.724884033203125,0.37142401933670044
440_Indoor_Scene_4.jpg,Indoor_Scene_4,1.5640791967647436,0.9396899468550929,0.6666313537528301,51.46308135986328,0.43870919942855835
414_Indoor_Scene_4.jpg,Indoor_Scene_4,1.7774653358618808,0.9611141612729411,0.9745978521081635,49.042747497558594,0.37501832842826843
412_Indoor_Scene_4.jpg,Indoor_Scene_4,1.97484379521863,0.9524924410033897,0.8010284659746252,49.22995376586914,0.47001320123672485
430_Indoor_Scene_4.jpg,Indoor_Scene_4,2.88757739760536,0.959804444418333,0.7118335922081251,57.134559631347656,0.5365994572639465
481_Indoor_Scene_5.jpg,Indoor_Scene_5,-3.174585159750938,0.9834756527922095,0.804956838822675,62.52831268310547,0.5746265649795532
483_Indoor_Scene_5.jpg,Indoor_Scene_5,-2.662376603338515,0.9778663213118812,0.7807385706352258,65.65010833740234,0.610304594039917
478_Indoor_Scene_5.jpg,Indoor_Scene_5,-2.180164218439615,0.9703708945639642,0.8998976598744073,65.2282943725586,0.6453341841697693
477_Indoor_Scene_5.jpg,Indoor_Scene_5,-2.078639816000163,0.9794644954454026,0.9874978683412362,62.22152328491211,0.6094114184379578
479_Indoor_Scene_5.jpg,Indoor_Scene_5,-1.8081720202155789,0.9708843177110451,0.7512270084155667,62.74208068847656,0.6236507296562195
495_Indoor_Scene_5.jpg,Indoor_Scene_5,-1.7407993723706066,0.9703394191427883,0.8004547345038233,63.87405776977539,0.6097804307937622
480_Indoor_Scene_5.jpg,Indoor_Scene_5,-1.0295773946971944,0.9797894570341018,0.8420162911700628,65.72570037841797,0.6164032220840454
462_Indoor_Scene_5.jpg,Indoor_Scene_5,-1.0105495636953945,0.9531013171883955,0.6576632406339442,70.51912689208984,0.6723127961158752
450_Indoor_Scene_5.jpg,Indoor_Scene_5,-0.8335343776185785,0.9825470333601005,0.8600657934982272,66.84925079345703,0.6569157838821411
489_Indoor_Scene_5.JPG,Indoor_Scene_5,-0.7717419608210638,0.9730398732672554,0.9974314050151651,62.521968841552734,0.6347683072090149
476_Indoor_Scene_5.jpg,Indoor_Scene_5,-0.6659488456985351,0.9883806182970358,0.9568110965867829,64.54029846191406,0.5832093358039856
464_Indoor_Scene_5.jpg,Indoor_Scene_5,-0.2715422745347117,0.9677329306733384,0.7971507334785767,72.33284759521484,0.6926102042198181
452_Indoor_Scene_5.jpg,Indoor_Scene_5,-0.0643704827529411,0.9765170048989296,0.8645891272587466,61.39820861816406,0.6317836046218872
474_Indoor_Scene_5.jpg,Indoor_Scene_5,0.1082148087094813,0.9833015420384823,0.9089375744371823,67.50843811035156,0.6579629182815552
499_Indoor_Scene_5.jpg,Indoor_Scene_5,0.2031097706924641,0.9640658165040654,0.9959557674398736,67.56946563720703,0.6403129696846008
487_Indoor_Scene_5.jpg,Indoor_Scene_5,0.3551589638786099,0.9855881802132436,0.9205416104916911,68.41006469726562,0.6441613435745239
486_Indoor_Scene_5.jpg,Indoor_Scene_5,0.4094090634076911,0.985809455951931,0.9142521423384169,67.6436996459961,0.6365529894828796
490_Indoor_Scene_5.jpg,Indoor_Scene_5,0.4133787870791985,0.9657206404745259,0.8402556145072408,71.75897979736328,0.7428091764450073
451_Indoor_Scene_5.jpg,Indoor_Scene_5,0.4384595040620359,0.9780973306279459,0.932149539066171,69.66602325439453,0.6676639318466187
458_Indoor_Scene_5.JPG,Indoor_Scene_5,0.5797734310923879,0.9772571028452732,0.9304600316117733,63.10206604003906,0.6147775053977966
468_Indoor_Scene_5.tiff,Indoor_Scene_5,0.798009352866303,0.9830017927525436,0.9787773078730402,74.41803741455078,0.7010537385940552
475_Indoor_Scene_5.jpg,Indoor_Scene_5,0.8150548606808162,0.9775168346163307,0.8891509282754496,69.12067413330078,0.6357285380363464
493_Indoor_Scene_5.jpg,Indoor_Scene_5,1.022308514426894,0.9730701487685969,0.9582543124439318,74.98506927490234,0.659945011138916
473_Indoor_Scene_5.tiff,Indoor_Scene_5,1.0783565394844672,0.9754408904143641,0.9960085471399889,71.56529998779297,0.7150505781173706
466_Indoor_Scene_5.jpg,Indoor_Scene_5,1.168494400175662,0.9853252375750265,0.9091449169122987,69.98300170898438,0.6119240522384644
457_Indoor_Scene_5.JPG,Indoor_Scene_5,1.4772080687646472,0.9681497506271526,0.9462927045153573,66.48463439941406,0.675495445728302
460_Indoor_Scene_5.jpg,Indoor_Scene_5,1.5248189224476578,0.9768972014993166,0.9324125250971849,67.99131774902344,0.6558184623718262
496_Indoor_Scene_5.jpg,Indoor_Scene_5,1.6099788533950556,0.9685521626728799,0.93040256311675,67.48213195800781,0.6196707487106323
470_Indoor_Scene_5.jpg,Indoor_Scene_5,2.1897288785497824,0.975751896087044,0.9430692707932846,70.68074035644531,0.674240231513977
465_Indoor_Scene_5.jpg,Indoor_Scene_5,2.496454156279619,0.973145915764271,0.8851931821094452,74.15311431884766,0.7033757567405701
610_Indoor_Scene_6.JPG,Indoor_Scene_6,-4.388728250258157,0.9248927699850171,0.8546783134691784,13.777820587158203,0.5635101795196533
554_Indoor_Scene_6.jpg,Indoor_Scene_6,-2.352054170588806,0.9702549139765915,0.9847109641590841,33.55198669433594,0.4016427993774414
596_Indoor_Scene_6.jpg,Indoor_Scene_6,-1.7948233249858545,0.9731496064435877,0.8344282626340296,60.953487396240234,0.47017621994018555
620_Indoor_Scene_6.jpg,Indoor_Scene_6,-1.5202218849140965,0.9593262129219748,0.6420849690290059,32.96790313720703,0.4265654981136322
618_Indoor_Scene_6.jpg,Indoor_Scene_6,-1.3829758890083026,0.9600281271454397,0.7209339108889744,48.39086151123047,0.498103529214859
525_Indoor_Scene_6.jpg,Indoor_Scene_6,-1.1653602063668569,0.958951488401839,0.7219115588021701,49.00360107421875,0.43699154257774353
565_Indoor_Scene_6.jpg,Indoor_Scene_6,-0.954312242651733,0.9615084972973909,0.8831029774872912,68.19750213623047,0.6060854196548462
559_Indoor_Scene_6.jpg,Indoor_Scene_6,-0.8930770233732348,0.9600479964619155,0.8944119099491648,66.37860870361328,0.600726306438446
548_Indoor_Scene_6.JPG,Indoor_Scene_6,-0.842740437752658,0.9660371652610884,0.8535641061130335,50.99871826171875,0.5723296999931335
529_Indoor_Scene_6.jpg,Indoor_Scene_6,-0.7731820886187494,0.95280151134474,0.8936388260925285,65.74252319335938,0.6240235567092896
512_Indoor_Scene_6.jpg,Indoor_Scene_6,-0.7029671982474469,0.9645167526361358,0.7149475979324191,44.705322265625,0.5460584163665771
586_Indoor_Scene_6.JPG,Indoor_Scene_6,-0.5819309748182774,0.971724448299464,0.9480484839164424,54.780033111572266,0.47359347343444824
612_Indoor_Scene_6.JPG,Indoor_Scene_6,-0.3582788135552193,0.9535420556488443,0.8485239113161605,59.57196807861328,0.5474650263786316
572_Indoor_Scene_6.jpg,Indoor_Scene_6,-0.2191810475342046,0.9796100175635354,0.8428926036994319,56.90066909790039,0.5964652895927429
593_Indoor_Scene_6.jpg,Indoor_Scene_6,-0.1253623489837943,0.966165891626753,0.9231385227903797,56.09327697753906,0.504510760307312
562_Indoor_Scene_6.jpg,Indoor_Scene_6,0.0839907281836669,0.9493654670158209,0.8181842812593446,49.99605178833008,0.5529525279998779
600_Indoor_Scene_6.jpg,Indoor_Scene_6,0.1788078857638359,0.9722768944427704,0.8335036985774702,56.9113883972168,0.538558304309845
551_Indoor_Scene_6.jpg,Indoor_Scene_6,0.3310595444923736,0.9693188385418364,0.9004099278055449,70.36345672607422,0.6404722929000854
605_Indoor_Scene_6.jpg,Indoor_Scene_6,0.411531197946609,0.9728217878859442,0.7704225280874878,54.98097229003906,0.5960097908973694
567_Indoor_Scene_6.jpg,Indoor_Scene_6,0.5131549454183064,0.968186108238031,0.9930982203426033,68.81993865966797,0.6326433420181274
501_Indoor_Scene_6.jpg,Indoor_Scene_6,0.5883983200525155,0.9678766722516559,0.9892561732666922,62.16984176635742,0.6239467263221741
615_Indoor_Scene_6.jpg,Indoor_Scene_6,0.6689384799522662,0.9679679923090266,0.9449842163270536,70.81246948242188,0.6595572233200073
568_Indoor_Scene_6.jpg,Indoor_Scene_6,0.8201113256524396,0.9701855099073904,0.9013936759366056,64.18372344970703,0.6017119288444519
585_Indoor_Scene_6.JPG,Indoor_Scene_6,0.8786060949033784,0.9596625766511842,0.923359114870349,62.55894088745117,0.6217333078384399
574_Indoor_Scene_6.jpg,Indoor_Scene_6,1.0747790210883992,0.9579832551073301,0.6530329599726601,66.23921966552734,0.5669800639152527
606_Indoor_Scene_6.JPG,Indoor_Scene_6,1.143080046743347,0.9575477243787713,0.8276656021188432,60.686973571777344,0.6160025596618652
557_Indoor_Scene_6.jpg,Indoor_Scene_6,1.6525720558327583,0.9539383949777865,0.9824278867102396,68.06426239013672,0.641722559928894
510_Indoor_Scene_6.jpg,Indoor_Scene_6,2.113981248183579,0.9478766055875558,0.9602861121790763,64.50003814697266,0.6170624494552612
582_Indoor_Scene_6.jpg,Indoor_Scene_6,2.7847241021055544,0.9721198057680427,0.7668222000085437,62.58271026611328,0.5305416584014893
581_Indoor_Scene_6.jpg,Indoor_Scene_6,3.724540178538619,0.9624415567056197,0.8102958793626382,61.631080627441406,0.6066027879714966
629_Indoor_Scene_7.jpg,Indoor_Scene_7,-3.7125834523650254,0.9318476066118857,0.5511580058951685,14.47312068939209,0.47044819593429565
705_Indoor_Scene_7.jpg,Indoor_Scene_7,-2.687828834579604,0.9706248749753956,0.7351216950745441,16.06389045715332,0.4769640564918518
695_Indoor_Scene_7.jpg,Indoor_Scene_7,-2.1995003079975968,0.9390258312806328,0.5856231500704857,16.94215202331543,0.39810171723365784
731_Indoor_Scene_7.jpg,Indoor_Scene_7,-1.7895907253687595,0.9154363721511027,0.39742953906617107,29.901214599609375,0.40190356969833374
633_Indoor_Scene_7.jpg,Indoor_Scene_7,-1.5283065349463885,0.9595111147815292,0.9766930394292793,23.357498168945312,0.5174611806869507
699_Indoor_Scene_7.jpg,Indoor_Scene_7,-1.3513852260526615,0.9343708513146187,0.5285993455508564,25.586650848388672,0.33646100759506226
669_Indoor_Scene_7.JPG,Indoor_Scene_7,-1.223184810023207,0.9584250010421818,0.6622156333034303,34.70561981201172,0.4997166693210602
703_Indoor_Scene_7.jpg,Indoor_Scene_7,-1.055703447499121,0.9447815887865462,0.7251410859071297,42.96831512451172,0.37744784355163574
649_Indoor_Scene_7.jpg,Indoor_Scene_7,-0.7267705363900083,0.948012572002778,0.6813774667862788,35.774253845214844,0.47295063734054565
631_Indoor_Scene_7.jpg,Indoor_Scene_7,-0.7123165365221528,0.9573971842552309,0.7446106608569354,40.97862243652344,0.4118843972682953
632_Indoor_Scene_7.jpg,Indoor_Scene_7,-0.5258292978431691,0.947580678602072,0.5724681310607032,39.188148498535156,0.3821622133255005
636_Indoor_Scene_7.jpg,Indoor_Scene_7,-0.354197895139273,0.9566841467922877,0.6893124934854116,47.82865905761719,0.4432918131351471
674_Indoor_Scene_7.jpg,Indoor_Scene_7,-0.2726961514643374,0.946036433160945,0.5583623666111325,40.8712043762207,0.29066672921180725
668_Indoor_Scene_7.jpg,Indoor_Scene_7,-0.1991238255494173,0.9321819665879693,0.7905933444401726,45.62895202636719,0.5248473882675171
625_Indoor_Scene_7.jpg,Indoor_Scene_7,0.0165303802431721,0.9565939798325676,0.7942944405997693,38.67932891845703,0.46088823676109314
692_Indoor_Scene_7.jpg,Indoor_Scene_7,0.1099830469226307,0.9548604889238852,0.834240686915289,38.891788482666016,0.508365273475647
689_Indoor_Scene_7.jpg,Indoor_Scene_7,0.2674979550476984,0.961016773824811,0.8743704182152164,53.83983612060547,0.5028749704360962
671_Indoor_Scene_7.jpg,Indoor_Scene_7,0.5202237486888871,0.9646852558283994,0.7261568490751421,30.87810516357422,0.38946104049682617
685_Indoor_Scene_7.jpg,Indoor_Scene_7,0.5892701661167794,0.9646215197255622,0.7393922337562475,38.5098991394043,0.45132285356521606
715_Indoor_Scene_7.jpg,Indoor_Scene_7,0.6420901176276135,0.9611126068306626,0.7413933717800846,44.987388610839844,0.4269903600215912
702_Indoor_Scene_7.jpg,Indoor_Scene_7,0.76062853078125,0.9690067383415187,0.6833484523046691,34.003292083740234,0.4328880310058594
710_Indoor_Scene_7.jpg,Indoor_Scene_7,0.8130250643216872,0.955718161713227,0.7056078738946558,52.66707229614258,0.3840765655040741
707_Indoor_Scene_7.jpg,Indoor_Scene_7,0.8770603021459166,0.9658156297443745,0.9256787218591139,33.53656005859375,0.4248291850090027
627_Indoor_Scene_7.jpg,Indoor_Scene_7,1.0858223941247729,0.9585057414270299,0.7154981007304883,42.61012268066406,0.42778682708740234
638_Indoor_Scene_7.jpg,Indoor_Scene_7,1.3214473246400524,0.9657538521025402,0.8394326626511172,37.54947280883789,0.460859477519989
677_Indoor_Scene_7.jpg,Indoor_Scene_7,1.4907176372415285,0.9719722467367821,0.8743398590285787,44.40288543701172,0.40270501375198364
704_Indoor_Scene_7.jpg,Indoor_Scene_7,1.7241635865722882,0.9677477419288159,0.7248597923875433,39.04627227783203,0.39679762721061707
682_Indoor_Scene_7.jpg,Indoor_Scene_7,1.8618870978988755,0.9521356260465916,0.7415667512495193,43.61067199707031,0.4136849343776703
644_Indoor_Scene_7.jpg,Indoor_Scene_7,2.3198438216381447,0.9647682198341587,0.8391870340467342,53.54361343383789,0.41677433252334595
655_Indoor_Scene_7.jpg,Indoor_Scene_7,3.093673164453314,0.9577060360815413,0.613356831987697,48.761329650878906,0.4886072278022766
751_Indoor_Scene_8.jpg,Indoor_Scene_8,-4.352958232486018,0.7780181324972635,0.6494689051219615,39.93390655517578,0.3475438952445984
783_Indoor_Scene_8.jpg,Indoor_Scene_8,-2.58779951891612,0.9303886282881484,0.5656426365927635,43.18964385986328,0.33506134152412415
846_Indoor_Scene_8.JPG,Indoor_Scene_8,-2.125778284239708,0.8885438927598608,0.32113795890469476,27.168731689453125,0.3349611759185791
757_Indoor_Scene_8.jpg,Indoor_Scene_8,-1.5192185280137032,0.9631302508548124,0.7311703396129693,47.08634948730469,0.40907374024391174
857_Indoor_Scene_8.jpg,Indoor_Scene_8,-1.3739551953701945,0.9621466981930841,0.5655484642658806,47.20050048828125,0.34034299850463867
834_Indoor_Scene_8.jpg,Indoor_Scene_8,-1.2263770476974103,0.9206015354579014,0.588245796061344,45.22490692138672,0.32565099000930786
815_Indoor_Scene_8.jpg,Indoor_Scene_8,-1.123091830927071,0.9586114305392031,0.8570537656456919,50.68748474121094,0.3669903576374054
776_Indoor_Scene_8.jpg,Indoor_Scene_8,-0.9246984401892056,0.9701077074631466,0.7114304583707121,50.76847457885742,0.3645743727684021
741_Indoor_Scene_8.jpg,Indoor_Scene_8,-0.7027930851373799,0.9665967555007564,0.7726261386646162,55.981666564941406,0.36283013224601746
841_Indoor_Scene_8.jpg,Indoor_Scene_8,-0.6566811954780912,0.943555542735929,0.8512940253748559,26.44091796875,0.4718557298183441
755_Indoor_Scene_8.jpg,Indoor_Scene_8,-0.5529501278689566,0.9544369521042193,0.5874498970481439,48.73443603515625,0.35070523619651794
850_Indoor_Scene_8.jpg,Indoor_Scene_8,-0.3583605398445463,0.9690419507317531,0.7934614174035627,41.27692413330078,0.33063942193984985
752_Indoor_Scene_8.jpg,Indoor_Scene_8,-0.2568598970204193,0.9588270290842245,0.9037913828014866,17.431089401245117,0.38260939717292786
796_Indoor_Scene_8.jpg,Indoor_Scene_8,-0.1251043691116113,0.9278370085814831,0.6210002340979965,46.047786712646484,0.3585631847381592
814_Indoor_Scene_8.jpg,Indoor_Scene_8,-0.0378728537984149,0.9579109651050297,0.6576352753214576,46.3398551940918,0.36292800307273865
802_Indoor_Scene_8.jpg,Indoor_Scene_8,0.1130733235099398,0.8951284859675945,0.8945141953949336,54.61051559448242,0.48977598547935486
753_Indoor_Scene_8.jpg,Indoor_Scene_8,0.1793937716777897,0.9584307743175784,0.569682549446794,53.60790252685547,0.32462307810783386
807_Indoor_Scene_8.JPG,Indoor_Scene_8,0.2410479619354814,0.8094757783936991,0.943669603998462,45.60084533691406,0.449333518743515
830_Indoor_Scene_8.jpg,Indoor_Scene_8,0.4167375025604401,0.9380575596622395,0.9934537998205819,53.35145950317383,0.43189114332199097
835_Indoor_Scene_8.jpg,Indoor_Scene_8,0.5117123103409805,0.9554117068421888,0.7999808210517322,41.60036087036133,0.3911634683609009
772_Indoor_Scene_8.jpg,Indoor_Scene_8,0.7408778435662289,0.9552217290746379,0.7126056918279294,55.3712272644043,0.42251452803611755
833_Indoor_Scene_8.jpg,Indoor_Scene_8,0.7791645987357133,0.9595676306815288,0.7643796317655602,43.44477081298828,0.3013240396976471
746_Indoor_Scene_8.jpg,Indoor_Scene_8,0.9125640385896568,0.9367196118567529,0.873202723738733,55.12153625488281,0.45449525117874146
851_Indoor_Scene_8.jpg,Indoor_Scene_8,1.1821086119335684,0.9263441191636674,0.707198574907087,48.634769439697266,0.3789726793766022
823_Indoor_Scene_8.jpg,Indoor_Scene_8,1.2484833949138068,0.9637148958350596,0.7214664752872827,47.334529876708984,0.2993956208229065
766_Indoor_Scene_8.jpg,Indoor_Scene_8,1.450550192440942,0.9766871233203238,0.945117874321842,54.12907409667969,0.4606710970401764
798_Indoor_Scene_8.jpg,Indoor_Scene_8,1.6047443130652013,0.953599705079448,0.6783773488829083,45.156978607177734,0.3578992187976837
820_Indoor_Scene_8.jpg,Indoor_Scene_8,1.8254208108048304,0.9538282391864059,0.5451555008757315,52.668914794921875,0.36214351654052734
821_Indoor_Scene_8.jpg,Indoor_Scene_8,2.1714216674648044,0.9654145073959872,0.8995652885642273,49.18836975097656,0.3714064955711365
764_Indoor_Scene_8.jpg,Indoor_Scene_8,3.803882036848096,0.9505451212174736,0.7610074825921654,53.82197570800781,0.44473472237586975
931_Indoor_Scene_9.jpg,Indoor_Scene_9,-3.7923890591329457,0.9396565142735949,0.967514658464693,13.311849594116211,0.512751579284668
932_Indoor_Scene_9.jpg,Indoor_Scene_9,-2.48643765165296,0.9581171396403002,0.747926636763638,13.335762977600098,0.4271473288536072
879_Indoor_Scene_9.jpg,Indoor_Scene_9,-2.1783060132220444,0.9523657515861319,0.8179310521594259,13.845832824707031,0.44427570700645447
952_Indoor_Scene_9.jpg,Indoor_Scene_9,-1.9849538405417089,0.9726414583040475,0.6645436302276901,34.37369918823242,0.2899801433086395
941_Indoor_Scene_9.JPG,Indoor_Scene_9,-1.4403664370585596,0.928869260770266,0.445359706095946,25.731494903564453,0.28376007080078125
890_Indoor_Scene_9.jpg,Indoor_Scene_9,-1.3003366872581763,0.9765338989213492,0.8202857260028195,18.53067398071289,0.32637256383895874
873_Indoor_Scene_9.jpg,Indoor_Scene_9,-1.0433783946866546,0.9657339230898963,0.5971474868640266,30.51500129699707,0.31387829780578613
870_Indoor_Scene_9.jpg,Indoor_Scene_9,-0.7724685188635166,0.9672202517177878,0.6580393489683455,42.326805114746094,0.35458430647850037
933_Indoor_Scene_9.jpg,Indoor_Scene_9,-0.6418617777673933,0.9851592015446482,0.8593325165534623,12.6018648147583,0.4477982521057129
920_Indoor_Scene_9.jpg,Indoor_Scene_9,-0.5310824467260081,0.9706686336696768,0.747920232389252,47.46173858642578,0.37836769223213196
956_Indoor_Scene_9.jpg,Indoor_Scene_9,-0.4425361985573546,0.9657350801678721,0.8674159921397753,39.984893798828125,0.3095029890537262
921_Indoor_Scene_9.JPG,Indoor_Scene_9,-0.3883043277128893,0.9756200112370108,0.9431526199325045,46.83838653564453,0.38515326380729675
963_Indoor_Scene_9.JPG,Indoor_Scene_9,-0.2622868124104915,0.9079657612819194,0.9187728104575164,46.79256057739258,0.3222416937351227
935_Indoor_Scene_9.jpg,Indoor_Scene_9,-0.157835817243349,0.9696540422979283,0.8987091118800461,53.079185485839844,0.34311580657958984
972_Indoor_Scene_9.jpg,Indoor_Scene_9,-0.0667920539509799,0.970131148764929,0.9189859284890427,55.04939651489258,0.3835827112197876
937_Indoor_Scene_9.jpg,Indoor_Scene_9,0.0191321271508588,0.9174762990865859,0.9113731983425178,35.571537017822266,0.3142397403717041
943_Indoor_Scene_9.JPG,Indoor_Scene_9,0.0844689099916068,0.9676350439188566,0.8919970507069931,39.43479919433594,0.32957395911216736
966_Indoor_Scene_9.jpg,Indoor_Scene_9,0.2337125041928832,0.9851399798982592,0.9983679815455594,55.764366149902344,0.4500020444393158
969_Indoor_Scene_9.jpg,Indoor_Scene_9,0.3525187570281327,0.9663729954192906,0.9351574283395275,43.39936828613281,0.36308029294013977
903_Indoor_Scene_9.jpg,Indoor_Scene_9,0.5044871315350334,0.9670051460696887,0.8431516425306506,41.807708740234375,0.36671459674835205
981_Indoor_Scene_9.jpg,Indoor_Scene_9,0.6218177791396812,0.9696022424770092,0.7037011029945748,44.791900634765625,0.34000828862190247
955_Indoor_Scene_9.jpg,Indoor_Scene_9,0.9383626235304288,0.9828168897580407,0.7944668084924602,30.274532318115234,0.26202327013015747
898_Indoor_Scene_9.jpg,Indoor_Scene_9,1.0332802751726649,0.9414305419129789,0.8072873954461959,55.81429672241211,0.4086093008518219
927_Indoor_Scene_9.jpg,Indoor_Scene_9,1.1162866785515175,0.9695505696656764,0.908880082019736,44.784217834472656,0.3623760938644409
864_Indoor_Scene_9.jpg,Indoor_Scene_9,1.166358647527144,0.9699755439877225,0.8820080584390618,49.069801330566406,0.3814546763896942
928_Indoor_Scene_9.jpg,Indoor_Scene_9,1.236050726251131,0.9830992693214904,0.9810486975095047,52.544944763183594,0.3214523494243622
982_Indoor_Scene_9.jpg,Indoor_Scene_9,1.604036540878747,0.9606942645889085,0.6263300269127259,45.79424285888672,0.3423943817615509
916_Indoor_Scene_9.jpg,Indoor_Scene_9,1.8771593504723203,0.9692358976292899,0.7452468195992994,26.543148040771484,0.31121504306793213
884_Indoor_Scene_9.jpg,Indoor_Scene_9,2.091946955497741,0.9622444722741366,0.7913161262762186,55.0640869140625,0.4239448010921478
893_Indoor_Scene_9.jpg,Indoor_Scene_9,4.125810158873406,0.960839121815829,0.9026462915972489,46.518211364746094,0.33379241824150085
1462_Lowlight_Scene_14.jpg,Lowlight_Scene_14,-4.414472720169357,0.9505493138233817,0.9796563783160321,48.480674743652344,0.3682839572429657
1431_Lowlight_Scene_14.jpg,Lowlight_Scene_14,-2.5661722218394027,0.9684885661609051,0.7947823828442052,25.828022003173828,0.364793062210083
1469_Lowlight_Scene_14.JPG,Lowlight_Scene_14,-2.181208733589258,0.9035934528052332,0.3416913392285019,15.368692398071289,0.37291330099105835
1468_Lowlight_Scene_14.jpg,Lowlight_Scene_14,-1.877351385202063,0.9444997810836198,0.563367139134521,14.779081344604492,0.4313179552555084
1446_Lowlight_Scene_14.JPG,Lowlight_Scene_14,-1.287593960473108,0.9637855547243019,0.7461888060147807,30.162736892700195,0.5350642800331116
1486_Lowlight_Scene_14.jpg,Lowlight_Scene_14,-1.0836323444898872,0.9689965902059616,0.71120909052074,31.67389678955078,0.2781858742237091
1450_Lowlight_Scene_14.jpg,Lowlight_Scene_14,-0.8368771896863277,0.9768603704573711,0.82088775770003,19.443523406982422,0.39545994997024536
1483_Lowlight_Scene_14.jpg,Lowlight_Scene_14,-0.7602299158615404,0.9602068959679754,0.8524395779401085,44.66011047363281,0.3196637034416199
1433_Lowlight_Scene_14.jpg,Lowlight_Scene_14,-0.5911637673970594,0.9597852741192237,0.642639015763168,37.483097076416016,0.37970343232154846
1417_Lowlight_Scene_14.jpg,Lowlight_Scene_14,-0.5013525928569199,0.959363688128007,0.5619693656286044,46.71626663208008,0.4144861102104187
1477_Lowlight_Scene_14.jpg,Lowlight_Scene_14,-0.3595127418655728,0.9579433285460985,0.6686602622922808,21.11700439453125,0.5241716504096985
1403_Lowlight_Scene_14.jpg,Lowlight_Scene_14,-0.2945398449891749,0.9675483019166126,0.7121958528770985,47.91571044921875,0.383484423160553
1424_Lowlight_Scene_14.jpg,Lowlight_Scene_14,-0.22759955342786,0.9628607319944495,0.7653510735187321,40.367984771728516,0.3593890368938446
1410_Lowlight_Scene_14.JPG,Lowlight_Scene_14,-0.2013778537680821,0.972197339236059,0.7188984339356658,42.018516540527344,0.3961604833602905
1444_Lowlight_Scene_14.tiff,Lowlight_Scene_14,-0.1172851421906575,0.9656306221715847,0.6184234029646717,40.23088073730469,0.49282175302505493
1471_Lowlight_Scene_14.jpg,Lowlight_Scene_14,0.1346479145823783,0.9660340131987628,0.7036128634285959,30.90500831604004,0.48797473311424255
1438_Lowlight_Scene_14.jpg,Lowlight_Scene_14,0.1676164427667999,0.9560582037564973,0.7946207629544193,40.98960876464844,0.42392340302467346
1420_Lowlight_Scene_14.JPG,Lowlight_Scene_14,0.3102196149349757,0.9631761774473644,0.6620971079499338,31.890050888061523,0.2928675413131714
1437_Lowlight_Scene_14.jpg,Lowlight_Scene_14,0.4820927043198706,0.961550176097651,0.7068540680934683,40.82403564453125,0.40330323576927185
1416_Lowlight_Scene_14.jpg,Lowlight_Scene_14,0.5342182411274521,0.952896785398592,0.7554001691657055,52.86060333251953,0.5166508555412292
1419_Lowlight_Scene_14.jpg,Lowlight_Scene_14,0.5984153412623349,0.9528981482047638,0.6318990029475843,57.84003448486328,0.3813800811767578
1434_Lowlight_Scene_14.jpg,Lowlight_Scene_14,0.6925828463090853,0.9459435295553413,0.5348333239352385,36.8699951171875,0.3492054045200348
1414_Lowlight_Scene_14.jpg,Lowlight_Scene_14,0.8232754512567367,0.9730867115372612,0.8329730582254689,48.200218200683594,0.4837971329689026
1455_Lowlight_Scene_14.jpg,Lowlight_Scene_14,0.888035528793318,0.967011992554319,0.8814615335981887,40.78750228881836,0.32596883177757263
1480_Lowlight_Scene_14.jpg,Lowlight_Scene_14,1.1253182516605804,0.9538861686859841,0.7093564936562861,44.7371711730957,0.3330368101596832
1482_Lowlight_Scene_14.jpg,Lowlight_Scene_14,1.3313674771083923,0.9429596030663302,0.5708873510188388,41.52074432373047,0.4172195792198181
1413_Lowlight_Scene_14.jpg,Lowlight_Scene_14,1.5412099692484735,0.9262152467177284,0.5529530727497971,40.65167236328125,0.515203058719635
1472_Lowlight_Scene_14.jpg,Lowlight_Scene_14,1.7281181375260246,0.9667802898880906,0.850483752402922,48.81947326660156,0.4534386098384857
1489_Lowlight_Scene_14.jpg,Lowlight_Scene_14,2.2946106397760184,0.9572974266013892,0.7573926951172626,47.70330810546875,0.5077327489852905
1481_Lowlight_Scene_14.jpg,Lowlight_Scene_14,3.2920422171684924,0.9633358088671782,0.8686267435601691,26.23648452758789,0.3110843002796173
1518_Lowlight_Scene_15.jpg,Lowlight_Scene_15,-4.53460395908968,0.9669359923239009,0.8974079439531804,16.348966598510742,0.2518933415412903
1556_Lowlight_Scene_15.jpg,Lowlight_Scene_15,-3.122116107015705,0.9069617186668917,0.7773004605066427,18.019840240478516,0.25948578119277954
1533_Lowlight_Scene_15.jpg,Lowlight_Scene_15,-2.2228110157132157,0.9645854408686116,0.6530011944124056,17.369075775146484,0.3409815728664398
1497_Lowlight_Scene_15.jpg,Lowlight_Scene_15,-1.6221271516086508,0.9844803673203465,0.9060440582681875,27.716899871826172,0.19951947033405304
1494_Lowlight_Scene_15.JPG,Lowlight_Scene_15,-1.520873997549241,0.9422044978774422,0.7431610542953565,22.576927185058594,0.27965855598449707
1554_Lowlight_Scene_15.jpg,Lowlight_Scene_15,-1.406830547604592,0.9599450608277724,0.7301328480498953,31.312358856201172,0.22128458321094513
1540_Lowlight_Scene_15.JPG,Lowlight_Scene_15,-1.1290576735983835,0.9487342545049471,0.5402966995599983,19.58021354675293,0.3254926800727844
1507_Lowlight_Scene_15.JPG,Lowlight_Scene_15,-0.8709436540163259,0.9706671229920663,0.8478032449058055,13.120952606201172,0.34737762808799744
1528_Lowlight_Scene_15.JPG,Lowlight_Scene_15,-0.8096294067092215,0.9620314836165272,0.6617180947498825,16.584754943847656,0.362243115901947
1513_Lowlight_Scene_15.jpg,Lowlight_Scene_15,-0.6777308927110078,0.9671663906698446,0.7696905805459439,29.16377830505371,0.3292849063873291
1512_Lowlight_Scene_15.jpg,Lowlight_Scene_15,-0.547514066157512,0.9441632669525849,0.5053466102780982,35.40399169921875,0.28139573335647583
1502_Lowlight_Scene_15.jpg,Lowlight_Scene_15,-0.2048617387568451,0.9328171055688377,0.6825836353539237,36.84606170654297,0.3217783272266388
1555_Lowlight_Scene_15.jpg,Lowlight_Scene_15,-0.1753317470395787,0.9250472598690184,0.5333780990217438,34.00062561035156,0.3155664801597595
1503_Lowlight_Scene_15.jpg,Lowlight_Scene_15,-0.1289844105151912,0.936916603922302,0.5421878251954376,27.076129913330078,0.3067793548107147
1544_Lowlight_Scene_15.jpg,Lowlight_Scene_15,0.0180092710941814,0.936958671808169,0.5593752898457858,29.109909057617188,0.2628287672996521
1532_Lowlight_Scene_15.jpg,Lowlight_Scene_15,0.1048989560775585,0.9555775360111596,0.6225220795420564,32.47814178466797,0.2807081341743469
1495_Lowlight_Scene_15.jpg,Lowlight_Scene_15,0.3413496090744445,0.9506590453809223,0.6354091742492204,25.22735595703125,0.3333379924297333
1558_Lowlight_Scene_15.jpg,Lowlight_Scene_15,0.3546715336810889,0.9631398738872663,0.6306182681874493,28.83726692199707,0.29615074396133423
1517_Lowlight_Scene_15.jpg,Lowlight_Scene_15,0.3964036555113319,0.9418494444711456,0.49113440813362375,34.66776657104492,0.23144152760505676
1536_Lowlight_Scene_15.jpg,Lowlight_Scene_15,0.6429807815670222,0.9482376591676906,0.5310784057413814,36.03184509277344,0.27957189083099365
1557_Lowlight_Scene_15.jpg,Lowlight_Scene_15,0.7666071947192271,0.9562100415295383,0.5675573668247256,32.0042839050293,0.23938536643981934
1508_Lowlight_Scene_15.jpg,Lowlight_Scene_15,0.9510309362663574,0.9422246765304253,0.6068193156478278,25.375762939453125,0.319083034992218
1561_Lowlight_Scene_15.jpg,Lowlight_Scene_15,1.0308010340461706,0.9307227549364073,0.5702959374599513,31.773788452148438,0.36601874232292175
1560_Lowlight_Scene_15.jpg,Lowlight_Scene_15,1.0800448618512013,0.9207250059345178,0.4723820000854372,26.412155151367188,0.2592701017856598
1543_Lowlight_Scene_15.jpg,Lowlight_Scene_15,1.329739659068193,0.9357156020872917,0.47976841044042895,36.937156677246094,0.24707992374897003
1521_Lowlight_Scene_15.JPG,Lowlight_Scene_15,1.4678983848608778,0.9558820654505978,0.7250662189756076,28.68750762939453,0.35367485880851746
1537_Lowlight_Scene_15.jpg,Lowlight_Scene_15,1.4965900824467109,0.9410955252953348,0.6104682506728182,38.617286682128906,0.316383957862854
1506_Lowlight_Scene_15.JPG,Lowlight_Scene_15,1.6148180026220111,0.9551317100193839,0.7079326207868768,29.73781394958496,0.35091227293014526
1551_Lowlight_Scene_15.JPG,Lowlight_Scene_15,1.9835708001664047,0.9290878630402992,0.6151698645819983,35.762760162353516,0.3098441958427429
1505_Lowlight_Scene_15.jpg,Lowlight_Scene_15,3.944941067725811,0.9669425038142716,0.7196143602887778,42.266387939453125,0.3511306643486023
1624_Lowlight_Scene_16.JPG,Lowlight_Scene_16,-4.475537811359392,0.9061559051084548,0.3058661096159596,18.97372055053711,0.43405118584632874
1599_Lowlight_Scene_16.jpg,Lowlight_Scene_16,-2.955567562182148,0.9667702874961347,0.7442301371267461,13.7075777053833,0.5411409139633179
1596_Lowlight_Scene_16.jpg,Lowlight_Scene_16,-2.306503058450383,0.9452286778937979,0.4880440035883634,22.979402542114258,0.38060155510902405
1626_Lowlight_Scene_16.jpg,Lowlight_Scene_16,-2.0178513822960418,0.9316932048872568,0.45123637575291553,29.458316802978516,0.3524119555950165
1590_Lowlight_Scene_16.jpg,Lowlight_Scene_16,-1.7836956813113054,0.9610265537773389,0.9751774855824684,16.6131534576416,0.4339655935764313
1572_Lowlight_Scene_16.jpg,Lowlight_Scene_16,-1.392744484552278,0.9167768299822867,0.5573022000085437,18.241588592529297,0.4313346743583679
1641_Lowlight_Scene_16.jpg,Lowlight_Scene_16,-1.2550668697299296,0.9507644612330022,0.5375143816480841,33.03874969482422,0.4231928288936615
1602_Lowlight_Scene_16.jpg,Lowlight_Scene_16,-0.9093657341511718,0.9691504932027359,0.6735953453799821,30.395828247070312,0.42168331146240234
1592_Lowlight_Scene_16.jpg,Lowlight_Scene_16,-0.7191087498073909,0.9489559552166053,0.6841693194925028,36.45826721191406,0.4316418766975403
1576_Lowlight_Scene_16.JPG,Lowlight_Scene_16,-0.5959447751418864,0.9209372283259162,0.3789228518945704,39.065223693847656,0.3836537003517151
1639_Lowlight_Scene_16.jpg,Lowlight_Scene_16,-0.4112022121902525,0.9085975504740964,0.5980895450467769,39.3514404296875,0.30446386337280273
1593_Lowlight_Scene_16.jpg,Lowlight_Scene_16,-0.3629685622940947,0.9582491668643451,0.6228934580716818,32.58350372314453,0.4042355418205261
1618_Lowlight_Scene_16.jpg,Lowlight_Scene_16,-0.2144940307866968,0.948304941635381,0.5360553188944424,23.832714080810547,0.42481881380081177
1634_Lowlight_Scene_16.jpg,Lowlight_Scene_16,0.0104659994963568,0.9249820675717706,0.4343081857405271,35.146942138671875,0.45726293325424194
1631_Lowlight_Scene_16.jpg,Lowlight_Scene_16,0.1607550214355404,0.9533434522999639,0.5646461343927549,47.35594177246094,0.4593564569950104
1609_Lowlight_Scene_16.JPG,Lowlight_Scene_16,0.2099347878871215,0.9695453764575852,0.8125161467811526,32.20444869995117,0.32499849796295166
1568_Lowlight_Scene_16.jpg,Lowlight_Scene_16,0.3324060760047562,0.9649402610491796,0.7135038523644752,48.27400207519531,0.45545777678489685
1600_Lowlight_Scene_16.JPG,Lowlight_Scene_16,0.3848491899912878,0.962028457511254,0.619988835063437,37.844871520996094,0.4581812024116516
1630_Lowlight_Scene_16.jpg,Lowlight_Scene_16,0.4205354617206788,0.9533152889937058,0.5705531684394891,40.83217239379883,0.3507775366306305
1588_Lowlight_Scene_16.jpg,Lowlight_Scene_16,0.5133369283017534,0.9650471635405071,0.7393233508479645,47.074676513671875,0.444466769695282
1604_Lowlight_Scene_16.JPG,Lowlight_Scene_16,0.5235571563208786,0.9557547640690074,0.6029746507753428,35.022003173828125,0.36855950951576233
1574_Lowlight_Scene_16.JPG,Lowlight_Scene_16,0.6750883400775944,0.984923189431144,0.8890077218163954,30.049850463867188,0.3844758868217468
1577_Lowlight_Scene_16.jpg,Lowlight_Scene_16,1.0001498216752345,0.9094406616606188,0.4848467102396514,41.935218811035156,0.3906642496585846
1601_Lowlight_Scene_16.jpg,Lowlight_Scene_16,1.284948605957964,0.9659309055846728,0.80583887222863,42.88338851928711,0.38289743661880493
1615_Lowlight_Scene_16.jpg,Lowlight_Scene_16,1.3411570893504152,0.9642494947867758,0.7207513691315306,48.819252014160156,0.4374585747718811
1580_Lowlight_Scene_16.jpg,Lowlight_Scene_16,1.4773084823897438,0.9333678362541031,0.5689298679994874,37.51606369018555,0.3093341588973999
1620_Lowlight_Scene_16.jpg,Lowlight_Scene_16,1.9342707827650047,0.9557060416268521,0.7026500918450169,37.55226516723633,0.45188236236572266
1566_Lowlight_Scene_16.JPG,Lowlight_Scene_16,2.0218431763176627,0.9559251847464962,0.7462792020163186,47.57661437988281,0.36954885721206665
1567_Lowlight_Scene_16.JPG,Lowlight_Scene_16,2.409834060125328,0.9576091156499746,0.7571756401384083,49.88544464111328,0.4015006124973297
1616_Lowlight_Scene_16.jpg,Lowlight_Scene_16,2.498720269779894,0.9514065238206482,0.6318783715664915,49.265052795410156,0.3528447151184082
1690_Lowlight_Scene_17.jpg,Lowlight_Scene_17,-4.124751108111357,0.9801896637863325,0.8629827673117176,15.574277877807617,0.18357571959495544
1697_Lowlight_Scene_17.jpg,Lowlight_Scene_17,-2.3280026854777427,0.9788059773688158,0.9540725806313811,12.810070991516113,0.20347456634044647
1653_Lowlight_Scene_17.jpg,Lowlight_Scene_17,-1.7386882642317525,0.9210256380379251,0.868800082019736,34.4703254699707,0.2942228615283966
1665_Lowlight_Scene_17.jpg,Lowlight_Scene_17,-1.602734355072298,0.9872632489322326,0.8747893886966551,31.701114654541016,0.3242015242576599
1731_Lowlight_Scene_17.jpg,Lowlight_Scene_17,-1.475956340323915,0.8708388107034712,0.8830920381050023,30.454647064208984,0.2757032513618469
1722_Lowlight_Scene_17.jpg,Lowlight_Scene_17,-1.221151160861743,0.9230165252554292,0.5010004015549575,33.65485763549805,0.3879443109035492
1707_Lowlight_Scene_17.jpg,Lowlight_Scene_17,-1.120998334735582,0.920341378116921,0.4354160331496433,26.515867233276367,0.42065802216529846
1713_Lowlight_Scene_17.jpg,Lowlight_Scene_17,-1.0203944843234438,0.9104260406781653,0.9080189568114827,29.59394073486328,0.2699747383594513
1715_Lowlight_Scene_17.jpg,Lowlight_Scene_17,-0.8343420783276408,0.9504217277590028,0.590089148618053,35.8118896484375,0.264951229095459
1748_Lowlight_Scene_17.jpg,Lowlight_Scene_17,-0.7238887059705649,0.9654840292503317,0.7667501183305566,24.11018180847168,0.32681897282600403
1685_Lowlight_Scene_17.jpg,Lowlight_Scene_17,-0.573122268219146,0.9488355345978838,0.7589489102481951,28.487428665161133,0.33735162019729614
1660_Lowlight_Scene_17.jpg,Lowlight_Scene_17,-0.3950038867656543,0.9718783872050737,0.8725569481823231,15.18781852722168,0.4040643572807312
1742_Lowlight_Scene_17.jpg,Lowlight_Scene_17,-0.2940021938047641,0.9680826682680974,0.7455063608014012,34.779579162597656,0.30056312680244446
1728_Lowlight_Scene_17.jpg,Lowlight_Scene_17,-0.1614278143035339,0.9749202603136067,0.666483424323978,26.76526641845703,0.2850531041622162
1703_Lowlight_Scene_17.jpg,Lowlight_Scene_17,-0.0291703006357466,0.9400364742648464,0.4984919099491649,27.439594268798828,0.33864742517471313
1654_Lowlight_Scene_17.jpg,Lowlight_Scene_17,0.0496396460837638,0.981268238548131,0.9331691947541544,26.928192138671875,0.42982587218284607
1725_Lowlight_Scene_17.jpg,Lowlight_Scene_17,0.1274175330483749,0.9743396739172341,0.7486342039386561,25.312198638916016,0.3189358115196228
1709_Lowlight_Scene_17.jpg,Lowlight_Scene_17,0.3407053698915545,0.9270901493194285,0.4666812422572515,32.393951416015625,0.4017506539821625
1745_Lowlight_Scene_17.jpg,Lowlight_Scene_17,0.3621073411020514,0.9605586980269216,0.7397314127045154,32.19132995605469,0.32157403230667114
1661_Lowlight_Scene_17.jpg,Lowlight_Scene_17,0.4299763354975866,0.9696291224381994,0.8440487812379853,35.33418273925781,0.3051464259624481
1678_Lowlight_Scene_17.jpg,Lowlight_Scene_17,0.5176483513022151,0.9673429897235077,0.617200297321543,23.721454620361328,0.30204981565475464
1712_Lowlight_Scene_17.jpg,Lowlight_Scene_17,0.5902614943428852,0.9694505268118039,0.72047661668589,33.86194610595703,0.3531079590320587
1730_Lowlight_Scene_17.jpg,Lowlight_Scene_17,0.6179289192441074,0.9618723811251483,0.7793401409714212,27.553180694580078,0.2980547845363617
1663_Lowlight_Scene_17.jpg,Lowlight_Scene_17,0.8099536496210792,0.9720023007050203,0.949446513734034,32.00931167602539,0.3057331442832947
1733_Lowlight_Scene_17.jpg,Lowlight_Scene_17,1.0794690928426998,0.9832667912015716,0.8806030466914435,17.58890151977539,0.3492039144039154
1675_Lowlight_Scene_17.jpg,Lowlight_Scene_17,1.552201921993863,0.9716560302225704,0.799044992951429,33.535911560058594,0.3167720437049866
1710_Lowlight_Scene_17.jpg,Lowlight_Scene_17,1.693919440986416,0.9700446145956886,0.8325061130334487,34.7459831237793,0.3342364430427551
1738_Lowlight_Scene_17.jpg,Lowlight_Scene_17,2.153069698341161,0.957072787753259,0.7452511358879064,25.416217803955078,0.4020978510379791
1734_Lowlight_Scene_17.jpg,Lowlight_Scene_17,2.415399927705842,0.9706058020463582,0.7867208953821181,29.264816284179688,0.324868768453598
1696_Lowlight_Scene_17.jpg,Lowlight_Scene_17,3.7062367822156657,0.9693062048050411,0.7377427450980393,19.23421859741211,0.396419495344162
1840_Lowlight_Scene_18.jpg,Lowlight_Scene_18,-4.783692789878841,0.7868402968391243,0.1062789798795335,22.120929718017578,0.36254173517227173
1859_Lowlight_Scene_18.jpg,Lowlight_Scene_18,-3.2404880350263485,0.8526382363238092,0.22710014097142128,22.80435562133789,0.3892470896244049
1780_Lowlight_Scene_18.jpg,Lowlight_Scene_18,-2.6066177928781724,0.7936760707530917,0.11179889102481955,19.151830673217773,0.4216175079345703
1813_Lowlight_Scene_18.jpg,Lowlight_Scene_18,-1.7355940000047685,0.9217159634455141,0.3807101781366141,14.473541259765625,0.35692131519317627
1786_Lowlight_Scene_18.jpg,Lowlight_Scene_18,-1.391002109519741,0.8321804991613707,0.4115294049297278,32.776954650878906,0.3462907671928406
1793_Lowlight_Scene_18.jpg,Lowlight_Scene_18,-1.2331619464035075,0.8413466508879175,0.16326486052373024,21.104955673217773,0.312767893075943
1773_Lowlight_Scene_18.jpg,Lowlight_Scene_18,-0.8827650831004521,0.9325399147512877,0.5820500730488274,35.15576171875,0.43077197670936584
1755_Lowlight_Scene_18.jpg,Lowlight_Scene_18,-0.6765967526434808,0.8906605692353547,0.4117422734845573,34.520206451416016,0.3596805930137634
1805_Lowlight_Scene_18.jpg,Lowlight_Scene_18,-0.4603208937641474,0.93533491800308,0.4952430261865095,23.26561164855957,0.3640032410621643
1870_Lowlight_Scene_18.jpg,Lowlight_Scene_18,-0.3315905468155056,0.908559212305357,0.4856848425819129,14.150468826293945,0.5370423197746277
1834_Lowlight_Scene_18.JPG,Lowlight_Scene_18,-0.2283893687929316,0.9151069914867449,0.5002839625784955,19.11861801147461,0.4076986312866211
1792_Lowlight_Scene_18.jpg,Lowlight_Scene_18,-0.1534930644636229,0.9445681441873377,0.7268337374514076,22.448354721069336,0.4417765736579895
1758_Lowlight_Scene_18.jpg,Lowlight_Scene_18,-0.0690827352082618,0.892748180642853,0.3366125883207314,37.561920166015625,0.3772478699684143
1776_Lowlight_Scene_18.jpg,Lowlight_Scene_18,0.0074876087881367,0.9170274758666723,0.4729313238498014,44.92259216308594,0.5140182375907898
1768_Lowlight_Scene_18.jpg,Lowlight_Scene_18,0.0847929250456155,0.9241423317407894,0.5334959442949293,27.382638931274414,0.4332598149776459
1864_Lowlight_Scene_18.jpg,Lowlight_Scene_18,0.2020648674193304,0.9137383564378019,0.46053335383826743,24.206310272216797,0.4931970238685608
1829_Lowlight_Scene_18.jpg,Lowlight_Scene_18,0.2473263823559375,0.9595699328481242,0.7842138459566833,35.83711242675781,0.39310336112976074
1807_Lowlight_Scene_18.jpg,Lowlight_Scene_18,0.3472655245180118,0.9282418074407464,0.4844326677773506,42.636409759521484,0.4098960757255554
1798_Lowlight_Scene_18.jpg,Lowlight_Scene_18,0.3949476507022459,0.9352625452616155,0.468725833653723,42.58412170410156,0.31408947706222534
1821_Lowlight_Scene_18.jpg,Lowlight_Scene_18,0.5111252541463255,0.9378700048686556,0.49463738562091497,42.590431213378906,0.36467328667640686
1842_Lowlight_Scene_18.jpg,Lowlight_Scene_18,0.7199108995240981,0.9272052437025629,0.5262910948780384,44.01256561279297,0.4377615451812744
1797_Lowlight_Scene_18.jpg,Lowlight_Scene_18,0.9108474914913604,0.9528765596713864,0.599517488145585,39.5206298828125,0.31301215291023254
1835_Lowlight_Scene_18.jpg,Lowlight_Scene_18,1.017543038386291,0.9297488640997589,0.4813238908112265,40.93518829345703,0.4338853359222412
1857_Lowlight_Scene_18.jpg,Lowlight_Scene_18,1.0900187417443767,0.957574730059209,0.7654610107223717,43.147705078125,0.4391328692436218
1766_Lowlight_Scene_18.jpg,Lowlight_Scene_18,1.2315684908375508,0.9534953960894056,0.6751897714554231,43.01431655883789,0.33824172616004944
1801_Lowlight_Scene_18.jpg,Lowlight_Scene_18,1.3790190863672165,0.9487890341815124,0.5868992438805588,52.60862731933594,0.38279780745506287
1876_Lowlight_Scene_18.jpg,Lowlight_Scene_18,1.637648699232793,0.9173206976265523,0.6023872801059421,44.33416748046875,0.3715696334838867
1873_Lowlight_Scene_18.jpg,Lowlight_Scene_18,1.8552080135532232,0.9396016512308929,0.5807437412960827,48.95365905761719,0.41978341341018677
1874_Lowlight_Scene_18.JPG,Lowlight_Scene_18,1.9166664401178777,0.9628392119868516,0.7719646734162074,36.207733154296875,0.3941311538219452
1804_Lowlight_Scene_18.jpg,Lowlight_Scene_18,2.6195975969367296,0.9414136874087098,0.7078987603058652,50.636940002441406,0.44418588280677795
1883_Lowlight_Scene_19.jpg,Lowlight_Scene_19,-3.290194488082938,0.9574460537814382,0.7381098039215686,28.95254898071289,0.5176194310188293
1892_Lowlight_Scene_19.jpg,Lowlight_Scene_19,-2.373184552951068,0.9401294009555567,0.5913173634072365,28.105403900146484,0.3198230266571045
1946_Lowlight_Scene_19.jpg,Lowlight_Scene_19,-2.155019385798261,0.953181166912644,0.7486283976248452,42.480228424072266,0.3373255729675293
1881_Lowlight_Scene_19.jpg,Lowlight_Scene_19,-1.6269916232909372,0.9400621040835655,0.6150472621641249,15.694189071655273,0.33981847763061523
1979_Lowlight_Scene_19.JPG,Lowlight_Scene_19,-1.3300263024006294,0.9622387596242132,0.6545439070442991,18.917930603027344,0.3611075282096863
1985_Lowlight_Scene_19.jpg,Lowlight_Scene_19,-1.254821816700128,0.9623696410164924,0.6774924618736383,35.69517517089844,0.41328200697898865
1924_Lowlight_Scene_19.jpg,Lowlight_Scene_19,-1.0216977164364849,0.9163054182534607,0.43313030031184585,33.05054473876953,0.4284217953681946
1878_Lowlight_Scene_19.jpg,Lowlight_Scene_19,-0.8507376873622188,0.9626409706811687,0.7882246042120552,49.00238037109375,0.47737622261047363
1988_Lowlight_Scene_19.jpg,Lowlight_Scene_19,-0.7527474193367172,0.947414429634386,0.6461868477935837,50.170204162597656,0.4294184744358063
1935_Lowlight_Scene_19.jpg,Lowlight_Scene_19,-0.7052105640456334,0.9815840012781103,0.7719516835405186,38.32074737548828,0.5620893239974976
1992_Lowlight_Scene_19.jpg,Lowlight_Scene_19,-0.6603693762103923,0.9473857492152706,0.6640249237472766,46.261756896972656,0.3878374695777893
1966_Lowlight_Scene_19.jpg,Lowlight_Scene_19,-0.569546081354539,0.9565248042201396,0.8662795437652185,59.91354751586914,0.5755476355552673
1941_Lowlight_Scene_19.jpg,Lowlight_Scene_19,-0.4325056934901945,0.9487426790717306,0.5512036088683839,24.75159454345703,0.36972472071647644
1902_Lowlight_Scene_19.jpg,Lowlight_Scene_19,-0.3043842116305156,0.9589650444538556,0.7901905762740826,50.25487518310547,0.4830471873283386
1975_Lowlight_Scene_19.jpg,Lowlight_Scene_19,-0.1444550595766699,0.8403928333793915,0.5605100294758426,54.57276916503906,0.520154595375061
1982_Lowlight_Scene_19.jpg,Lowlight_Scene_19,-0.094021958533001,0.9554004406348053,0.6103071707462941,46.83739471435547,0.35895195603370667
1959_Lowlight_Scene_19.JPG,Lowlight_Scene_19,0.0659935317538378,0.9439483346898059,0.6206000153787005,52.84210968017578,0.4890769124031067
1961_Lowlight_Scene_19.JPG,Lowlight_Scene_19,0.195613296887862,0.9685283284890759,0.9211399786406937,49.35236740112305,0.48778432607650757
1926_Lowlight_Scene_19.jpg,Lowlight_Scene_19,0.2805013575548676,0.9625437388082642,0.8733324721261053,47.2418327331543,0.40483927726745605
1949_Lowlight_Scene_19.jpg,Lowlight_Scene_19,0.3838291159093155,0.9643446261135595,0.7258960604895554,48.037479400634766,0.2802962064743042
1927_Lowlight_Scene_19.jpg,Lowlight_Scene_19,0.5129852425019515,0.9559371747797778,0.7335281097013969,62.46269989013672,0.5727227330207825
1897_Lowlight_Scene_19.jpg,Lowlight_Scene_19,0.581366192957815,0.9780352772280279,0.8293495083087702,41.340606689453125,0.3943673074245453
1917_Lowlight_Scene_19.jpg,Lowlight_Scene_19,0.8793248394571036,0.8781401847933755,0.5598171506685463,40.61344909667969,0.5317121744155884
1954_Lowlight_Scene_19.jpg,Lowlight_Scene_19,1.0236673184645162,0.9516100578481497,0.6893115160835577,55.565765380859375,0.44079476594924927
1947_Lowlight_Scene_19.jpg,Lowlight_Scene_19,1.2545552993916695,0.9511624183085172,0.7123304438463839,50.526222229003906,0.4703127443790436
1995_Lowlight_Scene_19.jpg,Lowlight_Scene_19,1.4689705285794132,0.9497011538831868,0.7501142500747575,44.28809356689453,0.41408291459083557
1921_Lowlight_Scene_19.jpg,Lowlight_Scene_19,1.7248539136580112,0.9763798495907335,0.7301436712375582,49.33838653564453,0.3502282500267029
1918_Lowlight_Scene_19.jpg,Lowlight_Scene_19,1.8858479813647329,0.9607490074889339,0.7700163014225299,59.10575485229492,0.48284536600112915
1929_Lowlight_Scene_19.jpg,Lowlight_Scene_19,2.5836926842314827,0.9613617585582884,0.7369750437865777,50.080570220947266,0.4132564961910248
1916_Lowlight_Scene_19.jpg,Lowlight_Scene_19,4.500435240275226,0.9677043502529317,0.8197066222393097,65.47904968261719,0.6323872804641724
2117_Lowlight_Scene_20.jpg,Lowlight_Scene_20,-3.440465868392759,0.8980667011251227,0.39189938912384126,27.771039962768555,0.40186557173728943
2034_Lowlight_Scene_20.jpg,Lowlight_Scene_20,-2.604187534676006,0.8939850368721955,0.3423787637233543,25.187297821044922,0.45065587759017944
2090_Lowlight_Scene_20.jpg,Lowlight_Scene_20,-2.2295702551560077,0.8803165437122229,0.39074922636592757,32.31827163696289,0.49321404099464417
2041_Lowlight_Scene_20.jpg,Lowlight_Scene_20,-1.8648216900575705,0.8897686242123175,0.5429878286129266,37.36746597290039,0.4235241413116455
2111_Lowlight_Scene_20.JPG,Lowlight_Scene_20,-1.4075486664975132,0.9308603959873056,0.6046914161220043,23.84740447998047,0.4010680317878723
2036_Lowlight_Scene_20.JPG,Lowlight_Scene_20,-1.1787955146636095,0.9363928282478842,0.6776483506343713,43.68391418457031,0.4713752269744873
2023_Lowlight_Scene_20.jpg,Lowlight_Scene_20,-0.974318957718667,0.9425189279066446,0.8736252723311547,46.6158447265625,0.44789427518844604
2066_Lowlight_Scene_20.jpg,Lowlight_Scene_20,-0.8700119153473934,0.9315125112037147,0.9865852039813747,43.59491729736328,0.5748058557510376
2078_Lowlight_Scene_20.jpg,Lowlight_Scene_20,-0.7508341491931901,0.9229823068816204,0.499758069118715,40.458797454833984,0.48371219635009766
2098_Lowlight_Scene_20.JPG,Lowlight_Scene_20,-0.6047538228057202,0.9410306760374032,0.7074099397667564,46.385833740234375,0.4496343731880188
2110_Lowlight_Scene_20.jpg,Lowlight_Scene_20,-0.4582266632961272,0.9231432732790343,0.8227399102909138,51.1949462890625,0.5343980193138123
2125_Lowlight_Scene_20.JPG,Lowlight_Scene_20,-0.3343686123451204,0.9196835444773708,0.7794228715451322,50.07193374633789,0.5044742822647095
2101_Lowlight_Scene_20.jpg,Lowlight_Scene_20,-0.2571891772183417,0.9225197963640748,0.6006300858644111,33.69657516479492,0.46029335260391235
2076_Lowlight_Scene_20.jpg,Lowlight_Scene_20,-0.1679351408467568,0.9485427402766049,0.543129275065146,41.66273880004883,0.41119909286499023
2082_Lowlight_Scene_20.jpg,Lowlight_Scene_20,-0.1000088573892354,0.9386690102757551,0.6565474714853262,32.086769104003906,0.3275875449180603
2015_Lowlight_Scene_20.jpg,Lowlight_Scene_20,0.0478383637832256,0.9308026643026801,0.6497478234866932,43.143455505371094,0.6591724157333374
2027_Lowlight_Scene_20.jpg,Lowlight_Scene_20,0.1627186387729306,0.9152974279367538,0.8748319671921057,46.703529357910156,0.5091990232467651
2119_Lowlight_Scene_20.jpg,Lowlight_Scene_20,0.2573031687585416,0.9504074822679327,0.7025865914819087,46.46379089355469,0.662919819355011
2070_Lowlight_Scene_20.jpg,Lowlight_Scene_20,0.2820375363711404,0.946885911377353,0.6983464479473707,36.09892272949219,0.45876345038414
2099_Lowlight_Scene_20.jpg,Lowlight_Scene_20,0.3653738662477343,0.9414698077568013,0.6232904233414498,53.81280517578125,0.587066650390625
2009_Lowlight_Scene_20.jpg,Lowlight_Scene_20,0.5319852729603527,0.9465032069835206,0.6840185091204237,39.27687454223633,0.4621061682701111
2061_Lowlight_Scene_20.jpg,Lowlight_Scene_20,0.7774663519832128,0.9531388909332446,0.625209169122987,41.73515319824219,0.4332180917263031
2123_Lowlight_Scene_20.jpg,Lowlight_Scene_20,0.8697344775184067,0.9419744189839205,0.6427020410953053,48.92125701904297,0.49407440423965454
2071_Lowlight_Scene_20.jpg,Lowlight_Scene_20,1.0966203153940246,0.9705735340450274,0.917444480328079,38.32537078857422,0.5968319177627563
2053_Lowlight_Scene_20.jpg,Lowlight_Scene_20,1.1950660276970406,0.9393163959692655,0.7883807390319962,49.16087341308594,0.44124478101730347
2068_Lowlight_Scene_20.jpg,Lowlight_Scene_20,1.5308956595289025,0.9415738284043093,0.6548928019137938,38.31404495239258,0.6342678666114807
2002_Lowlight_Scene_20.jpg,Lowlight_Scene_20,1.8638063523320123,0.9260577775753527,0.8872288982869837,60.74230194091797,0.709395170211792
2102_Lowlight_Scene_20.jpg,Lowlight_Scene_20,2.051300075141457,0.9470290352786925,0.5527787192959972,45.009124755859375,0.5306523442268372
2120_Lowlight_Scene_20.jpg,Lowlight_Scene_20,2.3302705528640035,0.9326717102848774,0.6971013678499722,42.72452926635742,0.6992468237876892
2112_Lowlight_Scene_20.jpg,Lowlight_Scene_20,2.9133011333490013,0.9431109807653486,0.625917805972062,43.442832946777344,0.538057804107666
2147_Lowlight_Scene_21.jpg,Lowlight_Scene_21,-3.986420136698736,0.8471439867948025,0.25047757700029905,17.496845245361328,0.24903634190559387
2180_Lowlight_Scene_21.jpg,Lowlight_Scene_21,-3.0091173712781827,0.9073361360500007,0.4052563919859883,16.04913902282715,0.2161058932542801
2229_Lowlight_Scene_21.jpg,Lowlight_Scene_21,-2.521100369564253,0.8197561693923068,0.23818023153487977,29.327621459960938,0.313732773065567
2135_Lowlight_Scene_21.jpg,Lowlight_Scene_21,-1.806533432432048,0.906619865531602,0.32074236063052675,17.79866600036621,0.3792547583580017
2228_Lowlight_Scene_21.jpg,Lowlight_Scene_21,-1.5243056351701114,0.9488754926738594,0.6309486436840532,17.707901000976562,0.16772541403770447
2148_Lowlight_Scene_21.jpg,Lowlight_Scene_21,-1.302441496498382,0.9288746843004436,0.4396248007176726,17.769495010375977,0.3684423565864563
2232_Lowlight_Scene_21.jpg,Lowlight_Scene_21,-1.0975467497682303,0.8885123555129891,0.3561348882908283,21.674354553222656,0.3193284571170807
2128_Lowlight_Scene_21.jpg,Lowlight_Scene_21,-0.7425214094322421,0.916731849236275,0.43724970737750435,15.162263870239258,0.4230508804321289
2138_Lowlight_Scene_21.jpg,Lowlight_Scene_21,-0.6482662130357325,0.9243311606386246,0.527049230637789,16.029441833496094,0.4122423529624939
2235_Lowlight_Scene_21.jpg,Lowlight_Scene_21,-0.426416975084781,0.9395723517443846,0.48987086334315855,16.179092407226562,0.38525158166885376
2241_Lowlight_Scene_21.jpg,Lowlight_Scene_21,-0.3770968879753806,0.9240851394565652,0.4699803460207612,25.082244873046875,0.4301981031894684
2240_Lowlight_Scene_21.jpg,Lowlight_Scene_21,-0.2933118190056353,0.9335460770631793,0.4822518826092528,15.724161148071289,0.3711346685886383
2199_Lowlight_Scene_21.jpg,Lowlight_Scene_21,-0.1969407964709716,0.9318771516459887,0.5685907881584006,17.910659790039062,0.34531882405281067
2212_Lowlight_Scene_21.JPG,Lowlight_Scene_21,-0.046570442478927,0.9151094302430376,0.4013323661839463,28.895187377929688,0.3532760441303253
2156_Lowlight_Scene_21.jpg,Lowlight_Scene_21,0.0669051445681528,0.9209871459312429,0.42311582382844204,23.671234130859375,0.4390847682952881
2173_Lowlight_Scene_21.JPG,Lowlight_Scene_21,0.224249814953179,0.9431367325842065,0.718882354649921,21.494739532470703,0.4164702892303467
2194_Lowlight_Scene_21.jpg,Lowlight_Scene_21,0.2588074853834458,0.9477759503306113,0.5289894553376906,28.555131912231445,0.3063759505748749
2141_Lowlight_Scene_21.jpg,Lowlight_Scene_21,0.2952354034894247,0.9396600173056895,0.6391899354948951,21.556110382080078,0.35085010528564453
2146_Lowlight_Scene_21.jpg,Lowlight_Scene_21,0.3604343408034401,0.9336112402679679,0.5169019983766927,16.839046478271484,0.3336971700191498
2176_Lowlight_Scene_21.jpg,Lowlight_Scene_21,0.5775539654788184,0.8191428671115444,0.40345142124823785,23.83494758605957,0.28035685420036316
2158_Lowlight_Scene_21.jpg,Lowlight_Scene_21,0.6497675357178135,0.9490179803000993,0.7706673296595327,22.048503875732422,0.4025243818759918
2196_Lowlight_Scene_21.jpg,Lowlight_Scene_21,0.8097387353648439,0.9553668979216171,0.5602861873638344,21.066234588623047,0.3910001814365387
2144_Lowlight_Scene_21.jpg,Lowlight_Scene_21,0.9526984339292416,0.9622400273272964,0.8737996326199324,33.85049057006836,0.3018268942832947
2134_Lowlight_Scene_21.jpg,Lowlight_Scene_21,1.1176645300441983,0.9352223229858962,0.6422234422657952,41.013675689697266,0.33903369307518005
2203_Lowlight_Scene_21.jpg,Lowlight_Scene_21,1.2394904392006745,0.9454494262860214,0.586554217608612,41.175025939941406,0.3803633153438568
2250_Lowlight_Scene_21.jpg,Lowlight_Scene_21,1.3635412885469786,0.9412046765978048,0.5656634901106412,34.94835662841797,0.36704307794570923
2143_Lowlight_Scene_21.jpg,Lowlight_Scene_21,1.4642515225361168,0.9547018543852082,0.5715739040539963,25.757631301879883,0.4165460169315338
2238_Lowlight_Scene_21.jpg,Lowlight_Scene_21,1.5848296516692413,0.9471966465015029,0.6283687778204964,24.058399200439453,0.333574503660202
2140_Lowlight_Scene_21.jpg,Lowlight_Scene_21,1.9010823408847963,0.9455592372085972,0.5493096706394976,37.61028289794922,0.3558054566383362
2166_Lowlight_Scene_21.jpg,Lowlight_Scene_21,4.128438346014562,0.9748748380444474,0.870883957452262,38.364723205566406,0.31357431411743164
2360_Night_Scene_22.jpg,Night_Scene_22,-4.07620032411569,0.8488274698146585,0.2221978316032296,17.479055404663086,0.34168606996536255
2320_Night_Scene_22.jpg,Night_Scene_22,-3.06032288623917,0.8715593296395652,0.22698674185142464,15.612049102783203,0.303527295589447
2361_Night_Scene_22.jpg,Night_Scene_22,-2.2351989514559416,0.9451322846600888,0.8231001443889103,15.259294509887695,0.3908671736717224
2258_Night_Scene_22.jpg,Night_Scene_22,-1.7716765925138849,0.93862502130809,0.4935445717459097,15.171850204467773,0.3864646255970001
2344_Night_Scene_22.jpg,Night_Scene_22,-1.3218788132273072,0.9441046079475996,0.5936022657952069,13.3833589553833,0.2497706413269043
2293_Night_Scene_22.JPG,Night_Scene_22,-1.162880194851467,0.9354368359477907,0.5419851031654491,14.202703475952148,0.3099568486213684
2307_Night_Scene_22.jpg,Night_Scene_22,-1.0238983602309075,0.9530516561091402,0.7115260250331069,24.61795997619629,0.4006321430206299
2266_Night_Scene_22.jpg,Night_Scene_22,-0.8497133757972093,0.9544027954037655,0.6885027057969156,16.366008758544922,0.279097318649292
2283_Night_Scene_22.JPG,Night_Scene_22,-0.7105479936598755,0.933804487078367,0.6469445461147423,16.127559661865234,0.3336361050605774
2348_Night_Scene_22.JPG,Night_Scene_22,-0.552281149624746,0.9421046861453902,0.5159630603613995,22.728862762451172,0.4850448668003082
2358_Night_Scene_22.jpg,Night_Scene_22,-0.4331320073599653,0.9521470771865838,0.853671001751463,15.622598648071289,0.4047190546989441
2295_Night_Scene_22.jpg,Night_Scene_22,-0.2978602152545736,0.9604723478507652,0.5332352548165236,17.58077621459961,0.3104214072227478
2356_Night_Scene_22.JPG,Night_Scene_22,-0.204150083310184,0.9405583309456753,0.8297722585330428,22.1878662109375,0.4495553970336914
2340_Night_Scene_22.jpg,Night_Scene_22,-0.1578742928170894,0.9469642797177978,0.6780950198641548,23.277616500854492,0.33176761865615845
2288_Night_Scene_22.jpg,Night_Scene_22,-0.0368865382615858,0.9593447350961966,0.8814292759195181,26.233963012695312,0.4532929062843323
2339_Night_Scene_22.jpg,Night_Scene_22,0.0536545363129279,0.9479918716434494,0.6858086650433595,31.675514221191406,0.3859543204307556
2254_Night_Scene_22.jpg,Night_Scene_22,0.1445067337334778,0.9696637450509031,0.7536149173394848,17.875736236572266,0.3278907835483551
2351_Night_Scene_22.jpg,Night_Scene_22,0.2037577051754468,0.9665524924884126,0.7618900217864923,34.783512115478516,0.4380297064781189
2364_Night_Scene_22.jpg,Night_Scene_22,0.2695595584845946,0.9740602455630418,0.7554543500363108,25.23736572265625,0.36900272965431213
2252_Night_Scene_22.jpg,Night_Scene_22,0.3194498582358958,0.9663325191084905,0.7351865726857191,20.990665435791016,0.397416889667511
2298_Night_Scene_22.jpg,Night_Scene_22,0.4707152805531704,0.9571437847658034,0.7199528557392456,22.85785675048828,0.4087159037590027
2255_Night_Scene_22.jpg,Night_Scene_22,0.6148721088448306,0.9602181250399038,0.895364025802042,16.693119049072266,0.3639932870864868
2272_Night_Scene_22.jpg,Night_Scene_22,0.8465002824386403,0.9615283719310781,0.6208950677090008,32.857608795166016,0.39851686358451843
2350_Night_Scene_22.jpg,Night_Scene_22,1.1178630483727665,0.9669971456829323,0.9432148899995729,54.88182830810547,0.3687039911746979
2330_Night_Scene_22.JPG,Night_Scene_22,1.2926780375000937,0.9496252896428881,0.8521301413986074,37.384498596191406,0.4199123978614807
2260_Night_Scene_22.jpg,Night_Scene_22,1.397397455419421,0.9705722048293385,0.8194780776624375,47.941070556640625,0.45120564103126526
2282_Night_Scene_22.jpg,Night_Scene_22,1.5405081228981237,0.9638195775265433,0.8502744312016746,47.513572692871094,0.42726564407348633
2314_Night_Scene_22.jpg,Night_Scene_22,2.021896296951064,0.9678109037824709,0.766409087103251,59.381683349609375,0.5034664869308472
2341_Night_Scene_22.jpg,Night_Scene_22,2.8584588429159794,0.9661266781494635,0.984884845999402,68.96432495117188,0.5358273386955261
2273_Night_Scene_22.jpg,Night_Scene_22,3.4430909055246133,0.9563991514707415,0.8863190089281899,63.78554916381836,0.5146160125732422
2398_Night_Scene_23.jpg,Night_Scene_23,-4.318340625742523,0.866829244910628,0.29287447733777605,14.732155799865723,0.36691683530807495
2404_Night_Scene_23.jpg,Night_Scene_23,-2.9065671960583197,0.9664927821011262,0.8387274843009099,21.127147674560547,0.45591917634010315
2412_Night_Scene_23.jpg,Night_Scene_23,-1.6882604544812612,0.9346739646643722,0.44560011277713696,17.17121696472168,0.3420208990573883
2422_Night_Scene_23.jpg,Night_Scene_23,-1.4294082738954044,0.9434619952304479,0.5336970498526208,12.78439712524414,0.3828183710575104
2454_Night_Scene_23.jpg,Night_Scene_23,-1.1559260494376613,0.9217605432618448,0.3626988081507112,15.236761093139648,0.1893366277217865
2400_Night_Scene_23.jpg,Night_Scene_23,-1.118710871458271,0.9111601172940071,0.42116350463496954,24.338172912597656,0.3091985881328583
2463_Night_Scene_23.jpg,Night_Scene_23,-0.860255583618224,0.9695413374671038,0.7250735153146226,15.499032974243164,0.45038294792175293
2447_Night_Scene_23.jpg,Night_Scene_23,-0.6918758468967412,0.9367094771742691,0.4090076090392585,15.00556468963623,0.25008732080459595
2466_Night_Scene_23.jpg,Night_Scene_23,-0.5596961224908003,0.9480552856540179,0.5733468905121961,34.17898178100586,0.4285297393798828
2484_Night_Scene_23.jpg,Night_Scene_23,-0.5200600734310932,0.9174612030486234,0.4062051108547995,17.200511932373047,0.2888149619102478
2416_Night_Scene_23.jpg,Night_Scene_23,-0.4688068881878097,0.9691692890230372,0.8742337596650861,18.038997650146484,0.4145685136318207
2409_Night_Scene_23.jpg,Night_Scene_23,-0.3840781138746942,0.9554535363075283,0.5648905121961639,23.099735260009766,0.3101993501186371
2379_Night_Scene_23.jpg,Night_Scene_23,-0.3305448508881218,0.9492827940237503,0.572801172198727,28.301057815551758,0.3168261647224426
2408_Night_Scene_23.jpg,Night_Scene_23,-0.2744433743112175,0.9405831194650565,0.5796878123798539,22.645477294921875,0.367015540599823
2391_Night_Scene_23.jpg,Night_Scene_23,-0.1814391395530254,0.9550371348672334,0.5373815609381006,19.051761627197266,0.34623464941978455
2370_Night_Scene_23.jpg,Night_Scene_23,-0.0389943881522873,0.978753942006328,0.8697788064419667,22.815820693969727,0.40426379442214966
2477_Night_Scene_23.jpg,Night_Scene_23,0.1660330596419047,0.9641725266217123,0.676648256653424,36.24032974243164,0.4506540298461914
2419_Night_Scene_23.jpg,Night_Scene_23,0.2695868370563922,0.9695363770551834,0.7280131163227819,25.010616302490234,0.35900750756263733
2468_Night_Scene_23.jpg,Night_Scene_23,0.4894592592485261,0.9637195462243199,0.6834498628732539,23.36630630493164,0.3466055989265442
2423_Night_Scene_23.jpg,Night_Scene_23,0.5882475287696757,0.9520213339969863,0.5677167755991286,22.113941192626953,0.3412526249885559
2378_Night_Scene_23.jpg,Night_Scene_23,0.6624299965081409,0.9666998098862065,0.6794879029433124,27.497730255126953,0.3967607617378235
2430_Night_Scene_23.jpg,Night_Scene_23,0.7767146220997261,0.9674354629137636,0.8126613524712718,30.23590850830078,0.3905274569988251
2390_Night_Scene_23.jpg,Night_Scene_23,0.9001478344591619,0.9719947889296563,0.7828271622025716,25.37737274169922,0.5228992700576782
2395_Night_Scene_23.jpg,Night_Scene_23,1.0477403303500217,0.9787334785047688,0.8843796146781153,54.485294342041016,0.4270341992378235
2415_Night_Scene_23.jpg,Night_Scene_23,1.2794125212813452,0.9545379969947303,0.5846817343756675,40.025390625,0.3839857280254364
2381_Night_Scene_23.jpg,Night_Scene_23,1.3430377742257524,0.9693223198220339,0.717921582297407,38.68534469604492,0.4206196665763855
2442_Night_Scene_23.jpg,Night_Scene_23,1.512054092879351,0.9600748357778988,0.6463260147806399,26.013591766357422,0.43510499596595764
2458_Night_Scene_23.jpg,Night_Scene_23,1.7804670164702927,0.9546514463098418,0.5900985843051818,43.035118103027344,0.3120461404323578
2396_Night_Scene_23.jpg,Night_Scene_23,2.553002538048463,0.9566445928906866,0.786076790977829,44.31855392456055,0.39421194791793823
2467_Night_Scene_23.jpg,Night_Scene_23,3.856560970411055,0.9629585827102418,0.6167355495749498,47.593719482421875,0.41332095861434937
2552_Night_Scene_24.jpg,Night_Scene_24,-4.302224379317117,0.8128602499701576,0.1302658840616857,16.62662124633789,0.43658438324928284
2567_Night_Scene_24.jpg,Night_Scene_24,-2.8141858020201767,0.9062179896314722,0.32271854414968604,13.239068984985352,0.2572777569293976
2524_Night_Scene_24.jpg,Night_Scene_24,-2.175993145225156,0.9373038119932062,0.49706224443590075,16.384883880615234,0.4768771231174469
2598_Night_Scene_24.JPG,Night_Scene_24,-1.7841293834102483,0.9653956669997414,0.8731063197915332,17.949199676513672,0.278559148311615
2497_Night_Scene_24.jpg,Night_Scene_24,-1.640286713202864,0.9630925100631913,0.757918093041138,35.02916717529297,0.45081764459609985
2499_Night_Scene_24.jpg,Night_Scene_24,-1.2656316645595005,0.9412614619988686,0.5942647050279807,23.767574310302734,0.5263214111328125
2511_Night_Scene_24.jpg,Night_Scene_24,-0.921380208970748,0.9788757118059535,0.8635356042547737,24.708751678466797,0.23098428547382355
2507_Night_Scene_24.jpg,Night_Scene_24,-0.7467042052546545,0.965492060475762,0.8901312589175103,23.319015502929688,0.4192597270011902
2585_Night_Scene_24.jpg,Night_Scene_24,-0.5328342116132138,0.9364606524696565,0.4964653253022342,19.76296043395996,0.37294769287109375
2565_Night_Scene_24.jpg,Night_Scene_24,-0.4775224483824363,0.9006739181053338,0.31640409073433295,42.955535888671875,0.2838951647281647
2521_Night_Scene_24.jpg,Night_Scene_24,-0.3735579621387369,0.9558995564448944,0.6453005391088897,25.380233764648438,0.35906147956848145
2493_Night_Scene_24.JPG,Night_Scene_24,-0.1797068450804615,0.975604433117735,0.8551585561108975,43.71720886230469,0.4214863181114197
2518_Night_Scene_24.jpg,Night_Scene_24,-0.1125664495903697,0.9728158037964522,0.7261532436242472,41.9548454284668,0.2572433054447174
2573_Night_Scene_24.jpg,Night_Scene_24,-0.0552599358123125,0.9551730074051462,0.6426850800973984,40.481781005859375,0.3453353941440582
2516_Night_Scene_24.JPG,Night_Scene_24,0.0273368076113293,0.9692193803153106,0.7892955051475928,38.63667297363281,0.38432759046554565
2560_Night_Scene_24.jpg,Night_Scene_24,0.0729575153419262,0.9612852817524742,0.8077894860950916,36.499900817871094,0.39501646161079407
2529_Night_Scene_24.jpg,Night_Scene_24,0.2968799901694285,0.941527155212757,0.5848609714212483,47.87245178222656,0.429718554019928
2489_Night_Scene_24.JPG,Night_Scene_24,0.3626874102570296,0.961157735247484,0.924800434021103,43.101078033447266,0.3104073107242584
2550_Night_Scene_24.jpg,Night_Scene_24,0.4262851367096982,0.9669674975307938,0.6971609210132854,39.20108413696289,0.34104716777801514
2556_Night_Scene_24.jpg,Night_Scene_24,0.4952293076498716,0.963888265894779,0.8507686206160024,40.42707824707031,0.354702889919281
2569_Night_Scene_24.jpg,Night_Scene_24,0.5540595843263475,0.9374140707106446,0.5858983365372293,37.80244064331055,0.325977623462677
2486_Night_Scene_24.jpg,Night_Scene_24,0.6862705808655958,0.9424963065684955,0.5886948404459823,40.66602325439453,0.4012930989265442
2582_Night_Scene_24.jpg,Night_Scene_24,0.8268646133565118,0.9716989830171575,0.9137316895211243,46.54853439331055,0.41288599371910095
2568_Night_Scene_24.jpg,Night_Scene_24,0.9867066171314068,0.9782052225260633,0.8037751599812037,46.8101806640625,0.3269279897212982
2579_Night_Scene_24.jpg,Night_Scene_24,1.1549149608946132,0.9626502758578801,0.6062203255158273,42.3857307434082,0.3433886170387268
2534_Night_Scene_24.jpg,Night_Scene_24,1.4495754264512528,0.9635595350471964,0.9206672339698407,49.18861389160156,0.3406210243701935
2590_Night_Scene_24.jpg,Night_Scene_24,1.4839941675616202,0.9611663809711751,0.7414470810372079,45.76610565185547,0.4337056577205658
2586_Night_Scene_24.jpg,Night_Scene_24,1.783921585653708,0.9517597174339036,0.635449958562946,46.85615921020508,0.3966185450553894
2554_Night_Scene_24.jpg,Night_Scene_24,2.244408146385532,0.9659190099894102,0.8244873954461959,39.995609283447266,0.34673696756362915
2540_Night_Scene_24.jpg,Night_Scene_24,3.3717041573576925,0.9590629758653513,0.767446858900423,48.14215850830078,0.3644264042377472
2609_Night_Scene_25.jpg,Night_Scene_25,-3.892700593212576,0.9038033372748182,0.49321831774103975,12.927336692810059,0.3925503194332123
2633_Night_Scene_25.jpg,Night_Scene_25,-2.4794901140022434,0.9030828331115127,0.4587309393822889,14.092066764831543,0.4128146171569824
2693_Night_Scene_25.jpg,Night_Scene_25,-2.1662364110943555,0.9453624181978143,0.7116414370541244,26.291149139404297,0.2630165219306946
2667_Night_Scene_25.jpg,Night_Scene_25,-1.7846508737048792,0.895461622912247,0.471438779956427,30.25405502319336,0.4441142678260803
2620_Night_Scene_25.jpg,Night_Scene_25,-1.4758186215550182,0.8627748648305382,0.348086688025973,17.869836807250977,0.32182613015174866
2665_Night_Scene_25.jpg,Night_Scene_25,-1.1893362749811296,0.905558086426922,0.38479741979580506,23.124794006347656,0.3633556663990021
2698_Night_Scene_25.jpg,Night_Scene_25,-1.0745582946657042,0.906660393883968,0.4338041812977914,43.89048767089844,0.34323540329933167
2681_Night_Scene_25.JPG,Night_Scene_25,-0.935672969523205,0.9271596002363036,0.5775578555256525,20.49970817565918,0.3550418019294739
2714_Night_Scene_25.jpg,Night_Scene_25,-0.8390303650717016,0.9377324770845588,0.721122029988466,28.40504264831543,0.37613433599472046
2678_Night_Scene_25.jpg,Night_Scene_25,-0.562434629172849,0.9621820955709381,0.6554218770558332,55.14464569091797,0.38881686329841614
2640_Night_Scene_25.jpg,Night_Scene_25,-0.501190325378628,0.9318304858708663,0.536565847323679,36.97986602783203,0.3490546643733978
2713_Night_Scene_25.jpg,Night_Scene_25,-0.4224552047091587,0.9322131331369536,0.6180515904139434,34.291160583496094,0.33150309324264526
2683_Night_Scene_25.jpg,Night_Scene_25,-0.2833108583797322,0.9138751327826009,0.5944524755435944,37.02128601074219,0.3089030385017395
2676_Night_Scene_25.jpg,Night_Scene_25,-0.2350469905735524,0.8706576042529357,0.40867834422657956,28.063526153564453,0.3500061631202698
2643_Night_Scene_25.jpg,Night_Scene_25,-0.1224577386582798,0.9527619701403456,0.7827454295356487,53.43791198730469,0.3987771272659302
2635_Night_Scene_25.jpg,Night_Scene_25,-0.0279692810622255,0.94314347682635,0.7517725695245419,45.23158264160156,0.3096352815628052
2680_Night_Scene_25.jpg,Night_Scene_25,0.0634531725210253,0.9410897450794405,0.7049917655602547,27.752792358398438,0.3885166645050049
2632_Night_Scene_25.jpg,Night_Scene_25,0.1494086500703846,0.9011211956841088,0.3677801529326328,47.19768524169922,0.4325413107872009
2703_Night_Scene_25.jpg,Night_Scene_25,0.2321012840056375,0.9439642300012459,0.7792443009099065,22.693553924560547,0.30250611901283264
2658_Night_Scene_25.jpg,Night_Scene_25,0.3565552620152246,0.9455915199641631,0.5088586680336623,41.403053283691406,0.34456759691238403
2642_Night_Scene_25.jpg,Night_Scene_25,0.4974133761907383,0.9532891311627639,0.6810781220897945,22.701061248779297,0.38046401739120483
2630_Night_Scene_25.JPG,Night_Scene_25,0.6826506698141718,0.9698888042591894,0.7743117399290871,43.18348693847656,0.3563847541809082
2717_Night_Scene_25.jpg,Night_Scene_25,0.762590121049406,0.9350900885888657,0.6098722405912256,46.682918548583984,0.4565565586090088
2612_Night_Scene_25.jpg,Night_Scene_25,0.9527040090822918,0.9373036714597822,0.5342300209321201,17.940715789794922,0.37286582589149475
2677_Night_Scene_25.jpg,Night_Scene_25,1.240114212560031,0.9300895885072208,0.608166958007604,41.87046813964844,0.39352065324783325
2686_Night_Scene_25.jpg,Night_Scene_25,1.7017446434324857,0.9334160132226423,0.4777541936861891,41.226444244384766,0.43013399839401245
2669_Night_Scene_25.jpg,Night_Scene_25,1.9141325704756829,0.9189805643514757,0.4551984963048401,53.41624450683594,0.4563213884830475
2618_Night_Scene_25.jpg,Night_Scene_25,2.1648886991875007,0.9171140150691961,0.455044688794908,56.61859130859375,0.4162469804286957
2675_Night_Scene_25.jpg,Night_Scene_25,2.6930503142652324,0.9401757287111366,0.663364124909223,29.648374557495117,0.396511971950531
2629_Night_Scene_25.jpg,Night_Scene_25,3.396841339793941,0.9500475602175877,0.7175643145798625,52.167232513427734,0.3959261178970337
2765_Night_Scene_26.jpg,Night_Scene_26,-4.6092579073147375,0.8831940384686476,0.39086213678499726,18.204221725463867,0.4331037402153015
2775_Night_Scene_26.jpg,Night_Scene_26,-3.489182797498537,0.8597884466581454,0.19761045068136185,14.46395206451416,0.28694796562194824
2735_Night_Scene_26.jpg,Night_Scene_26,-2.4085948930200844,0.8530430289418417,0.3322675620487847,17.21263885498047,0.3739384114742279
2831_Night_Scene_26.jpg,Night_Scene_26,-1.92759019385279,0.8724074010225533,0.19519853389721908,14.982357025146484,0.3842270076274872
2778_Night_Scene_26.JPG,Night_Scene_26,-1.2495347090878184,0.8957701731522938,0.36522353624674264,16.259620666503906,0.34398913383483887
2818_Night_Scene_26.jpg,Night_Scene_26,-0.9783737338036732,0.9148450544739133,0.3100387816651715,16.970914840698242,0.3692248463630676
2752_Night_Scene_26.jpg,Night_Scene_26,-0.8206647102885443,0.951776278022622,0.6022051997095135,18.177906036376953,0.34890612959861755
2788_Night_Scene_26.JPG,Night_Scene_26,-0.7100218916369512,0.9284528468664064,0.46299777350591653,13.830952644348145,0.3296418786048889
2782_Night_Scene_26.jpg,Night_Scene_26,-0.5594797048979594,0.9098795987749262,0.29974037677816223,21.39446258544922,0.35303983092308044
2798_Night_Scene_26.jpg,Night_Scene_26,-0.4742217747187016,0.9394223488335802,0.5239774206501773,22.8405818939209,0.34668663144111633
2774_Night_Scene_26.jpg,Night_Scene_26,-0.3980740317223314,0.9591400930546042,0.7378242624631552,13.947521209716797,0.42949357628822327
2815_Night_Scene_26.jpg,Night_Scene_26,-0.3059483152894695,0.9398886649122126,0.7111404024093297,37.73965072631836,0.4378533363342285
2724_Night_Scene_26.jpg,Night_Scene_26,-0.1148455858659419,0.9445870623225604,0.6305370789012773,25.538597106933594,0.33709990978240967
2720_Night_Scene_26.jpg,Night_Scene_26,-0.0383232027869835,0.9245970227597693,0.4161218608227605,22.46504020690918,0.318037211894989
2780_Night_Scene_26.jpg,Night_Scene_26,0.1113980487700541,0.9366794355293272,0.4825131872356786,47.418701171875,0.29750755429267883
2755_Night_Scene_26.jpg,Night_Scene_26,0.1464165701720582,0.9606928677439375,0.7027482797214747,36.04266357421875,0.29585298895835876
2721_Night_Scene_26.jpg,Night_Scene_26,0.2977958857949825,0.9433771403641064,0.6048772762612671,16.027482986450195,0.38136154413223267
2810_Night_Scene_26.jpg,Night_Scene_26,0.3579029707357705,0.9595018616004631,0.594801900123884,29.183677673339844,0.3118588626384735
2749_Night_Scene_26.jpg,Night_Scene_26,0.4164592954198879,0.9238655059370828,0.40045092742107735,37.09212112426758,0.32633528113365173
2728_Night_Scene_26.jpg,Night_Scene_26,0.4713800949486451,0.9738309720253675,0.8833080985945577,20.567684173583984,0.17551299929618835
2834_Night_Scene_26.jpg,Night_Scene_26,0.6154040050011618,0.9591125588141562,0.6105007749156307,37.883544921875,0.31140071153640747
2812_Night_Scene_26.jpg,Night_Scene_26,0.7642902534449465,0.9606281987860987,0.5857428168653083,28.3050537109375,0.3116360008716583
2768_Night_Scene_26.jpg,Night_Scene_26,0.8369977527683163,0.9624742740707508,0.6572628544576872,26.910411834716797,0.31990912556648254
2733_Night_Scene_26.jpg,Night_Scene_26,1.0384316724491398,0.9694781587488541,0.693685977188261,41.102291107177734,0.29469722509384155
2791_Night_Scene_26.jpg,Night_Scene_26,1.1538670138062284,0.9622458918929997,0.6405190003844675,33.97273635864258,0.30470654368400574
2751_Night_Scene_26.jpg,Night_Scene_26,1.4052536944106726,0.933250859428861,0.43677398949122126,29.81312370300293,0.3336651921272278
2819_Night_Scene_26.jpg,Night_Scene_26,1.6412396390631685,0.9465409141797223,0.5317085599555726,21.317628860473633,0.3752056360244751
2832_Night_Scene_26.jpg,Night_Scene_26,1.7891669999233872,0.9502745803211549,0.538084842581913,31.873048782348633,0.37038132548332214
2802_Night_Scene_26.jpg,Night_Scene_26,2.273066826781397,0.9691482619952179,0.7202575624759708,26.612436294555664,0.3154345452785492
2757_Night_Scene_26.jpg,Night_Scene_26,3.0740890169322146,0.9680892675570325,0.7387104652056901,41.896697998046875,0.3265734016895294
2868_Night_Scene_27.jpg,Night_Scene_27,-4.358995081333964,0.8044032832700847,0.1051724140287924,19.042221069335938,0.39160582423210144
2879_Night_Scene_27.jpg,Night_Scene_27,-2.498026584144142,0.843611981980642,0.1697804912640437,22.587400436401367,0.387029230594635
2894_Night_Scene_27.jpg,Night_Scene_27,-1.93109066561055,0.927491559409651,0.38953386475287277,14.832128524780273,0.33401864767074585
2913_Night_Scene_27.jpg,Night_Scene_27,-1.6797309059816958,0.8184944449891254,0.12653989149472422,22.47915267944336,0.4148024022579193
2910_Night_Scene_27.jpg,Night_Scene_27,-1.2050668425762274,0.9743779487275482,0.6617112666068606,27.490060806274414,0.33773571252822876
2948_Night_Scene_27.jpg,Night_Scene_27,-1.096931924199066,0.9767063087989247,0.7273986244606775,42.75730895996094,0.32119426131248474
2884_Night_Scene_27.jpg,Night_Scene_27,-0.9548622210487676,0.9556307360151599,0.6303404092443077,30.641265869140625,0.4042743146419525
2942_Night_Scene_27.jpg,Night_Scene_27,-0.8722671807619461,0.8982164577553264,0.2766500371651929,23.643857955932617,0.36094164848327637
2918_Night_Scene_27.jpg,Night_Scene_27,-0.7726451374380677,0.9667360126949258,0.5697353564868214,14.589265823364258,0.45868954062461853
2893_Night_Scene_27.jpg,Night_Scene_27,-0.6744954159244565,0.9661599642175143,0.654721636977231,23.778804779052734,0.44630637764930725
2885_Night_Scene_27.JPG,Night_Scene_27,-0.5771379747500675,0.9496950608716126,0.4612214652484088,22.68093490600586,0.27127504348754883
2944_Night_Scene_27.jpg,Night_Scene_27,-0.511672872203436,0.9829301332176019,0.8963361305480798,28.385009765625,0.4160885810852051
2923_Night_Scene_27.jpg,Night_Scene_27,-0.4678222999800511,0.9607830528932203,0.6252189909863728,31.806285858154297,0.44552916288375854
2920_Night_Scene_27.JPG,Night_Scene_27,-0.3912105524813706,0.9691031461637633,0.6367421487462087,16.764753341674805,0.3502930998802185
2867_Night_Scene_27.jpg,Night_Scene_27,-0.2006927278131699,0.9823972217531565,0.8172387201503695,39.13030242919922,0.3311805725097656
2946_Night_Scene_27.jpg,Night_Scene_27,0.0082131151766749,0.9771499636146284,0.8455598308342945,43.761192321777344,0.40972939133644104
2871_Night_Scene_27.jpg,Night_Scene_27,0.081051204610371,0.9830351644713976,0.8834187739758212,42.91371536254883,0.41596898436546326
2909_Night_Scene_27.JPG,Night_Scene_27,0.1715331698521526,0.9733147834184709,0.6832316562006066,26.27878189086914,0.40526270866394043
2900_Night_Scene_27.jpg,Night_Scene_27,0.3284339969491741,0.9777318737387561,0.851040997906788,39.87584686279297,0.23515038192272186
2915_Night_Scene_27.jpg,Night_Scene_27,0.4316695400522903,0.9640500444622272,0.6121435447904652,48.97490310668945,0.5030328035354614
2930_Night_Scene_27.jpg,Night_Scene_27,0.5480408469189277,0.9808575253506697,0.8049710282370028,42.43700408935547,0.25424233078956604
2870_Night_Scene_27.jpg,Night_Scene_27,0.6533189607556759,0.9010194677432984,0.49102821991541723,29.342601776123047,0.40029653906822205
2854_Night_Scene_27.jpg,Night_Scene_27,0.8282649520027333,0.9945073550813608,0.9525502533213721,50.288902282714844,0.37872573733329773
2886_Night_Scene_27.jpg,Night_Scene_27,1.078289596407695,0.9575167058880947,0.6079575752915545,30.28195571899414,0.4468882977962494
2858_Night_Scene_27.jpg,Night_Scene_27,1.2847764043645489,0.976430674547883,0.8009163723354266,45.381866455078125,0.3327537477016449
2848_Night_Scene_27.jpg,Night_Scene_27,1.4614977515559795,0.9732768292030937,0.7826732590029475,53.38418197631836,0.45618170499801636
2850_Night_Scene_27.jpg,Night_Scene_27,1.9107660210300688,0.9619404335246131,0.624489787688496,44.453948974609375,0.469970166683197
2928_Night_Scene_27.jpg,Night_Scene_27,2.1003194997278287,0.9583214468241348,0.6096374727668845,58.2003288269043,0.44142213463783264
2892_Night_Scene_27.jpg,Night_Scene_27,2.5020292138626545,0.9813879861970567,0.9498105754197104,45.39570999145508,0.34597048163414
2841_Night_Scene_27.jpg,Night_Scene_27,3.5249529281384104,0.9731748934657312,0.7597421709598873,60.007286071777344,0.45733779668807983
2956_Night_Scene_28.jpg,Night_Scene_28,-4.259610488669001,0.8191622251374606,0.13793237131017988,22.86719512939453,0.18159893155097961
3060_Night_Scene_28.jpg,Night_Scene_28,-3.110701111252285,0.8316434979773598,0.17040040326370198,18.91799545288086,0.1779133379459381
2968_Night_Scene_28.jpg,Night_Scene_28,-2.5130691074162894,0.8120401328512132,0.14103911145285997,27.29018783569336,0.2759596109390259
2974_Night_Scene_28.jpg,Night_Scene_28,-1.810329031421677,0.9067793852134952,0.3290079131957795,14.88239860534668,0.3435719311237335
3061_Night_Scene_28.jpg,Night_Scene_28,-1.4083939146131053,0.9025831343430328,0.3947870682216241,16.903724670410156,0.2364233434200287
2972_Night_Scene_28.jpg,Night_Scene_28,-1.1227650949647268,0.9349453604318174,0.4630499995728139,21.384294509887695,0.27230948209762573
3052_Night_Scene_28.jpg,Night_Scene_28,-0.8805887471488907,0.9008239064738784,0.3262763552479815,23.423030853271484,0.17545941472053528
3023_Night_Scene_28.JPG,Night_Scene_28,-0.596227550881362,0.9261945060624256,0.44267500192233755,17.570392608642578,0.23193474113941193
3058_Night_Scene_28.jpg,Night_Scene_28,-0.4677981391752527,0.8708094307397616,0.22940245888333544,15.148017883300781,0.37471312284469604
2984_Night_Scene_28.jpg,Night_Scene_28,-0.3686298721329633,0.8936662087239104,0.26412522363193647,14.18623161315918,0.2961002588272095
3002_Night_Scene_28.jpg,Night_Scene_28,-0.2763648075986933,0.9655927280845066,0.6350082344397454,29.286865234375,0.27331432700157166
3014_Night_Scene_28.jpg,Night_Scene_28,-0.2121186588888307,0.9304230537721025,0.5759057012260241,15.983187675476074,0.24746394157409668
2976_Night_Scene_28.jpg,Night_Scene_28,-0.0742500054265988,0.9457126448224815,0.5402763039856465,29.131935119628906,0.2803085148334503
2967_Night_Scene_28.jpg,Night_Scene_28,-0.012513765974704,0.962286011423736,0.6533270485710625,41.600425720214844,0.2504599690437317
2957_Night_Scene_28.JPG,Night_Scene_28,0.014738457146097,0.9760787957056086,0.7701743261138878,23.789249420166016,0.2795555293560028
2994_Night_Scene_28.jpg,Night_Scene_28,0.0823327466951165,0.9551196900269414,0.5741600478448461,18.13821792602539,0.29212188720703125
3029_Night_Scene_28.jpg,Night_Scene_28,0.1879389878075363,0.9578783557096626,0.5940125114272288,18.189743041992188,0.25248047709465027
3018_Night_Scene_28.jpg,Night_Scene_28,0.2556953030122122,0.9641387937416073,0.9289333538382674,30.581645965576172,0.2715093195438385
3016_Night_Scene_28.jpg,Night_Scene_28,0.2813338322590864,0.9759141234398923,0.7044962091503268,38.251914978027344,0.28670236468315125
3011_Night_Scene_28.jpg,Night_Scene_28,0.3710079178634408,0.9542937087174014,0.5414103532829253,25.348018646240234,0.22603945434093475
3012_Night_Scene_28.jpg,Night_Scene_28,0.5097334728386669,0.9542363170967794,0.517681527617583,47.04943084716797,0.2333691418170929
2989_Night_Scene_28.jpg,Night_Scene_28,0.7076204551528883,0.9596531805034992,0.7243415370156777,15.260113716125488,0.32039371132850647
2955_Night_Scene_28.jpg,Night_Scene_28,0.7850866652275484,0.9727796734883285,0.7718795916100645,26.052227020263672,0.28334373235702515
2959_Night_Scene_28.jpg,Night_Scene_28,0.8888785809692186,0.9637514240663794,0.657513407663719,27.086597442626953,0.32256171107292175
3027_Night_Scene_28.jpg,Night_Scene_28,1.1742552772256545,0.9758068509246111,0.8807682515271904,36.116607666015625,0.2716023325920105
3005_Night_Scene_28.jpg,Night_Scene_28,1.433593902488436,0.9689766681199021,0.8319599948737665,40.29963684082031,0.27535781264305115
3036_Night_Scene_28.jpg,Night_Scene_28,1.6629070770024688,0.968471743178229,0.6091058140031612,39.57386016845703,0.22929799556732178
2985_Night_Scene_28.jpg,Night_Scene_28,1.8452230596647343,0.969982414076007,0.8089445187748302,26.10138702392578,0.23045296967029572
3042_Night_Scene_28.jpg,Night_Scene_28,2.510107357510953,0.9688639104165969,0.7901961433636635,26.918630599975586,0.2698446214199066
2952_Night_Scene_28.jpg,Night_Scene_28,3.5844533399124945,0.9606278276127739,0.9969724738348498,39.63100814819336,0.3506849408149719
3089_Night_Scene_29.jpg,Night_Scene_29,-3.537335963002868,0.7978487744472555,0.11771463625101453,21.456018447875977,0.29420897364616394
3112_Night_Scene_29.jpg,Night_Scene_29,-2.492011468924728,0.8182319477503726,0.15824817121619894,23.498348236083984,0.2955668568611145
3110_Night_Scene_29.JPG,Night_Scene_29,-2.3056966211800694,0.9440353251776215,0.6342282540903071,12.680562973022461,0.24355873465538025
3132_Night_Scene_29.jpg,Night_Scene_29,-2.149485384660679,0.7936011511144092,0.13775749839805207,16.245223999023438,0.22458060085773468
3162_Night_Scene_29.jpg,Night_Scene_29,-1.5170261968212255,0.8962279916090856,0.3987755649536503,12.356483459472656,0.2484813928604126
3116_Night_Scene_29.jpg,Night_Scene_29,-1.259402395224196,0.9130366729954995,0.4577739536075869,20.873889923095703,0.25437217950820923
3101_Night_Scene_29.jpg,Night_Scene_29,-1.1854267538369143,0.9497364317474031,0.6611437105386817,16.85027313232422,0.2755776047706604
3131_Night_Scene_29.jpg,Night_Scene_29,-0.7166746989649091,0.9169340572310549,0.4595089888504422,12.282803535461426,0.24277925491333008
3167_Night_Scene_29.jpg,Night_Scene_29,-0.5957839920073456,0.9088185251928997,0.3716076551753599,15.740687370300293,0.1764536201953888
3081_Night_Scene_29.JPG,Night_Scene_29,-0.558542944091621,0.8835872638840602,0.32101986073732325,16.453502655029297,0.29677367210388184
3130_Night_Scene_29.jpg,Night_Scene_29,-0.4423541903549046,0.8654968500393357,0.279603407236533,17.82602310180664,0.2877357304096222
3142_Night_Scene_29.jpg,Night_Scene_29,-0.4091971009554108,0.9298656792178324,0.702877628262634,11.533748626708984,0.24557766318321228
3120_Night_Scene_29.jpg,Night_Scene_29,-0.3375114068773741,0.9231681902591236,0.38429387329659537,13.006656646728516,0.28869009017944336
3157_Night_Scene_29.jpg,Night_Scene_29,-0.2523814992526366,0.938926296321446,0.6058675107864496,15.206019401550293,0.26501092314720154
3111_Night_Scene_29.jpg,Night_Scene_29,-0.1128263418224939,0.9307842076729734,0.5187634977999914,14.100776672363281,0.2618745267391205
3094_Night_Scene_29.jpg,Night_Scene_29,0.0598962835549148,0.9306499627569105,0.5701662232474689,12.576482772827148,0.26035165786743164
3078_Night_Scene_29.jpg,Night_Scene_29,0.2117963304126646,0.9709693077689364,0.7366524157375368,12.620339393615723,0.23741209506988525
3151_Night_Scene_29.jpg,Night_Scene_29,0.261551676989706,0.9312874661318428,0.4697358520227263,13.730253219604492,0.29572758078575134
3125_Night_Scene_29.jpg,Night_Scene_29,0.3594489713265603,0.9735287745084711,0.7769294510658293,15.032861709594727,0.23671117424964905
3128_Night_Scene_29.jpg,Night_Scene_29,0.4440313493529305,0.9471372210259263,0.5399525550002136,14.133691787719727,0.2437354326248169
3113_Night_Scene_29.jpg,Night_Scene_29,0.6002896086106467,0.9298199009495857,0.460244640950062,15.236185073852539,0.27018100023269653
3138_Night_Scene_29.jpg,Night_Scene_29,0.6852503522139793,0.9644426664128136,0.7016740774915631,13.83130168914795,0.2619430720806122
3168_Night_Scene_29.jpg,Night_Scene_29,0.9666154562309512,0.9285359643208492,0.4681736938784229,16.75933837890625,0.25661614537239075
3102_Night_Scene_29.jpg,Night_Scene_29,1.0997237035748757,0.9546496613049592,0.74055596736298,24.444583892822266,0.290080726146698
3109_Night_Scene_29.jpg,Night_Scene_29,1.2099976644383623,0.9652238128157014,0.7214658259643727,16.953567504882812,0.24019715189933777
3147_Night_Scene_29.jpg,Night_Scene_29,1.32849950214918,0.9805413523715353,0.7851021436199752,18.846134185791016,0.26106971502304077
3172_Night_Scene_29.jpg,Night_Scene_29,1.7660879295244285,0.9402562267696369,0.7254060574992524,19.059844970703125,0.268699586391449
3150_Night_Scene_29.jpg,Night_Scene_29,2.1080773804925843,0.9608276849695466,0.8534045469691144,15.910514831542969,0.25684574246406555
3141_Night_Scene_29.jpg,Night_Scene_29,2.3401870124916835,0.9824925172667597,0.7260879285744799,18.610671997070312,0.26137441396713257
3158_Night_Scene_29.jpg,Night_Scene_29,3.7163822428324425,0.9458549416292992,0.7719776462044513,18.853336334228516,0.2370786964893341
3223_Night_Scene_30.jpg,Night_Scene_30,-5.355533769587923,0.8132483403682653,0.18033228929044387,32.5877685546875,0.3620126247406006
3191_Night_Scene_30.jpg,Night_Scene_30,-2.884378580415913,0.8576942868964219,0.20674658464693063,15.833133697509766,0.28573688864707947
3185_Night_Scene_30.jpg,Night_Scene_30,-2.3152893125860383,0.9541275369430613,0.9031309120423768,14.588664054870605,0.41322359442710876
3198_Night_Scene_30.jpg,Night_Scene_30,-1.9978024083833184,0.8960892847145558,0.3520055260797129,14.559886932373047,0.4829423427581787
3273_Night_Scene_30.jpg,Night_Scene_30,-1.1019693094595122,0.9472774691193332,0.5496665419283182,20.792015075683594,0.35403814911842346
3217_Night_Scene_30.jpg,Night_Scene_30,-0.990440348109366,0.9106809836309688,0.4442634097996496,18.583507537841797,0.3634277880191803
3235_Night_Scene_30.JPG,Night_Scene_30,-0.8003223941527389,0.9624085385747799,0.9141155828954677,17.83248519897461,0.4400297999382019
3233_Night_Scene_30.jpg,Night_Scene_30,-0.670154969922706,0.9464699713362413,0.6569427314280831,13.681975364685059,0.4383370280265808
3225_Night_Scene_30.jpg,Night_Scene_30,-0.6191987875019338,0.9486689983318377,0.6040723482421292,19.782379150390625,0.41582030057907104
3186_Night_Scene_30.JPG,Night_Scene_30,-0.5333743955798051,0.9434175629333832,0.5741447511640821,19.332050323486328,0.3641877770423889
3209_Night_Scene_30.jpg,Night_Scene_30,-0.4801797043159632,0.9187327813877384,0.41336088854714004,18.653409957885742,0.33706745505332947
3205_Night_Scene_30.JPG,Night_Scene_30,-0.2782446612228522,0.9451999654509449,0.6987460583536247,14.430594444274902,0.40989407896995544
3200_Night_Scene_30.jpg,Night_Scene_30,-0.1648720334962271,0.9501928612459559,0.6220759605280021,28.011966705322266,0.42702627182006836
3237_Night_Scene_30.jpg,Night_Scene_30,-0.1191666166641195,0.9481486336036083,0.6504677209620231,21.90746307373047,0.3886292576789856
3250_Night_Scene_30.jpg,Night_Scene_30,0.011408812868685,0.9504954659339795,0.7156515391516084,16.688331604003906,0.412952184677124
3226_Night_Scene_30.jpg,Night_Scene_30,0.1334594328459273,0.9726547985991595,0.8646503823315819,27.32333755493164,0.24255821108818054
3206_Night_Scene_30.jpg,Night_Scene_30,0.195456364017147,0.9549674350930539,0.8023468922209407,39.832664489746094,0.3694015443325043
3282_Night_Scene_30.jpg,Night_Scene_30,0.3527990628297967,0.9723545772943294,0.7824357127600495,29.27286148071289,0.3004794716835022
3280_Night_Scene_30.jpg,Night_Scene_30,0.4390144747473161,0.9430292115252452,0.6554129437395873,20.88957405090332,0.3724728226661682
3222_Night_Scene_30.JPG,Night_Scene_30,0.4963810665990131,0.9553756675137901,0.8447131684394891,17.707565307617188,0.38529935479164124
3190_Night_Scene_30.jpg,Night_Scene_30,0.5138575744646633,0.9610245317259716,0.7100240625400487,15.312187194824219,0.42179054021835327
3195_Night_Scene_30.jpg,Night_Scene_30,0.5990139948004761,0.9551698599654415,0.7094010884702465,35.308067321777344,0.38435298204421997
3216_Night_Scene_30.jpg,Night_Scene_30,0.6637462000423241,0.9623463777679906,0.9104646281344783,22.471948623657227,0.4564618170261383
3257_Night_Scene_30.jpg,Night_Scene_30,0.8281790213495049,0.9453983779785842,0.7355408090905207,37.91127014160156,0.45862072706222534
3287_Night_Scene_30.jpg,Night_Scene_30,1.1051081213577736,0.9480915731382679,0.7273163894228716,35.20703887939453,0.3167431354522705
3267_Night_Scene_30.jpg,Night_Scene_30,1.3201989840044768,0.9468273680869095,0.7901765440642488,37.213584899902344,0.42041414976119995
3236_Night_Scene_30.jpg,Night_Scene_30,1.555795847505972,0.9574045799835886,0.7583006706822163,29.472219467163086,0.3555610477924347
3201_Night_Scene_30.jpg,Night_Scene_30,1.9495858989194044,0.966173965065381,0.9595425588448888,28.705419540405273,0.24867138266563416
3175_Night_Scene_30.jpg,Night_Scene_30,2.597242908022551,0.9557209001991565,0.9225890008116536,34.285560607910156,0.4139114320278168
3268_Night_Scene_30.jpg,Night_Scene_30,3.3818612461231674,0.9661398527294279,0.8587740544235124,45.10588073730469,0.369772344827652
3393_Night_Scene_31.jpg,Night_Scene_31,-4.793609771174713,0.7962614542657906,0.09713251484471785,33.21575927734375,0.3923876881599426
3308_Night_Scene_31.jpg,Night_Scene_31,-3.4547499035384144,0.7955864437841648,0.0948218514246657,16.175962448120117,0.31946948170661926
3293_Night_Scene_31.JPG,Night_Scene_31,-2.0680329231807355,0.8323510999898026,0.1419722909991884,14.778251647949219,0.3435673415660858
3297_Night_Scene_31.JPG,Night_Scene_31,-1.840394317732666,0.8760954065159761,0.232558756034004,17.415668487548828,0.36044275760650635
3337_Night_Scene_31.jpg,Night_Scene_31,-1.2574315018395217,0.8678810049759741,0.2233188090050835,14.386056900024414,0.34587252140045166
3360_Night_Scene_31.jpg,Night_Scene_31,-1.0241251874058768,0.8627563013588511,0.18209635610235386,20.99802017211914,0.3145809769630432
3352_Night_Scene_31.jpg,Night_Scene_31,-0.8857288217018879,0.9169316443076969,0.38348450595924644,13.724624633789062,0.516905665397644
3383_Night_Scene_31.jpg,Night_Scene_31,-0.7265462737481939,0.8717416511523846,0.22209995130078175,14.825961112976074,0.42829322814941406
3399_Night_Scene_31.jpg,Night_Scene_31,-0.4591068030089578,0.9104848544337424,0.377522860438293,23.702159881591797,0.46465688943862915
3338_Night_Scene_31.jpg,Night_Scene_31,-0.3466275315422304,0.913870909502839,0.34682972531932166,23.006479263305664,0.4285128712654114
3394_Night_Scene_31.jpg,Night_Scene_31,-0.2729329041203408,0.8922458899673489,0.3135339023452519,18.910751342773438,0.32136982679367065
3334_Night_Scene_31.jpg,Night_Scene_31,-0.1257004132761816,0.9181077456733069,0.35372208295954555,19.06485366821289,0.30889952182769775
3343_Night_Scene_31.jpg,Night_Scene_31,-0.0920903519873007,0.9310808048493857,0.4493177495834936,27.536808013916016,0.30213579535484314
3339_Night_Scene_31.jpg,Night_Scene_31,-0.0449884931349785,0.8836821295627473,0.22218601050877873,36.43168640136719,0.5450324416160583
3382_Night_Scene_31.jpg,Night_Scene_31,0.0269590543850203,0.9369150554297418,0.5669298953393994,25.754526138305664,0.352997362613678
3322_Night_Scene_31.jpg,Night_Scene_31,0.1163364178719408,0.9204531673808506,0.41871142893758817,17.987241744995117,0.49506694078445435
3351_Night_Scene_31.jpg,Night_Scene_31,0.1756527714062028,0.9597415688101756,0.8526245734546541,43.82073211669922,0.6055348515510559
3327_Night_Scene_31.jpg,Night_Scene_31,0.274996680424357,0.9604242910116199,0.7249475705925073,54.4242057800293,0.3246814012527466
3288_Night_Scene_31.jpg,Night_Scene_31,0.3264083202811504,0.941759990151595,0.459203038147721,38.152095794677734,0.4168062210083008
3311_Night_Scene_31.jpg,Night_Scene_31,0.392708709062318,0.92633874254739,0.39833470203767773,32.3407096862793,0.38705727458000183
3316_Night_Scene_31.jpg,Night_Scene_31,0.6016874785837153,0.9588438315317964,0.7037459848776111,33.812801361083984,0.4627200663089752
3326_Night_Scene_31.jpg,Night_Scene_31,0.6992464836330962,0.9113392185656108,0.4749891204237686,37.4185791015625,0.5414735078811646
3312_Night_Scene_31.jpg,Night_Scene_31,0.7936308878109551,0.9568934344109601,0.7068295578623607,38.74101257324219,0.3514595627784729
3357_Night_Scene_31.jpg,Night_Scene_31,0.9210286091231392,0.9559745601762053,0.7326079371182024,52.07018280029297,0.5582160949707031
3317_Night_Scene_31.jpg,Night_Scene_31,0.9572218557946228,0.9522314612844915,0.6254335067709,37.729164123535156,0.2643601894378662
3291_Night_Scene_31.jpg,Night_Scene_31,1.373489609379308,0.9567541698880047,0.7816738929471572,53.81507110595703,0.3068682551383972
3380_Night_Scene_31.jpg,Night_Scene_31,1.5587134288701514,0.9452143380321081,0.65087360929557,56.754966735839844,0.45696598291397095
3384_Night_Scene_31.jpg,Night_Scene_31,2.093401524995273,0.9599684461293658,0.7972485966935794,63.99317169189453,0.5257861018180847
3323_Night_Scene_31.jpg,Night_Scene_31,2.400333234053015,0.9455246852601049,0.6867505831090607,56.160682678222656,0.4237034320831299
3319_Night_Scene_31.jpg,Night_Scene_31,3.1155755654701074,0.9634819883737588,0.8169724943397838,54.344093322753906,0.40918707847595215
3402_Night_Scene_32.JPG,Night_Scene_32,-5.473116367936034,0.7377675597215543,0.059643730189243405,23.63215446472168,0.4017566740512848
3451_Night_Scene_32.JPG,Night_Scene_32,-2.846444431067676,0.794271305172799,0.10269612883933532,16.81200408935547,0.2061500996351242
3475_Night_Scene_32.JPG,Night_Scene_32,-2.6478745025438637,0.8511502242064493,0.1549152069716776,19.50994873046875,0.30175086855888367
3430_Night_Scene_32.jpg,Night_Scene_32,-1.4290343536046075,0.9049059256182574,0.2772457909351105,17.80061912536621,0.2982143461704254
3417_Night_Scene_32.jpg,Night_Scene_32,-1.112858551488206,0.9266215489179797,0.38351463795975915,22.600936889648438,0.26086005568504333
3459_Night_Scene_32.jpg,Night_Scene_32,-0.895927991575473,0.9515049755319547,0.5739214695202699,15.439070701599121,0.39510899782180786
3460_Night_Scene_32.jpg,Night_Scene_32,-0.8233674855265434,0.9609322315826809,0.6461364637532573,15.064071655273438,0.34537750482559204
3484_Night_Scene_32.jpg,Night_Scene_32,-0.6518784362966187,0.9518825117968568,0.5325755051475929,26.352745056152344,0.2932330071926117
3463_Night_Scene_32.jpg,Night_Scene_32,-0.5549906416977581,0.9691024678161755,0.94416662992866,25.722394943237305,0.33951348066329956
3416_Night_Scene_32.JPG,Night_Scene_32,-0.4293043733489857,0.9558210445621869,0.712158472382417,41.29718017578125,0.4575612545013428
3483_Night_Scene_32.jpg,Night_Scene_32,-0.2817678544286323,0.9195117739182126,0.4932487265581613,17.239774703979492,0.3579186499118805
3494_Night_Scene_32.jpg,Night_Scene_32,-0.2309414478729247,0.9754949805167632,0.9621207467213464,39.50020217895508,0.46869024634361267
3429_Night_Scene_32.jpg,Night_Scene_32,-0.1112601796425282,0.9381099959335195,0.8471383724208638,49.630859375,0.47962450981140137
3461_Night_Scene_32.jpg,Night_Scene_32,-0.0524366441859525,0.9684359440384426,0.952397754709727,26.476402282714844,0.30102163553237915
3406_Night_Scene_32.jpg,Night_Scene_32,0.0005397898762236,0.955767760177765,0.6315807458669743,27.941848754882812,0.3956362307071686
3470_Night_Scene_32.jpg,Night_Scene_32,0.1332207813673924,0.9075352741890621,0.3928367175018156,32.94732666015625,0.46208256483078003
3450_Night_Scene_32.jpg,Night_Scene_32,0.2372228165089376,0.9625327846722074,0.9224147327950789,52.38414001464844,0.5248594284057617
3486_Night_Scene_32.jpg,Night_Scene_32,0.3357233332838541,0.9489163615709798,0.8815248494168909,61.19656753540039,0.5916751027107239
3410_Night_Scene_32.jpg,Night_Scene_32,0.3565364414563896,0.9615828297979986,0.6925725934469648,50.34608840942383,0.5245263576507568
3408_Night_Scene_32.jpg,Night_Scene_32,0.3918160627857658,0.9494515345997454,0.6934933777606903,48.98284149169922,0.43003731966018677
3495_Night_Scene_32.jpg,Night_Scene_32,0.4953403812709168,0.9379779536014381,0.47970210431885163,32.59041213989258,0.2915239930152893
3431_Night_Scene_32.jpg,Night_Scene_32,0.5757266643872263,0.9343900466859857,0.6908384706736725,48.147193908691406,0.49369630217552185
3407_Night_Scene_32.jpg,Night_Scene_32,0.7590972787973271,0.9445277231044404,0.5735860190525012,46.244441986083984,0.5628043413162231
3442_Night_Scene_32.jpg,Night_Scene_32,1.0352547125425535,0.9488895966746681,0.7361432884787902,51.929893493652344,0.4249056875705719
3440_Night_Scene_32.jpg,Night_Scene_32,1.096658869992243,0.937831199249429,0.8775825468836772,53.55888366699219,0.4455370008945465
3499_Night_Scene_32.jpg,Night_Scene_32,1.3653569317985534,0.9645819587010015,0.8002902507582553,52.40437316894531,0.4365304410457611
3453_Night_Scene_32.tiff,Night_Scene_32,1.5302084626829833,0.9706269537972408,0.7074262890341322,35.46183776855469,0.558499813079834
3456_Night_Scene_32.jpg,Night_Scene_32,1.8559029167531635,0.9495666248654357,0.7217370071340083,58.06922912597656,0.5428057909011841
3443_Night_Scene_32.JPG,Night_Scene_32,2.27075761597278,0.957918577237006,0.646328366013072,50.11685562133789,0.4531720280647278
3424_Night_Scene_32.jpg,Night_Scene_32,4.445625657054472,0.9606462400828055,0.8007449886795677,61.14928436279297,0.49688777327537537
3618_Outdoor_Scene_33.jpg,Outdoor_Scene_33,-4.00832282569178,0.9216223939330057,0.37289629800504076,26.660900115966797,0.20807377994060516
3603_Outdoor_Scene_33.jpg,Outdoor_Scene_33,-2.536295485782076,0.9862234046608134,0.87816659575377,17.415935516357422,0.26054754853248596
3530_Outdoor_Scene_33.jpg,Outdoor_Scene_33,-1.999915013885076,0.9666559703852718,0.9169211739074715,35.2360954284668,0.3213624656200409
3532_Outdoor_Scene_33.jpg,Outdoor_Scene_33,-1.552806661046929,0.9769852426349626,0.9288159254987398,14.588228225708008,0.22900399565696716
3522_Outdoor_Scene_33.jpg,Outdoor_Scene_33,-1.2688675792808266,0.9065363684226657,0.6276202110299458,27.080718994140625,0.27629518508911133
3617_Outdoor_Scene_33.jpg,Outdoor_Scene_33,-1.0310408355596103,0.9876655293427261,0.8311644581144004,25.261598587036133,0.27400052547454834
3615_Outdoor_Scene_33.jpg,Outdoor_Scene_33,-0.935435970123766,0.9748899646199185,0.7267595950275535,21.313953399658203,0.2924467921257019
3608_Outdoor_Scene_33.jpg,Outdoor_Scene_33,-0.7298022095770218,0.9676443159403318,0.9059088077235251,36.03416442871094,0.28934529423713684
3562_Outdoor_Scene_33.jpg,Outdoor_Scene_33,-0.6121420833544187,0.9438700666074855,0.6648194625998548,23.46529769897461,0.36293095350265503
3547_Outdoor_Scene_33.jpg,Outdoor_Scene_33,-0.5570212504273321,0.975393927567023,0.9287793310265283,20.355300903320312,0.32728442549705505
3588_Outdoor_Scene_33.jpg,Outdoor_Scene_33,-0.4931301423908951,0.9752553639437491,0.9881888914520056,23.138771057128906,0.2522162199020386
3572_Outdoor_Scene_33.jpg,Outdoor_Scene_33,-0.4337351753207845,0.9436997607874686,0.8735223375624759,19.023040771484375,0.2548409402370453
3545_Outdoor_Scene_33.JPG,Outdoor_Scene_33,-0.3718344616265968,0.9815976983663675,0.986641865948994,24.754039764404297,0.24798807501792908
3502_Outdoor_Scene_33.JPG,Outdoor_Scene_33,-0.3195896320885823,0.9469538780631844,0.5265651125635439,18.626876831054688,0.23995761573314667
3602_Outdoor_Scene_33.jpg,Outdoor_Scene_33,-0.2062521828648719,0.9508376661499653,0.46098798239993166,40.687774658203125,0.27157214283943176
3514_Outdoor_Scene_33.jpg,Outdoor_Scene_33,-0.1295052238832019,0.9165937052466495,0.4834915904139434,48.528507232666016,0.4098650813102722
3521_Outdoor_Scene_33.jpg,Outdoor_Scene_33,-0.0984547704641568,0.9495959741905675,0.5833723849801358,22.098094940185547,0.3005352318286896
3517_Outdoor_Scene_33.jpg,Outdoor_Scene_33,0.0337641938066247,0.986170409955353,0.9742916553462344,36.81507110595703,0.37783104181289673
3508_Outdoor_Scene_33.jpg,Outdoor_Scene_33,0.2569501605631265,0.9602851153224515,0.710400078602247,41.89695739746094,0.3068636953830719
3504_Outdoor_Scene_33.JPG,Outdoor_Scene_33,0.3465663920388157,0.9765519056378769,0.6470651458840616,27.428043365478516,0.27908167243003845
3529_Outdoor_Scene_33.jpg,Outdoor_Scene_33,0.4463494694719276,0.9668157550342922,0.7886136511598103,40.85064697265625,0.3270893096923828
3601_Outdoor_Scene_33.JPG,Outdoor_Scene_33,0.716644703678925,0.9610187021146617,0.7501685778973899,22.405372619628906,0.28112417459487915
3541_Outdoor_Scene_33.jpg,Outdoor_Scene_33,0.8130400409236835,0.9761606368602631,0.7806684198385236,28.49005699157715,0.2791754901409149
3561_Outdoor_Scene_33.jpeg,Outdoor_Scene_33,1.0729730556853228,0.9827623045578704,0.8499953385450041,22.8099365234375,0.3343195617198944
3567_Outdoor_Scene_33.jpg,Outdoor_Scene_33,1.1626612896287634,0.9789888009953314,0.7835592942885216,27.99506378173828,0.25877436995506287
3584_Outdoor_Scene_33.jpg,Outdoor_Scene_33,1.3117606163716065,0.9504336090491826,0.9557090076466316,41.49651336669922,0.3128575384616852
3595_Outdoor_Scene_33.jpg,Outdoor_Scene_33,1.693082117639349,0.9624669392788961,0.7483605143320945,41.67308807373047,0.2839241623878479
3596_Outdoor_Scene_33.jpg,Outdoor_Scene_33,2.0113926363085013,0.9549293221407533,0.7973455303515742,37.600311279296875,0.2883128523826599
3558_Outdoor_Scene_33.JPG,Outdoor_Scene_33,2.492471865967068,0.9591155255924787,0.7558555666623948,47.5930061340332,0.36590340733528137
3543_Outdoor_Scene_33.JPG,Outdoor_Scene_33,4.723490970211188,0.9758534594369106,0.8225234294502114,48.76137161254883,0.45811572670936584
3663_Outdoor_Scene_34.jpg,Outdoor_Scene_34,-5.770750174671876,0.9722590138444649,0.8070403144089879,21.314125061035156,0.28860220313072205
3661_Outdoor_Scene_34.jpg,Outdoor_Scene_34,-3.3686032203763867,0.9833569155800999,0.9309368909393823,19.27668571472168,0.3379783034324646
3619_Outdoor_Scene_34.jpg,Outdoor_Scene_34,-1.3951190454864932,0.9762415010661376,0.8065315494040753,15.773698806762695,0.43454259634017944
3659_Outdoor_Scene_34.jpg,Outdoor_Scene_34,-1.3943689100725467,0.9890825476907152,0.8572823785723439,17.96132469177246,0.4405031204223633
3621_Outdoor_Scene_34.jpg,Outdoor_Scene_34,-1.2751272906820614,0.9692611953332972,0.9528160416933658,16.727649688720703,0.48337826132774353
3640_Outdoor_Scene_34.tiff,Outdoor_Scene_34,-1.005154098243308,0.9779385104735705,0.8368542560553633,32.61372375488281,0.5119363069534302
3642_Outdoor_Scene_34.JPG,Outdoor_Scene_34,-0.8715007068177991,0.9783484229302561,0.8384225725148448,29.92608070373535,0.3457919657230377
3647_Outdoor_Scene_34.jpg,Outdoor_Scene_34,-0.839657162727297,0.9809397729573934,0.9341039771028238,27.670146942138672,0.3128986954689026
3626_Outdoor_Scene_34.jpg,Outdoor_Scene_34,-0.4887149737055353,0.9717766467485891,0.748245495322312,37.18444061279297,0.341675341129303
3620_Outdoor_Scene_34.jpg,Outdoor_Scene_34,-0.4843598386220303,0.9760122172825432,0.8155379759921397,23.95126724243164,0.4039808213710785
3622_Outdoor_Scene_34.JPG,Outdoor_Scene_34,-0.367472743272388,0.9759488190612591,0.8827814156948182,22.803417205810547,0.38149967789649963
3644_Outdoor_Scene_34.jpg,Outdoor_Scene_34,-0.232099631166274,0.9799017806311539,0.977846506899056,31.478160858154297,0.40997129678726196
3656_Outdoor_Scene_34.jpg,Outdoor_Scene_34,-0.0475219820594544,0.9890308535607644,0.8247606271092315,36.71255874633789,0.34798163175582886
3641_Outdoor_Scene_34.jpg,Outdoor_Scene_34,0.0353946898438853,0.9783660594332821,0.9131327062241018,45.75542449951172,0.3639358878135681
3633_Outdoor_Scene_34.jpg,Outdoor_Scene_34,0.4058555732744027,0.9735078160170832,0.8156448135332565,49.68196105957031,0.30697375535964966
3624_Outdoor_Scene_34.jpg,Outdoor_Scene_34,0.4220275857082377,0.9637000894105718,0.6578750531846727,37.31993103027344,0.3393539488315582
3632_Outdoor_Scene_34.jpg,Outdoor_Scene_34,0.471914849907623,0.9606461685341374,0.7815358708189158,50.23084259033203,0.3041723668575287
3646_Outdoor_Scene_34.jpg,Outdoor_Scene_34,0.4965206334675106,0.9797335914772471,0.8848902832244009,39.4635124206543,0.3103243410587311
3653_Outdoor_Scene_34.jpg,Outdoor_Scene_34,0.585314512919159,0.9731811799442509,0.852566182237601,39.980804443359375,0.3688282370567322
3630_Outdoor_Scene_34.jpg,Outdoor_Scene_34,0.7218794109810781,0.964409985745601,0.7119567072493486,50.17716979980469,0.3329707682132721
3654_Outdoor_Scene_34.JPG,Outdoor_Scene_34,0.7867941583943714,0.9829708325530114,0.8232436174121065,38.686790466308594,0.384011834859848
3660_Outdoor_Scene_34.jpg,Outdoor_Scene_34,0.8034335125040901,0.9718772112822345,0.9961690768507838,43.915191650390625,0.32811614871025085
3649_Outdoor_Scene_34.jpg,Outdoor_Scene_34,0.9491679574666944,0.972964571507327,0.8977055047204068,40.61878204345703,0.30603522062301636
3638_Outdoor_Scene_34.jpg,Outdoor_Scene_34,0.9717236727892,0.9865422741821572,0.9172646828143022,38.163475036621094,0.3826152980327606
3648_Outdoor_Scene_34.jpg,Outdoor_Scene_34,1.0767930236131096,0.972964571507327,0.8977055047204068,40.61878204345703,0.30603522062301636
3625_Outdoor_Scene_34.jpg,Outdoor_Scene_34,1.083618501334647,0.950226348638405,0.6978846221538725,43.41576385498047,0.34563300013542175
3628_Outdoor_Scene_34.jpg,Outdoor_Scene_34,1.23835516639891,0.9754294988060908,0.8168758819257551,39.630775451660156,0.2998734414577484
3635_Outdoor_Scene_34.jpg,Outdoor_Scene_34,1.2930230627367696,0.963312859646895,0.9702895023281644,52.524391174316406,0.33362823724746704
3631_Outdoor_Scene_34.jpg,Outdoor_Scene_34,1.3263895762158997,0.9552719195866293,0.9127249314366269,48.006553649902344,0.3644038140773773
3639_Outdoor_Scene_34.jpg,Outdoor_Scene_34,2.4577638763805627,0.9698813231631453,0.8853493169293861,53.71314239501953,0.3908517360687256
3666_Outdoor_Scene_35.jpg,Outdoor_Scene_35,-4.275075943622404,0.9625163454566421,0.6216136836259558,45.33191680908203,0.6555808186531067
3692_Outdoor_Scene_35.jpg,Outdoor_Scene_35,-2.7724847904863656,0.9777104397602301,0.8505308761587425,62.22898864746094,0.6779822111129761
3699_Outdoor_Scene_35.jpg,Outdoor_Scene_35,-2.5541529181437763,0.9425346195507038,0.5072222820282797,59.8592643737793,0.5932902097702026
3703_Outdoor_Scene_35.jpg,Outdoor_Scene_35,-2.3083225811597985,0.9648481332474101,0.9511655927207484,59.903411865234375,0.610817551612854
3705_Outdoor_Scene_35.jpg,Outdoor_Scene_35,-1.5534668980061597,0.9712864672030275,0.8670577641078218,66.52820587158203,0.6999269723892212
3711_Outdoor_Scene_35.jpg,Outdoor_Scene_35,-1.3769324206868807,0.968484712299468,0.7157437293348712,65.22657012939453,0.6554396152496338
3702_Outdoor_Scene_35.jpg,Outdoor_Scene_35,-1.1215882169720834,0.9850604014715446,0.9703148225041651,71.4800796508789,0.7243520021438599
3672_Outdoor_Scene_35.jpg,Outdoor_Scene_35,-0.5659080529282855,0.9799413934902925,0.8949100773206887,58.56720733642578,0.6021628379821777
3704_Outdoor_Scene_35.jpg,Outdoor_Scene_35,-0.5094831258341365,0.9483926706925593,0.9372733358964501,64.05072784423828,0.6863530874252319
3708_Outdoor_Scene_35.jpg,Outdoor_Scene_35,-0.4783986574608795,0.9647784564311421,0.8668598709897903,64.83150482177734,0.673141598701477
3707_Outdoor_Scene_35.jpg,Outdoor_Scene_35,-0.1532203423656464,0.9629037121491331,0.805998246828143,60.66070556640625,0.6343811750411987
3670_Outdoor_Scene_35.jpg,Outdoor_Scene_35,-0.1327139029372428,0.9751166411341102,0.9530491862104319,60.26207733154297,0.6139876842498779
3701_Outdoor_Scene_35.jpg,Outdoor_Scene_35,-0.1222305221620801,0.9839880449854672,0.8416566072877953,57.47325897216797,0.6230729818344116
3685_Outdoor_Scene_35.jpg,Outdoor_Scene_35,-0.0412315246244683,0.9823398465482058,0.9914505327010978,57.46483612060547,0.6386059522628784
3698_Outdoor_Scene_35.JPG,Outdoor_Scene_35,0.0505675382749032,0.9824340796994308,0.7808548165235594,72.6927490234375,0.7053105235099792
3671_Outdoor_Scene_35.jpg,Outdoor_Scene_35,0.1311658865060896,0.9807297262238237,0.8217870255030116,60.11018371582031,0.5898405313491821
3700_Outdoor_Scene_35.JPG,Outdoor_Scene_35,0.1682909626885575,0.9682219151774123,0.9688164928019138,53.18992233276367,0.6364075541496277
3675_Outdoor_Scene_35.jpg,Outdoor_Scene_35,0.2323237353108165,0.9819995456078416,0.9616927198940579,74.27617645263672,0.7266165018081665
3697_Outdoor_Scene_35.jpeg,Outdoor_Scene_35,0.3456023794182609,0.9797559929403037,0.7723987286940921,63.871681213378906,0.6559227108955383
3682_Outdoor_Scene_35.jpg,Outdoor_Scene_35,0.4788085163778138,0.9829768089221216,0.9761873467469777,74.94176483154297,0.7592474818229675
3679_Outdoor_Scene_35.jpg,Outdoor_Scene_35,0.8266521018954297,0.9840820019428882,0.9479697859797513,76.24534606933594,0.7212201356887817
3681_Outdoor_Scene_35.jpg,Outdoor_Scene_35,0.8555762281186289,0.9738196062537887,0.8833818514246657,75.87494659423828,0.7095043063163757
3686_Outdoor_Scene_35.jpg,Outdoor_Scene_35,1.0416744538196172,0.9794579698067312,0.9225265462001794,65.45783996582031,0.7554265260696411
3680_Outdoor_Scene_35.jpg,Outdoor_Scene_35,1.206707272750546,0.9870143576259447,0.9191695775129224,75.68881225585938,0.7203181982040405
3669_Outdoor_Scene_35.jpg,Outdoor_Scene_35,1.2229137224236388,0.9718301454756791,0.9619860019650561,60.0442008972168,0.6614103317260742
3673_Outdoor_Scene_35.jpg,Outdoor_Scene_35,1.470286485053668,0.9827348267357403,0.9648098492032979,75.7481689453125,0.7516710758209229
3688_Outdoor_Scene_35.jpg,Outdoor_Scene_35,1.540047084645395,0.97392240336248,0.9097297278824384,67.54798126220703,0.6799367070198059
3667_Outdoor_Scene_35.JPG,Outdoor_Scene_35,1.7247320727152866,0.9650004628729116,0.8972491332393523,68.0667724609375,0.7318751215934753
3678_Outdoor_Scene_35.jpg,Outdoor_Scene_35,1.9191854943575417,0.9839682083071519,0.9718232987312573,75.6712646484375,0.7509441375732422
3687_Outdoor_Scene_35.tiff,Outdoor_Scene_35,2.393002937008351,0.9802984507419298,0.8142214840445983,66.98334503173828,0.7168958187103271
3726_Outdoor_Scene_36.jpg,Outdoor_Scene_36,-3.4642700751022315,0.7840239611826751,0.6164603767781622,40.019859313964844,0.25883135199546814
3737_Outdoor_Scene_36.jpg,Outdoor_Scene_36,-3.11256335937082,0.9709714411053644,0.989763766072878,14.721962928771973,0.37731868028640747
3743_Outdoor_Scene_36.jpg,Outdoor_Scene_36,-2.888463767030298,0.970438048007204,0.7186224716989192,27.730709075927734,0.257955402135849
3765_Outdoor_Scene_36.jpg,Outdoor_Scene_36,-1.6671263964719374,0.9721868349062703,0.7634755145456875,47.03995132446289,0.3601748049259186
3741_Outdoor_Scene_36.jpg,Outdoor_Scene_36,-1.4823055880624525,0.9764733592437631,0.8733429569823572,53.13758087158203,0.3645002245903015
3780_Outdoor_Scene_36.jpg,Outdoor_Scene_36,-1.0622850661528769,0.9859840094127783,0.9721817352300397,21.73843002319336,0.3274999260902405
3730_Outdoor_Scene_36.jpg,Outdoor_Scene_36,-0.97381173925425,0.9776638126606565,0.7653002144474347,36.40842056274414,0.27148228883743286
3734_Outdoor_Scene_36.jpg,Outdoor_Scene_36,-0.7595599417624634,0.9881333260896172,0.9396965167243367,42.500404357910156,0.352934330701828
3756_Outdoor_Scene_36.jpg,Outdoor_Scene_36,-0.6374221956814559,0.9617928946018515,0.8146208449741552,27.5466251373291,0.3474794030189514
3775_Outdoor_Scene_36.jpg,Outdoor_Scene_36,-0.4729908190987559,0.9765224446163958,0.7061804844290658,45.66984558105469,0.3673545718193054
3722_Outdoor_Scene_36.jpg,Outdoor_Scene_36,-0.4393231801828697,0.9762938524472979,0.8119649228929045,45.855770111083984,0.4573590159416199
3732_Outdoor_Scene_36.jpg,Outdoor_Scene_36,-0.3281662424370936,0.9817908661942154,0.8011834080909053,51.20956039428711,0.4209826588630676
3745_Outdoor_Scene_36.jpg,Outdoor_Scene_36,-0.2859449061842108,0.9795286011468332,0.7748162843350848,36.948631286621094,0.32749131321907043
3739_Outdoor_Scene_36.jpg,Outdoor_Scene_36,-0.1464879722257583,0.9751551300322798,0.8381892981331966,41.96690368652344,0.3665635287761688
3773_Outdoor_Scene_36.jpg,Outdoor_Scene_36,-0.0431972525135771,0.9643057761092706,0.7300613200051262,32.4325065612793,0.3762883245944977
3767_Outdoor_Scene_36.jpg,Outdoor_Scene_36,0.0554738838185724,0.9849305685871439,0.9199684907514204,58.14734649658203,0.41370096802711487
3755_Outdoor_Scene_36.jpg,Outdoor_Scene_36,0.1135936127871331,0.9815408078123833,0.8011549779999145,45.540626525878906,0.3580039143562317
3783_Outdoor_Scene_36.jpg,Outdoor_Scene_36,0.2477186992055435,0.9716477533206878,0.8048092374727669,38.61547088623047,0.35173648595809937
3748_Outdoor_Scene_36.jpg,Outdoor_Scene_36,0.3351588357490559,0.9830907415963984,0.9285945713187235,38.90317153930664,0.4037705063819885
3731_Outdoor_Scene_36.jpg,Outdoor_Scene_36,0.3950934473943066,0.9794623172536616,0.868882952710496,57.13927459716797,0.40294408798217773
3760_Outdoor_Scene_36.jpg,Outdoor_Scene_36,0.5049146662742873,0.9854861747452784,0.9220425716604725,37.15193176269531,0.36155271530151367
3716_Outdoor_Scene_36.JPG,Outdoor_Scene_36,0.5968534467794865,0.9796654501539265,0.7223271630569439,46.11289596557617,0.3283558785915375
3778_Outdoor_Scene_36.jpg,Outdoor_Scene_36,0.8206980130602517,0.9804905804983663,0.940401172198727,48.60552978515625,0.45431676506996155
3717_Outdoor_Scene_36.JPG,Outdoor_Scene_36,0.9393961288255992,0.9706575038845318,0.6458056337306164,50.0546760559082,0.3254205882549286
3759_Outdoor_Scene_36.jpg,Outdoor_Scene_36,1.13427588773144,0.9809919965815139,0.8599399137084028,48.47547912597656,0.40044134855270386
3779_Outdoor_Scene_36.jpg,Outdoor_Scene_36,1.27234506019642,0.9774591488850518,0.8516883933529839,43.92939376831055,0.3783488869667053
3763_Outdoor_Scene_36.jpg,Outdoor_Scene_36,1.4535422766399106,0.980063645474822,0.8108611867230553,47.45700454711914,0.44351568818092346
3777_Outdoor_Scene_36.jpg,Outdoor_Scene_36,1.9662660334014144,0.9822669009522258,0.9217437635097612,44.112300872802734,0.4551258087158203
3752_Outdoor_Scene_36.jpg,Outdoor_Scene_36,2.86597733101403,0.977486201685033,0.767764275278739,56.136993408203125,0.42194873094558716
3754_Outdoor_Scene_36.jpg,Outdoor_Scene_36,3.40570201414782,0.9813748245368625,0.9501480524584561,55.05345153808594,0.431941419839859
3798_Outdoor_Scene_37.jpeg,Outdoor_Scene_37,-3.1945043135303384,0.9410090984731656,0.519928051604084,24.122459411621094,0.37418895959854126
3834_Outdoor_Scene_37.jpg,Outdoor_Scene_37,-2.295646764379042,0.9940952777442276,0.9362639155880217,44.761077880859375,0.35068780183792114
3875_Outdoor_Scene_37.jpg,Outdoor_Scene_37,-1.884053807294077,0.9708468324518732,0.8839475654662737,55.97908020019531,0.3741590976715088
3852_Outdoor_Scene_37.jpg,Outdoor_Scene_37,-1.6393263298907463,0.9804409294256605,0.8566295356486822,59.81636428833008,0.5038151144981384
3828_Outdoor_Scene_37.jpg,Outdoor_Scene_37,-1.470176003130485,0.9789164941470216,0.8560921525908839,63.24277114868164,0.5623127222061157
3848_Outdoor_Scene_37.jpg,Outdoor_Scene_37,-1.1613058379417682,0.9875841491081782,0.7661812328591567,61.29924774169922,0.5811470150947571
3794_Outdoor_Scene_37.jpg,Outdoor_Scene_37,-1.064943948801023,0.9751473108014462,0.958333061642958,64.68602752685547,0.505881667137146
3843_Outdoor_Scene_37.jpg,Outdoor_Scene_37,-1.0121158759094548,0.9766384198231807,0.8987947780768082,48.86128234863281,0.47687095403671265
3817_Outdoor_Scene_37.jpg,Outdoor_Scene_37,-0.7862554476706732,0.9561259736143599,0.9596932598573198,54.867897033691406,0.47528696060180664
3808_Outdoor_Scene_37.jpg,Outdoor_Scene_37,-0.7664119856163997,0.975825760527144,0.8056841625016019,60.0076904296875,0.49411171674728394
3804_Outdoor_Scene_37.jpg,Outdoor_Scene_37,-0.6454183371132206,0.9789821006125856,0.7817108530906915,49.30042266845703,0.42850059270858765
3800_Outdoor_Scene_37.jpg,Outdoor_Scene_37,-0.478063323829983,0.9411071415123775,0.7513104361570336,46.618995666503906,0.4642148017883301
3859_Outdoor_Scene_37.jpg,Outdoor_Scene_37,-0.4486794033325819,0.965217071342249,0.8855451663889957,54.66390609741211,0.4951319098472595
3815_Outdoor_Scene_37.jpg,Outdoor_Scene_37,-0.4041548112738843,0.9860519229087933,0.9757175411166645,55.97075653076172,0.5360796451568604
3844_Outdoor_Scene_37.jpg,Outdoor_Scene_37,-0.3011860213021966,0.9642472330876928,0.8936036635482081,37.020545959472656,0.35869213938713074
3847_Outdoor_Scene_37.jpg,Outdoor_Scene_37,-0.1277568524173345,0.962925484507875,0.9941241402879235,58.92241287231445,0.5804375410079956
3806_Outdoor_Scene_37.jpg,Outdoor_Scene_37,-0.0045096417444305,0.9633135469705264,0.8538036618394634,28.562360763549805,0.4237879812717438
3840_Outdoor_Scene_37.jpg,Outdoor_Scene_37,0.1698405726784757,0.9809569949217551,0.9968801298645821,42.32126998901367,0.4496554434299469
3868_Outdoor_Scene_37.jpg,Outdoor_Scene_37,0.2829821915549967,0.9602788731513401,0.7381022854457687,62.62877655029297,0.5681486129760742
3829_Outdoor_Scene_37.jpg,Outdoor_Scene_37,0.3951768324648285,0.982493454578109,0.9892919304540988,56.595947265625,0.5670198202133179
3861_Outdoor_Scene_37.jpeg,Outdoor_Scene_37,0.5297916546656002,0.9849488853208862,0.9721843188517237,39.34361267089844,0.4341773986816406
3872_Outdoor_Scene_37.jpg,Outdoor_Scene_37,0.6610464203365987,0.9263094804051308,0.9407109197317272,44.76182556152344,0.4207956790924072
3795_Outdoor_Scene_37.jpg,Outdoor_Scene_37,0.9366186587631724,0.9744494075262716,0.8705375060874023,58.6840705871582,0.560707688331604
3839_Outdoor_Scene_37.JPG,Outdoor_Scene_37,0.9849494038612338,0.9654727014517442,0.8333196667948224,56.791259765625,0.4793979525566101
3833_Outdoor_Scene_37.JPG,Outdoor_Scene_37,1.5254532984383735,0.9781949828879175,0.9802306634200522,57.03559875488281,0.49911409616470337
3878_Outdoor_Scene_37.jpg,Outdoor_Scene_37,1.7481182477271116,0.9857880068790599,0.9710101448160964,60.73478698730469,0.5878759622573853
3867_Outdoor_Scene_37.jpg,Outdoor_Scene_37,1.9491058383585345,0.9841259556348984,0.9579885138194711,53.33442306518555,0.4579215943813324
3871_Outdoor_Scene_37.jpg,Outdoor_Scene_37,2.0069752492542867,0.9704931485389922,0.7059522679311376,41.37468719482422,0.4589490294456482
3863_Outdoor_Scene_37.jpg,Outdoor_Scene_37,2.222912611006455,0.9697278301473597,0.8106586834123627,62.33940887451172,0.5585294961929321
3807_Outdoor_Scene_37.jpg,Outdoor_Scene_37,4.710965163634433,0.9740695337026875,0.9849927087872186,66.71395111083984,0.6256412267684937
3939_Outdoor_Scene_38.JPG,Outdoor_Scene_38,-6.68381696321742,0.8762322931905577,0.264644111239267,34.35826873779297,0.3262656629085541
3941_Outdoor_Scene_38.jpg,Outdoor_Scene_38,-2.829307164124722,0.9602957562114338,0.6005321987269854,35.28297424316406,0.38503700494766235
3947_Outdoor_Scene_38.jpg,Outdoor_Scene_38,-1.915858976363553,0.9432094953750092,0.539431442607544,35.45674133300781,0.523048996925354
3902_Outdoor_Scene_38.jpg,Outdoor_Scene_38,-1.3854106542802218,0.956195939070339,0.5430205954974583,38.82954406738281,0.4632014334201813
3895_Outdoor_Scene_38.jpg,Outdoor_Scene_38,-1.2160923273681292,0.9664774429434488,0.8686566910162757,49.58125686645508,0.4790705740451813
3958_Outdoor_Scene_38.jpg,Outdoor_Scene_38,-0.9467761122109724,0.9763993600227809,0.7323894092015892,44.40568542480469,0.39391836524009705
3954_Outdoor_Scene_38.jpg,Outdoor_Scene_38,-0.9045787832709586,0.9733774710947103,0.7769662061600239,40.23249053955078,0.43718427419662476
3896_Outdoor_Scene_38.jpg,Outdoor_Scene_38,-0.6725625681916483,0.9688236688747286,0.6715703703703704,42.59211730957031,0.44417786598205566
3956_Outdoor_Scene_38.jpg,Outdoor_Scene_38,-0.4057981280181362,0.9558769923818098,0.6348977641078217,38.48534393310547,0.43483081459999084
3946_Outdoor_Scene_38.jpg,Outdoor_Scene_38,-0.3607117684926928,0.9411443536830146,0.5809080336622666,40.043983459472656,0.4132753312587738
3918_Outdoor_Scene_38.jpg,Outdoor_Scene_38,-0.2753423849223287,0.9689197924516665,0.7251821777948653,48.05682373046875,0.5143128633499146
3917_Outdoor_Scene_38.jpg,Outdoor_Scene_38,-0.2095586533820555,0.9720535085393147,0.7813377555640992,38.47504806518555,0.3819177746772766
3913_Outdoor_Scene_38.jpg,Outdoor_Scene_38,-0.1371268579917056,0.9662777291840636,0.947924719552309,44.3172492980957,0.3833761215209961
3883_Outdoor_Scene_38.JPG,Outdoor_Scene_38,-0.0292255551493965,0.9529430098469159,0.6819227818360459,35.600799560546875,0.3873419761657715
3900_Outdoor_Scene_38.JPG,Outdoor_Scene_38,0.0352776796921994,0.9609044764429191,0.6708219266094237,44.652137756347656,0.42700672149658203
3919_Outdoor_Scene_38.jpg,Outdoor_Scene_38,0.213148517242631,0.98438717446024,0.9879790849673202,47.71063232421875,0.4674803614616394
3934_Outdoor_Scene_38.jpg,Outdoor_Scene_38,0.332316902996743,0.9576191307527784,0.6306695339399376,59.106849670410156,0.5857946872711182
3928_Outdoor_Scene_38.jpg,Outdoor_Scene_38,0.4597114916416052,0.971666461583548,0.9014855243709684,57.288116455078125,0.4912101626396179
3912_Outdoor_Scene_38.jpg,Outdoor_Scene_38,0.4680151635005243,0.9370285191211358,0.9231638771412705,48.31455612182617,0.600836455821991
3914_Outdoor_Scene_38.jpg,Outdoor_Scene_38,0.5430098020237837,0.9670750560818728,0.859271025673886,51.81395721435547,0.4134086072444916
3906_Outdoor_Scene_38.jpg,Outdoor_Scene_38,0.6355813298314654,0.9571679801505115,0.7554922055619633,37.44764709472656,0.4371929168701172
3935_Outdoor_Scene_38.jpg,Outdoor_Scene_38,0.7197068637821403,0.9581279180288987,0.9935074304754581,58.52333450317383,0.6722133159637451
3894_Outdoor_Scene_38.jpg,Outdoor_Scene_38,0.7493767923700262,0.9563971387305892,0.7230691990260156,49.47001647949219,0.47925519943237305
3933_Outdoor_Scene_38.jpg,Outdoor_Scene_38,0.891040850423871,0.9739204033139163,0.9620194079200308,41.25294494628906,0.54869544506073
3904_Outdoor_Scene_38.jpg,Outdoor_Scene_38,0.9903062993761548,0.9589590588285577,0.9443712760049554,57.17316436767578,0.601442813873291
3921_Outdoor_Scene_38.JPG,Outdoor_Scene_38,1.170052058910564,0.9596448484200162,0.9455338613353839,59.972476959228516,0.6010303497314453
3899_Outdoor_Scene_38.jpg,Outdoor_Scene_38,1.3762178769550228,0.9772090725732829,0.8398976256995172,59.503562927246094,0.5704118609428406
3949_Outdoor_Scene_38.jpg,Outdoor_Scene_38,1.5050438424838182,0.9699577622917221,0.9741325063009953,54.880096435546875,0.5735353231430054
3886_Outdoor_Scene_38.jpg,Outdoor_Scene_38,1.7730216315603635,0.9503250914423194,0.9316846990473749,50.06864929199219,0.5741879940032959
3892_Outdoor_Scene_38.JPG,Outdoor_Scene_38,3.0442937556435723,0.9709679997890028,0.8553997317271135,49.19557189941406,0.5625576376914978
4025_Outdoor_Scene_39.JPG,Outdoor_Scene_39,-3.20080244650431,0.9392409762903737,0.4551542705796916,38.759552001953125,0.3651690185070038
4023_Outdoor_Scene_39.jpg,Outdoor_Scene_39,-2.4595947659629163,0.9627695090241828,0.7030577948652228,52.067630767822266,0.5164996385574341
3971_Outdoor_Scene_39.jpg,Outdoor_Scene_39,-2.222642217259326,0.9567630757017653,0.5859624247084455,58.279090881347656,0.4658659100532532
4021_Outdoor_Scene_39.jpg,Outdoor_Scene_39,-2.0164920556475243,0.9700972907013176,0.8091399957281388,36.6201286315918,0.4093400537967682
3970_Outdoor_Scene_39.JPG,Outdoor_Scene_39,-1.5609355775471865,0.9812520281401792,0.8321777709427998,55.263648986816406,0.4763046205043793
4044_Outdoor_Scene_39.jpg,Outdoor_Scene_39,-1.433320301237673,0.974672759652911,0.9537989832970224,53.199684143066406,0.5575411915779114
3996_Outdoor_Scene_39.JPG,Outdoor_Scene_39,-1.219511096929677,0.9741244163034112,0.974151452860011,50.276145935058594,0.5239155888557434
4040_Outdoor_Scene_39.jpg,Outdoor_Scene_39,-1.0235698528729245,0.9587247642195127,0.8219496364646076,46.028629302978516,0.3981666564941406
4033_Outdoor_Scene_39.jpg,Outdoor_Scene_39,-0.8419559384478146,0.9590096958891001,0.7399169789397241,51.630027770996094,0.512708842754364
4041_Outdoor_Scene_39.jpg,Outdoor_Scene_39,-0.6762282598738261,0.9674262348144591,0.7326165833653723,50.983375549316406,0.4500241279602051
3999_Outdoor_Scene_39.jpg,Outdoor_Scene_39,-0.5736599371359437,0.9640037721464674,0.8470661813832288,55.7774658203125,0.5017455220222473
4031_Outdoor_Scene_39.jpg,Outdoor_Scene_39,-0.4780331105405906,0.9724136402102215,0.9335640685206545,50.23472595214844,0.39259305596351624
3989_Outdoor_Scene_39.jpg,Outdoor_Scene_39,-0.3338492748321385,0.9657679981335437,0.9867562458883334,61.62407684326172,0.4723730683326721
3992_Outdoor_Scene_39.jpg,Outdoor_Scene_39,-0.2456538731236181,0.9689011747223975,0.9394456491093169,58.39116287231445,0.5123181343078613
4003_Outdoor_Scene_39.jpg,Outdoor_Scene_39,-0.0931674346981486,0.9524572518260945,0.8764256004100986,50.52626419067383,0.3924503028392792
4037_Outdoor_Scene_39.JPG,Outdoor_Scene_39,0.018955991469357,0.9592361696649956,0.9323555077107095,40.85173034667969,0.36717087030410767
4009_Outdoor_Scene_39.JPG,Outdoor_Scene_39,0.1644432082353557,0.977540716521335,0.7626250826605152,49.333614349365234,0.36995944380760193
3975_Outdoor_Scene_39.jpg,Outdoor_Scene_39,0.3440152121446014,0.9768119107374836,0.866487344183861,57.0751838684082,0.4786306321620941
3995_Outdoor_Scene_39.jpg,Outdoor_Scene_39,0.435356106859863,0.9830659981160277,0.9938586184800717,60.27109909057617,0.5150198936462402
4005_Outdoor_Scene_39.jpg,Outdoor_Scene_39,0.6945638404157125,0.9559198494870677,0.8880535862275194,59.581172943115234,0.46328097581863403
4049_Outdoor_Scene_39.jpg,Outdoor_Scene_39,0.8004449806265501,0.9744862167071574,0.980478315177923,54.17414093017578,0.47617921233177185
3985_Outdoor_Scene_39.jpg,Outdoor_Scene_39,0.8833335136599284,0.9617795349952496,0.6738059652270494,61.52288818359375,0.6042999625205994
4010_Outdoor_Scene_39.jpg,Outdoor_Scene_39,1.0427019629304646,0.9733082275678756,0.951200601478064,53.51649856567383,0.42993777990341187
4048_Outdoor_Scene_39.jpg,Outdoor_Scene_39,1.1380316512762778,0.9752373085054633,0.9529706762356358,53.3765869140625,0.4940505921840668
4046_Outdoor_Scene_39.jpg,Outdoor_Scene_39,1.2140170840043545,0.977347533564465,0.9718385509846641,56.56472396850586,0.42091378569602966
3978_Outdoor_Scene_39.jpg,Outdoor_Scene_39,1.3316491477490977,0.959904907217111,0.9640315639284036,61.66096878051758,0.5304402709007263
4006_Outdoor_Scene_39.jpg,Outdoor_Scene_39,1.6068818240514795,0.945087780577177,0.9152637771797172,64.35482788085938,0.613815188407898
3974_Outdoor_Scene_39.tiff,Outdoor_Scene_39,1.9463015487863429,0.9877011190986678,0.7935420974838736,62.856712341308594,0.6339752674102783
4030_Outdoor_Scene_39.jpg,Outdoor_Scene_39,2.661743637134107,0.9626416113605774,0.841366418044342,56.845741271972656,0.45211800932884216
4012_Outdoor_Scene_39.jpg,Outdoor_Scene_39,3.4356740004200046,0.9743427459105829,0.805762757913623,61.038639068603516,0.49615272879600525
4117_Outdoor_Scene_40.jpg,Outdoor_Scene_40,-4.769160708920705,0.9837023860337339,0.8666189585202273,38.829830169677734,0.4854044020175934
4144_Outdoor_Scene_40.JPG,Outdoor_Scene_40,-2.2651590126190664,0.982249795649963,0.8011029740698022,52.82820510864258,0.5655803680419922
4170_Outdoor_Scene_40.jpg,Outdoor_Scene_40,-1.933808514686252,0.9918144227141532,0.810871152120979,47.473609924316406,0.5774480700492859
4146_Outdoor_Scene_40.jpg,Outdoor_Scene_40,-1.660952435055953,0.9883273960589601,0.9624780383613141,64.34679412841797,0.6340001821517944
4172_Outdoor_Scene_40.jpg,Outdoor_Scene_40,-1.365737059113843,0.9710733861858458,0.702153195779401,64.5447998046875,0.5513402819633484
4092_Outdoor_Scene_40.jpg,Outdoor_Scene_40,-1.1144249464254434,0.9828491942140855,0.8732529608270324,57.915611267089844,0.5302830338478088
4142_Outdoor_Scene_40.jpg,Outdoor_Scene_40,-0.9986888988685224,0.9901227761657907,0.8486861976163014,69.02721405029297,0.6692012548446655
4063_Outdoor_Scene_40.jpg,Outdoor_Scene_40,-0.8874885841475479,0.9885939994884543,0.8942968020846683,74.22005462646484,0.7057053446769714
4171_Outdoor_Scene_40.jpg,Outdoor_Scene_40,-0.7871889386060368,0.9928417104012108,0.8871532111581016,72.40489959716797,0.637004017829895
4099_Outdoor_Scene_40.jpg,Outdoor_Scene_40,-0.6749756450893986,0.9927286511441511,0.9217103438848306,74.5910873413086,0.6349844932556152
4157_Outdoor_Scene_40.jpg,Outdoor_Scene_40,-0.5471375889433561,0.9868698506825495,0.9707436968687257,68.12562561035156,0.7292881608009338
4051_Outdoor_Scene_40.jpg,Outdoor_Scene_40,-0.4601559439498093,0.9860690499926799,0.815193493100944,67.08753204345703,0.687035083770752
4132_Outdoor_Scene_40.jpg,Outdoor_Scene_40,-0.3240996162736569,0.9889094929127227,0.8084418437353155,70.16088104248047,0.688122570514679
4106_Outdoor_Scene_40.jpg,Outdoor_Scene_40,-0.2864257569308573,0.9893261902081611,0.8779254406424879,69.8109359741211,0.678658127784729
4061_Outdoor_Scene_40.jpg,Outdoor_Scene_40,-0.2181299999236301,0.9899908818134742,0.9593845819983768,71.318603515625,0.6109200716018677
4122_Outdoor_Scene_40.jpg,Outdoor_Scene_40,-0.1310424564865315,0.9907574848019435,0.9343956221965911,60.01905059814453,0.5360368490219116
4108_Outdoor_Scene_40.jpg,Outdoor_Scene_40,-0.0402076834235672,0.9885856740729373,0.9101380494681532,69.19145965576172,0.7057164311408997
4104_Outdoor_Scene_40.jpg,Outdoor_Scene_40,0.1262809072623286,0.9910361089168886,0.9463715630740314,70.4254150390625,0.7605619430541992
4156_Outdoor_Scene_40.jpg,Outdoor_Scene_40,0.2903740125534814,0.9829362058871984,0.9521192430261864,74.45661163330078,0.6742366552352905
4153_Outdoor_Scene_40.jpg,Outdoor_Scene_40,0.4983522027532873,0.9882925673448697,0.9113474749028151,73.2052230834961,0.703122079372406
4124_Outdoor_Scene_40.jpg,Outdoor_Scene_40,0.6007208742563143,0.9865648902369075,0.8817326327480883,70.95354461669922,0.6989259719848633
4116_Outdoor_Scene_40.jpg,Outdoor_Scene_40,0.6800498974665351,0.9799924606116396,0.9686576889230638,74.14852142333984,0.6699135303497314
4068_Outdoor_Scene_40.jpg,Outdoor_Scene_40,0.9382116210941256,0.9853468109278276,0.8664758477508651,68.25801849365234,0.7333529591560364
4081_Outdoor_Scene_40.jpg,Outdoor_Scene_40,1.1000884335979026,0.9809886461607122,0.9490788978597976,74.0450210571289,0.7172598838806152
4091_Outdoor_Scene_40.jpg,Outdoor_Scene_40,1.239231148357832,0.9806673355277541,0.9252755948566791,72.81745147705078,0.7045775651931763
4162_Outdoor_Scene_40.jpg,Outdoor_Scene_40,1.5006127690355782,0.9851382620058475,0.9379245555128369,76.0397720336914,0.6808658242225647
4079_Outdoor_Scene_40.jpg,Outdoor_Scene_40,1.7863577505759645,0.9800459316363541,0.9680588218206673,72.5626449584961,0.6927271485328674
4112_Outdoor_Scene_40.jpg,Outdoor_Scene_40,1.967392627985684,0.9808383329767452,0.9160819548037079,72.9773178100586,0.6778311133384705
4060_Outdoor_Scene_40.jpg,Outdoor_Scene_40,2.66199194435741,0.9858289970951053,0.9345139664231705,72.83250427246094,0.7074671983718872
4123_Outdoor_Scene_40.jpg,Outdoor_Scene_40,3.5629770955512527,0.9839676340620381,0.847041408005468,75.83361053466797,0.7659109830856323
4183_Outdoor_Scene_41.JPG,Outdoor_Scene_41,-4.751516512537035,0.9883010179772664,0.9129449869708233,38.30970764160156,0.4875551164150238
4188_Outdoor_Scene_41.jpg,Outdoor_Scene_41,-3.0750687151219127,0.9835805467981569,0.9665510222563971,50.09931182861328,0.4650436341762543
4218_Outdoor_Scene_41.jpg,Outdoor_Scene_41,-2.398544232376341,0.9930062966672433,0.9123930727497971,46.84928894042969,0.502138614654541
4244_Outdoor_Scene_41.JPG,Outdoor_Scene_41,-1.8106490104627264,0.9859431764580773,0.836961712161989,51.70467758178711,0.6168031692504883
4235_Outdoor_Scene_41.jpg,Outdoor_Scene_41,-1.4732555676284542,0.9850133909440351,0.7890354376521849,37.08106994628906,0.4178946614265442
4192_Outdoor_Scene_41.jpg,Outdoor_Scene_41,-0.9131417031676544,0.9862958120690855,0.8467594344055706,54.95341110229492,0.4795857071876526
4179_Outdoor_Scene_41.JPG,Outdoor_Scene_41,-0.7506650571353428,0.9824703827125136,0.9097897321542997,35.71080017089844,0.5257011651992798
4186_Outdoor_Scene_41.jpg,Outdoor_Scene_41,-0.7227236676500772,0.9885111085095668,0.9770634508095177,58.89387893676758,0.5787886381149292
4243_Outdoor_Scene_41.jpg,Outdoor_Scene_41,-0.3505644393388056,0.9868393164945279,0.9341235080524585,59.14922332763672,0.512717068195343
4274_Outdoor_Scene_41.jpg,Outdoor_Scene_41,-0.2887097817270202,0.9867357096308966,0.8270760271690375,14.931682586669922,0.34900274872779846
4280_Outdoor_Scene_41.jpg,Outdoor_Scene_41,-0.1753296053952032,0.9844920165841706,0.925042252125251,64.23822784423828,0.7152203917503357
4256_Outdoor_Scene_41.jpg,Outdoor_Scene_41,-0.1327791694993849,0.9887356565276886,0.851119224229997,68.66251373291016,0.6120730042457581
4283_Outdoor_Scene_41.jpg,Outdoor_Scene_41,-0.1190928356363316,0.9879418955803992,0.9964263966850357,62.095035552978516,0.5634471774101257
4236_Outdoor_Scene_41.jpg,Outdoor_Scene_41,-0.0452000716432569,0.9948793457862937,0.9999731795463283,53.67493438720703,0.590429425239563
4246_Outdoor_Scene_41.jpg,Outdoor_Scene_41,0.0409631198398621,0.976632962520348,0.8927107796146782,73.0651626586914,0.6640981435775757
4201_Outdoor_Scene_41.jpg,Outdoor_Scene_41,0.1069100547910728,0.9859357367305177,0.8135706779443803,63.880733489990234,0.5884681344032288
4299_Outdoor_Scene_41.jpg,Outdoor_Scene_41,0.1548181344200301,0.9906309847918328,0.8782480823614849,69.97826385498047,0.702351987361908
4214_Outdoor_Scene_41.jpg,Outdoor_Scene_41,0.1797424964831046,0.9885181612860027,0.9316928770985518,68.18964385986328,0.6566526889801025
4203_Outdoor_Scene_41.jpg,Outdoor_Scene_41,0.2891760648099009,0.973117662837439,0.8237995574351745,57.101524353027344,0.5269893407821655
4296_Outdoor_Scene_41.JPG,Outdoor_Scene_41,0.4528843105509636,0.9784750459856986,0.9426698312614805,58.727081298828125,0.5009779334068298
4233_Outdoor_Scene_41.jpg,Outdoor_Scene_41,0.5284475735520707,0.9887982195432818,0.9448295271049596,72.0494384765625,0.731589138507843
4250_Outdoor_Scene_41.jpg,Outdoor_Scene_41,0.5817901610867187,0.9823413706968516,0.8969389619377163,63.77117156982422,0.6677399277687073
4197_Outdoor_Scene_41.jpg,Outdoor_Scene_41,0.7637975845846765,0.9841511395778052,0.83551791533171,26.359867095947266,0.4387791156768799
4187_Outdoor_Scene_41.jpg,Outdoor_Scene_41,0.8240353301345913,0.9838915542569291,0.9917775419710368,71.08516693115234,0.6670864820480347
4258_Outdoor_Scene_41.jpg,Outdoor_Scene_41,1.0609505076518944,0.9830058634867731,0.9428402956127985,61.61640167236328,0.6419252157211304
4227_Outdoor_Scene_41.jpg,Outdoor_Scene_41,1.3920019396887786,0.9658181101088781,0.9341103336323636,61.73033905029297,0.5719833374023438
4195_Outdoor_Scene_41.jpg,Outdoor_Scene_41,1.5803218662857317,0.9799246607414245,0.9937042368319876,67.83944702148438,0.6469603180885315
4272_Outdoor_Scene_41.jpg,Outdoor_Scene_41,2.0977914773323665,0.984706539882459,0.9983395070272119,69.5380630493164,0.6434624791145325
4252_Outdoor_Scene_41.jpg,Outdoor_Scene_41,2.400080038230838,0.9796135778371977,0.9330854491862105,66.17676544189453,0.6059677600860596
4249_Outdoor_Scene_41.jpg,Outdoor_Scene_41,3.253702055964401,0.9847942079174752,0.8750074108248964,65.34650421142578,0.7053434252738953
4341_Outdoor_Scene_42.jpg,Outdoor_Scene_42,-3.8315751955286257,0.9907364947390885,0.8541663975394079,37.844482421875,0.3941951394081116
4338_Outdoor_Scene_42.jpg,Outdoor_Scene_42,-2.741205541310682,0.9859535452868357,0.7911928916228801,52.430564880371094,0.3445398211479187
4324_Outdoor_Scene_42.jpg,Outdoor_Scene_42,-2.036061758746876,0.9887800661267621,0.9381888948694946,53.48877716064453,0.48600417375564575
4326_Outdoor_Scene_42.jpg,Outdoor_Scene_42,-1.7919602262365784,0.9590638461012359,0.8292943500363109,41.626380920410156,0.47443169355392456
4348_Outdoor_Scene_42.jpg,Outdoor_Scene_42,-1.4934853036499651,0.9899055194064394,0.8991561980434876,54.26800537109375,0.4117589592933655
4406_Outdoor_Scene_42.jpg,Outdoor_Scene_42,-1.3554579484001017,0.9690927994556291,0.8604049109316929,59.49896240234375,0.5254080891609192
4358_Outdoor_Scene_42.JPG,Outdoor_Scene_42,-1.092698720559636,0.9801127498843993,0.6971905130505361,27.908246994018555,0.38681450486183167
4357_Outdoor_Scene_42.jpg,Outdoor_Scene_42,-0.9125834592917036,0.9676357394525672,0.6051695843479004,51.85422134399414,0.3939124643802643
4385_Outdoor_Scene_42.jpg,Outdoor_Scene_42,-0.5892145920570244,0.9788971175454048,0.7324388841898415,33.24751663208008,0.39600375294685364
4411_Outdoor_Scene_42.jpg,Outdoor_Scene_42,-0.389862848703168,0.9614955081903591,0.963129032423427,47.204612731933594,0.4905868470668793
4351_Outdoor_Scene_42.jpg,Outdoor_Scene_42,-0.3439571611667357,0.9774910232551609,0.8795599846212995,30.133886337280273,0.40516892075538635
4422_Outdoor_Scene_42.jpg,Outdoor_Scene_42,-0.2725715066940385,0.9628448957708557,0.7406641684822076,53.18592834472656,0.45336270332336426
4312_Outdoor_Scene_42.jpg,Outdoor_Scene_42,-0.2419908066472249,0.9759849663799489,0.9819410414797728,58.64485168457031,0.4562588334083557
4350_Outdoor_Scene_42.jpg,Outdoor_Scene_42,-0.1944512867027304,0.9863066912267608,0.8085290888119955,54.977561950683594,0.45088639855384827
4353_Outdoor_Scene_42.JPG,Outdoor_Scene_42,-0.088167134600583,0.9689946795287596,0.8878253663121022,51.784339904785156,0.3640168011188507
4307_Outdoor_Scene_42.jpg,Outdoor_Scene_42,0.063244909175797,0.9837994748347554,0.9165982143619976,46.21330642700195,0.3427577614784241
4339_Outdoor_Scene_42.jpg,Outdoor_Scene_42,0.203160817025342,0.9644919620866901,0.6642209269938912,58.35309982299805,0.44068965315818787
4302_Outdoor_Scene_42.jpg,Outdoor_Scene_42,0.3651922575790793,0.9731295581649646,0.7959488196847366,59.92851638793945,0.4517441689968109
4301_Outdoor_Scene_42.jpg,Outdoor_Scene_42,0.4653114946055234,0.9812971814725746,0.9462174103977102,39.709800720214844,0.395370751619339
4374_Outdoor_Scene_42.jpg,Outdoor_Scene_42,0.522432653229176,0.9706404175874068,0.6911617377931565,61.83298873901367,0.5484291315078735
4322_Outdoor_Scene_42.jpg,Outdoor_Scene_42,0.5623302386868293,0.9655245403569312,0.806555041223461,57.892822265625,0.4311663508415222
4380_Outdoor_Scene_42.JPG,Outdoor_Scene_42,0.681659153952878,0.9779011274428879,0.8341555230894101,63.94770431518555,0.5334998369216919
4345_Outdoor_Scene_42.jpg,Outdoor_Scene_42,0.8002761438047234,0.9815039885531088,0.9391617651330685,60.98066711425781,0.48670682311058044
4304_Outdoor_Scene_42.jpg,Outdoor_Scene_42,1.1007944534596437,0.9863990433954859,0.7978914195394934,61.98615264892578,0.5495644211769104
4412_Outdoor_Scene_42.jpg,Outdoor_Scene_42,1.3980206198914302,0.9706186925195632,0.8806182271775813,58.784854888916016,0.4602404534816742
4395_Outdoor_Scene_42.jpg,Outdoor_Scene_42,1.459797324281899,0.9803010683323252,0.8943288068691528,51.46915817260742,0.4477563500404358
4359_Outdoor_Scene_42.jpg,Outdoor_Scene_42,1.6674117990664767,0.9818155246590418,0.9568124362424708,63.50238037109375,0.5371414422988892
4313_Outdoor_Scene_42.jpg,Outdoor_Scene_42,1.7727188954372837,0.9703024119586202,0.9797942022299116,67.2269515991211,0.6546363830566406
4372_Outdoor_Scene_42.jpg,Outdoor_Scene_42,2.15536231798152,0.9774227199518405,0.8883423298731257,67.2273941040039,0.5973615050315857
4365_Outdoor_Scene_42.jpg,Outdoor_Scene_42,3.486545994932594,0.9479414180655501,0.6598642744243667,59.633079528808594,0.5490912199020386
4437_Outdoor_Scene_43.JPG,Outdoor_Scene_43,-3.274008639286457,0.8819442200354056,0.5183660643342304,21.54932403564453,0.34794944524765015
4444_Outdoor_Scene_43.jpg,Outdoor_Scene_43,-2.8997942895375237,0.9103666701473963,0.6462001042334145,36.389793395996094,0.4279658794403076
4542_Outdoor_Scene_43.jpg,Outdoor_Scene_43,-2.443956551247854,0.8223836773796211,0.9054879542056474,20.413616180419922,0.4019396901130676
4529_Outdoor_Scene_43.jpg,Outdoor_Scene_43,-1.8383648781919608,0.9328862826392266,0.669037395873382,23.516868591308594,0.3348790407180786
4524_Outdoor_Scene_43.jpg,Outdoor_Scene_43,-1.3877955703834552,0.9256754242993586,0.43708871630569446,35.752933502197266,0.388973206281662
4515_Outdoor_Scene_43.jpg,Outdoor_Scene_43,-1.0695185924764266,0.9210313725121826,0.7494086274509804,37.33536911010742,0.45268329977989197
4519_Outdoor_Scene_43.jpg,Outdoor_Scene_43,-1.003929710688132,0.9094400687500359,0.9958742603272245,28.269668579101562,0.5674868226051331
4539_Outdoor_Scene_43.jpg,Outdoor_Scene_43,-0.8628027074951082,0.9522101992119727,0.6689139835106155,43.72871780395508,0.41624313592910767
4479_Outdoor_Scene_43.jpg,Outdoor_Scene_43,-0.7072865369407398,0.9616219579763816,0.9851286394121919,40.67844772338867,0.38471582531929016
4504_Outdoor_Scene_43.jpg,Outdoor_Scene_43,-0.6153837033629571,0.9202597723490866,0.665437156649152,37.72549057006836,0.4657595157623291
4548_Outdoor_Scene_43.jpg,Outdoor_Scene_43,-0.5163711946750077,0.9474842068231819,0.7493342765602973,33.539642333984375,0.4047093391418457
4530_Outdoor_Scene_43.jpg,Outdoor_Scene_43,-0.3831759641077087,0.952302807165496,0.7731675714468794,36.96014404296875,0.4460392892360687
4527_Outdoor_Scene_43.jpg,Outdoor_Scene_43,-0.2498940211274873,0.9631401636930479,0.6641218574052714,31.139446258544922,0.5079143047332764
4481_Outdoor_Scene_43.jpg,Outdoor_Scene_43,-0.1825011437146899,0.9482695798678744,0.9169047597078046,43.653018951416016,0.5263091921806335
4480_Outdoor_Scene_43.jpg,Outdoor_Scene_43,-0.0494253136233928,0.9440864566157418,0.8457424546114742,36.48360824584961,0.42700880765914917
4473_Outdoor_Scene_43.jpg,Outdoor_Scene_43,0.0368716938823374,0.9297715592262392,0.562721008159255,49.800384521484375,0.45820897817611694
4432_Outdoor_Scene_43.jpg,Outdoor_Scene_43,0.0809331478923549,0.9514368558223522,0.8193733726344569,42.81885528564453,0.3921937942504883
4434_Outdoor_Scene_43.jpg,Outdoor_Scene_43,0.1775039279805814,0.9390788762913326,0.9835523191934725,40.81187438964844,0.5546284914016724
4448_Outdoor_Scene_43.jpg,Outdoor_Scene_43,0.2419471691851002,0.9538044741245755,0.6604962364902388,47.441856384277344,0.5064359307289124
4502_Outdoor_Scene_43.JPG,Outdoor_Scene_43,0.4091046536671427,0.9532094899398424,0.7621672416591909,53.49443817138672,0.48984089493751526
4518_Outdoor_Scene_43.jpg,Outdoor_Scene_43,0.606806386518718,0.9729353220378145,0.922161541287539,46.55487823486328,0.534709095954895
4501_Outdoor_Scene_43.jpg,Outdoor_Scene_43,0.8336925990295543,0.9415243092410422,0.910161449015336,50.43983459472656,0.5130396485328674
4469_Outdoor_Scene_43.jpg,Outdoor_Scene_43,0.9356161678254457,0.9441836711179719,0.8216422230765945,57.31639099121094,0.5344755053520203
4525_Outdoor_Scene_43.jpg,Outdoor_Scene_43,1.1413894582638913,0.9467959462206978,0.8576400632235466,52.054237365722656,0.5248197317123413
4489_Outdoor_Scene_43.jpg,Outdoor_Scene_43,1.2300360195946751,0.971027966436115,0.9794083096245034,41.28398132324219,0.4593850076198578
4531_Outdoor_Scene_43.jpg,Outdoor_Scene_43,1.477199531167002,0.9531073035798192,0.6728259387415096,58.15399932861328,0.5573299527168274
4488_Outdoor_Scene_43.jpg,Outdoor_Scene_43,1.7638232128059266,0.965468572093507,0.905198434790038,57.29158020019531,0.3947312533855438
4446_Outdoor_Scene_43.jpg,Outdoor_Scene_43,2.015648082671401,0.9506472792144353,0.915754275705925,57.485321044921875,0.5655890703201294
4458_Outdoor_Scene_43.jpg,Outdoor_Scene_43,2.6265232030268097,0.9601944263066982,0.731514484172754,62.93693542480469,0.6097181439399719
4453_Outdoor_Scene_43.jpg,Outdoor_Scene_43,3.312110277678965,0.9681695296837134,0.8276592524242812,49.65658187866211,0.4325839877128601
4598_Outdoor_Scene_44.jpg,Outdoor_Scene_44,-4.951193829011223,0.9292693325525252,0.6350221948823103,22.188697814941406,0.1760367453098297
4570_Outdoor_Scene_44.jpg,Outdoor_Scene_44,-3.181728477961942,0.9387208844816428,0.8686602144474347,21.642166137695312,0.25645121932029724
4640_Outdoor_Scene_44.jpg,Outdoor_Scene_44,-2.4076161939290754,0.9214566827211573,0.6464061138878209,21.83773422241211,0.22603821754455566
4617_Outdoor_Scene_44.jpg,Outdoor_Scene_44,-1.727002319546702,0.8800306235741204,0.6197244205220215,23.702009201049805,0.23360581696033478
4571_Outdoor_Scene_44.jpg,Outdoor_Scene_44,-1.443096354608193,0.9377758073728035,0.6514964569182793,21.707386016845703,0.25880295038223267
4670_Outdoor_Scene_44.jpg,Outdoor_Scene_44,-1.1913926818647331,0.9335359206726661,0.6132179008073817,22.147785186767578,0.2826894223690033
4581_Outdoor_Scene_44.jpg,Outdoor_Scene_44,-0.887883211310154,0.9684253021578543,0.9354636148489898,21.004907608032227,0.2878487706184387
4579_Outdoor_Scene_44.jpg,Outdoor_Scene_44,-0.6843317720918823,0.8938972062791561,0.6534116450937674,19.229570388793945,0.29703983664512634
4664_Outdoor_Scene_44.jpg,Outdoor_Scene_44,-0.5339811735156663,0.8909300062306185,0.3152539143064633,18.894454956054688,0.2929934561252594
4649_Outdoor_Scene_44.jpg,Outdoor_Scene_44,-0.4038852615264486,0.9392933366288596,0.678245703789141,20.44225311279297,0.2712399959564209
4577_Outdoor_Scene_44.jpg,Outdoor_Scene_44,-0.261286492043594,0.9500080844211165,0.9066162108590714,14.016548156738281,0.299822598695755
4634_Outdoor_Scene_44.jpg,Outdoor_Scene_44,-0.2201008091940895,0.9371452262215625,0.6008684283822462,21.36545181274414,0.27026957273483276
4635_Outdoor_Scene_44.jpg,Outdoor_Scene_44,-0.1703564784862919,0.9469080827062268,0.7514923798539024,15.786133766174316,0.31440800428390503
4596_Outdoor_Scene_44.jpg,Outdoor_Scene_44,0.0592998913151649,0.9561851422964933,0.9656253440984236,17.098644256591797,0.3171115517616272
4591_Outdoor_Scene_44.jpg,Outdoor_Scene_44,0.1543353165099063,0.9583485091750875,0.8748075150583109,18.759050369262695,0.3021343946456909
4637_Outdoor_Scene_44.jpg,Outdoor_Scene_44,0.216407194522199,0.9441127511056401,0.64303753940792,23.50035858154297,0.3120065927505493
4609_Outdoor_Scene_44.jpg,Outdoor_Scene_44,0.2490668901609448,0.9523614880283895,0.7478928548848733,19.89736557006836,0.3314696252346039
4618_Outdoor_Scene_44.jpg,Outdoor_Scene_44,0.3339301299150002,0.9351215905547977,0.5820060318680849,19.292743682861328,0.3106590211391449
4646_Outdoor_Scene_44.jpg,Outdoor_Scene_44,0.422820990582448,0.9332302993648813,0.674563410654022,32.44963455200195,0.23077134788036346
4593_Outdoor_Scene_44.jpg,Outdoor_Scene_44,0.5195592075773336,0.9525012251461312,0.8052536921696783,20.45273208618164,0.33754783868789673
4594_Outdoor_Scene_44.jpg,Outdoor_Scene_44,0.6359506177177123,0.9638116324273825,0.7412198624460677,24.451114654541016,0.2786101996898651
4601_Outdoor_Scene_44.jpg,Outdoor_Scene_44,0.7411342466033122,0.9464651093643266,0.6491825127087872,33.2111930847168,0.34310635924339294
4672_Outdoor_Scene_44.jpg,Outdoor_Scene_44,0.8664887021818515,0.952084903917273,0.6829897902516127,18.478416442871094,0.3403679430484772
4555_Outdoor_Scene_44.jpg,Outdoor_Scene_44,0.9750342144227896,0.9301304595333839,0.6449761647229698,28.34996795654297,0.292030930519104
4659_Outdoor_Scene_44.jpg,Outdoor_Scene_44,1.207302363064609,0.9474860081003218,0.6984244179589046,32.954078674316406,0.3083135783672333
4595_Outdoor_Scene_44.jpg,Outdoor_Scene_44,1.3633070771979685,0.9479387677458277,0.6040528002050493,19.542316436767578,0.3006443381309509
4633_Outdoor_Scene_44.jpg,Outdoor_Scene_44,1.575877812054232,0.9417385047123824,0.6184914109957709,26.514507293701172,0.3127596080303192
4585_Outdoor_Scene_44.jpg,Outdoor_Scene_44,1.875462428745661,0.9382144835375508,0.5476137519757359,20.726579666137695,0.2794771194458008
4651_Outdoor_Scene_44.jpg,Outdoor_Scene_44,2.1892536734276598,0.9528813819300348,0.6997149062326457,25.386533737182617,0.3027538061141968
4650_Outdoor_Scene_44.jpg,Outdoor_Scene_44,3.0570284367614087,0.9706965338260032,0.8643003015934042,26.96902084350586,0.3031589984893799
4735_Outdoor_Scene_45.jpg,Outdoor_Scene_45,-4.009515577480593,0.9324647864442033,0.46856904267589394,27.800357818603516,0.3321959972381592
4737_Outdoor_Scene_45.JPG,Outdoor_Scene_45,-3.051089033554069,0.9883934488172748,0.9267369199880388,52.78254699707031,0.388549268245697
4726_Outdoor_Scene_45.jpg,Outdoor_Scene_45,-2.4039845543074816,0.9648581122260209,0.9731433277799137,38.1585693359375,0.35515695810317993
4687_Outdoor_Scene_45.jpg,Outdoor_Scene_45,-2.198962194640865,0.9437477306771453,0.6351028510401981,33.44504165649414,0.3870926797389984
4717_Outdoor_Scene_45.JPG,Outdoor_Scene_45,-1.568245294816915,0.8334983289798339,0.8566158964500832,31.43959617614746,0.38206538558006287
4715_Outdoor_Scene_45.JPG,Outdoor_Scene_45,-1.3360642426156637,0.8585854999200486,0.8438407176726899,32.833518981933594,0.44565892219543457
4682_Outdoor_Scene_45.jpg,Outdoor_Scene_45,-1.1014383849379337,0.9243133494941744,0.6986732829253706,44.675331115722656,0.554689884185791
4695_Outdoor_Scene_45.jpg,Outdoor_Scene_45,-0.6794399455006382,0.957438749211013,0.9649177735059167,49.69132995605469,0.47688594460487366
4746_Outdoor_Scene_45.jpg,Outdoor_Scene_45,-0.4759747610143817,0.9541423507199867,0.8655557776923406,50.53538513183594,0.4430963099002838
4683_Outdoor_Scene_45.JPG,Outdoor_Scene_45,-0.4392945784126777,0.9431961899680008,0.8535773488829083,50.463294982910156,0.5785323977470398
4684_Outdoor_Scene_45.JPG,Outdoor_Scene_45,-0.3670189590254804,0.9516703865040634,0.8344261540433169,44.24967575073242,0.4431401193141937
4710_Outdoor_Scene_45.jpg,Outdoor_Scene_45,-0.3246547641168941,0.9663097655530689,0.9894598043487548,55.528114318847656,0.46205267310142517
4740_Outdoor_Scene_45.jpg,Outdoor_Scene_45,-0.2303886854126759,0.917900950490457,0.8611680123029604,49.36526870727539,0.48944908380508423
4707_Outdoor_Scene_45.jpg,Outdoor_Scene_45,-0.1410599311496647,0.9642052580346672,0.7117671322995429,57.44763946533203,0.47138577699661255
4730_Outdoor_Scene_45.jpg,Outdoor_Scene_45,0.0071952825632609,0.962637140809894,0.8990543090264429,49.677940368652344,0.5177101492881775
4699_Outdoor_Scene_45.jpg,Outdoor_Scene_45,0.2038556325635472,0.9776387876353609,0.9618496783288479,41.99024963378906,0.4628334045410156
4720_Outdoor_Scene_45.jpg,Outdoor_Scene_45,0.2478770164923057,0.9395665755772571,0.9492615387244222,58.69758605957031,0.5825568437576294
4723_Outdoor_Scene_45.jpg,Outdoor_Scene_45,0.3296791057328136,0.9704404445171966,0.9686719501046606,54.23085021972656,0.5652252435684204
4752_Outdoor_Scene_45.jpg,Outdoor_Scene_45,0.3993856455367636,0.9766950420337754,0.9162421120082019,52.361976623535156,0.42356938123703003
4716_Outdoor_Scene_45.JPG,Outdoor_Scene_45,0.5173822434834979,0.9256949862316206,0.8262980050407963,46.34239959716797,0.4328230917453766
4721_Outdoor_Scene_45.jpg,Outdoor_Scene_45,0.6536164255816308,0.9551355393548588,0.9422933709257124,46.461387634277344,0.5937684774398804
4678_Outdoor_Scene_45.JPG,Outdoor_Scene_45,0.7135927261853001,0.9654207711818217,0.7390282267503951,59.36476135253906,0.5015323162078857
4697_Outdoor_Scene_45.jpg,Outdoor_Scene_45,0.9327266657151077,0.9698359538153813,0.8167169960271691,57.779666900634766,0.5662766098976135
4677_Outdoor_Scene_45.JPG,Outdoor_Scene_45,1.2389768046357257,0.9707279177626988,0.7841090247340766,58.30284881591797,0.45913538336753845
4718_Outdoor_Scene_45.jpg,Outdoor_Scene_45,1.3244707467694294,0.9667786839587085,0.6646451125635439,59.090049743652344,0.468669593334198
4725_Outdoor_Scene_45.jpg,Outdoor_Scene_45,1.4733250449575357,0.9725790535408307,0.9010093246187363,49.946189880371094,0.5159391760826111
4724_Outdoor_Scene_45.jpg,Outdoor_Scene_45,1.7060511820302318,0.971989605749036,0.9795550668546287,56.44432067871094,0.5467857122421265
4706_Outdoor_Scene_45.jpg,Outdoor_Scene_45,1.985083973588461,0.9788518802332,0.9480651749327182,56.37810516357422,0.5100119709968567
4685_Outdoor_Scene_45.jpg,Outdoor_Scene_45,2.133481788243342,0.9705234817947791,0.7236456303131273,61.405914306640625,0.5282689332962036
4738_Outdoor_Scene_45.jpg,Outdoor_Scene_45,3.45486910983113,0.9710925566973811,0.8405973668247256,57.24490737915039,0.5124313235282898
4773_Outdoor_Scene_46.JPG,Outdoor_Scene_46,-3.033408483314347,0.9364400291292478,0.639362378572344,32.34693145751953,0.35169434547424316
4811_Outdoor_Scene_46.JPG,Outdoor_Scene_46,-2.406840196405402,0.942904811092909,0.8667878371566491,33.267242431640625,0.34500351548194885
4771_Outdoor_Scene_46.jpg,Outdoor_Scene_46,-2.117566737815596,0.9749055108281143,0.8487358195565808,34.8812370300293,0.2803826928138733
4818_Outdoor_Scene_46.jpg,Outdoor_Scene_46,-1.967289227285567,0.9376036853756029,0.5956057208765859,45.56856155395508,0.4759545922279358
4820_Outdoor_Scene_46.jpg,Outdoor_Scene_46,-1.4198030649748412,0.972022155180522,0.829522809175958,35.712486267089844,0.33586686849594116
4812_Outdoor_Scene_46.jpg,Outdoor_Scene_46,-1.0587008739367654,0.9628889088947082,0.6143337553932249,40.73408508300781,0.3647633194923401
4776_Outdoor_Scene_46.jpg,Outdoor_Scene_46,-0.9605981422097486,0.9630113854589555,0.7835590960741595,40.374263763427734,0.2953953444957733
4793_Outdoor_Scene_46.JPG,Outdoor_Scene_46,-0.7506412725015894,0.9466966549588709,0.6290226596608143,39.145355224609375,0.4032040536403656
4765_Outdoor_Scene_46.jpg,Outdoor_Scene_46,-0.6957260221326785,0.9649422512983449,0.6643682002648553,36.58787536621094,0.3183978497982025
4754_Outdoor_Scene_46.jpg,Outdoor_Scene_46,-0.582705438213992,0.9082919721230445,0.5712129488658209,38.46546173095703,0.37152212858200073
4772_Outdoor_Scene_46.jpg,Outdoor_Scene_46,-0.5379079033231707,0.9714201341182762,0.9059892588320732,54.339683532714844,0.37563419342041016
4794_Outdoor_Scene_46.JPG,Outdoor_Scene_46,-0.4703877253576496,0.9574624839094215,0.5981714383356828,43.192787170410156,0.2862837612628937
4789_Outdoor_Scene_46.jpg,Outdoor_Scene_46,-0.2600992529228284,0.9743854702730351,0.693192816438122,45.769744873046875,0.393974244594574
4823_Outdoor_Scene_46.jpg,Outdoor_Scene_46,-0.228256527080036,0.968545901573014,0.8555304404288949,38.64823913574219,0.41019707918167114
4775_Outdoor_Scene_46.jpg,Outdoor_Scene_46,-0.1951304101409275,0.9740874387333294,0.7721984467512495,39.2330322265625,0.391649067401886
4824_Outdoor_Scene_46.jpg,Outdoor_Scene_46,-0.145330088430772,0.9652631905106843,0.6741833106924686,46.450584411621094,0.41687360405921936
4813_Outdoor_Scene_46.jpeg,Outdoor_Scene_46,-0.1015583299123451,0.9664872532812827,0.796315516254432,50.337860107421875,0.40049105882644653
4767_Outdoor_Scene_46.jpg,Outdoor_Scene_46,-0.0435578846691314,0.9523875173679499,0.5572315741808705,46.02389907836914,0.38974273204803467
4807_Outdoor_Scene_46.jpg,Outdoor_Scene_46,0.0168919950618192,0.9679154509282273,0.785115195010466,32.170440673828125,0.32680463790893555
4798_Outdoor_Scene_46.jpg,Outdoor_Scene_46,0.2606217483071176,0.9635892046212329,0.9158959613823743,36.146728515625,0.33274707198143005
4800_Outdoor_Scene_46.jpg,Outdoor_Scene_46,0.5808596935150854,0.9764875123744685,0.8058144508522364,43.99437713623047,0.32545945048332214
4802_Outdoor_Scene_46.jpg,Outdoor_Scene_46,0.7970037745147699,0.9744938831126877,0.8300590507924304,49.17538833618164,0.3753811717033386
4779_Outdoor_Scene_46.jpg,Outdoor_Scene_46,0.905857547144866,0.981321673652664,0.8918610346447947,46.725521087646484,0.3828418254852295
4809_Outdoor_Scene_46.jpg,Outdoor_Scene_46,1.0647383412767994,0.9723375962367152,0.766085074971165,47.06813049316406,0.3656230866909027
4815_Outdoor_Scene_46.jpg,Outdoor_Scene_46,1.094047037786393,0.9721122406145843,0.9444530155068563,50.244937896728516,0.395194411277771
4758_Outdoor_Scene_46.jpg,Outdoor_Scene_46,1.2951118441278615,0.9611491990429837,0.6421210713828015,43.99470138549805,0.41760340332984924
4787_Outdoor_Scene_46.JPG,Outdoor_Scene_46,1.3874701924658928,0.9776263559763825,0.9025894690076466,48.988487243652344,0.45184558629989624
4760_Outdoor_Scene_46.jpg,Outdoor_Scene_46,1.6843999551003963,0.9732062620748909,0.8421558374983981,56.42982482910156,0.40511053800582886
4814_Outdoor_Scene_46.jpeg,Outdoor_Scene_46,2.4585513123294223,0.9453163831486155,0.9864857858088769,55.47288131713867,0.5690913796424866
4759_Outdoor_Scene_46.jpg,Outdoor_Scene_46,4.195344599213723,0.9695245123910824,0.7412264445298816,57.12213897705078,0.5600853562355042
4889_Outdoor_Scene_47.jpg,Outdoor_Scene_47,-5.3673460731430005,0.9725900054026515,0.7018461241402878,60.08224105834961,0.6694517731666565
4837_Outdoor_Scene_47.jpg,Outdoor_Scene_47,-3.465700652871249,0.9808886012794389,0.8871020957751292,46.32501220703125,0.5936397910118103
4836_Outdoor_Scene_47.jpg,Outdoor_Scene_47,-1.929273720696694,0.9739401582192797,0.8738038258789356,55.25835418701172,0.5723924040794373
4891_Outdoor_Scene_47.jpg,Outdoor_Scene_47,-1.4573329859942414,0.9842620611484367,0.8881891751035926,67.66852569580078,0.6780211329460144
4906_Outdoor_Scene_47.jpg,Outdoor_Scene_47,-1.2788730528881842,0.9760420856597722,0.8195040642487932,61.784637451171875,0.6822518110275269
4900_Outdoor_Scene_47.jpg,Outdoor_Scene_47,-1.147712148846485,0.984897409359985,0.9447548037079754,72.76647186279297,0.6748035550117493
4834_Outdoor_Scene_47.jpg,Outdoor_Scene_47,-1.015209151420736,0.9882831822276166,0.8846055277884575,62.842491149902344,0.5688732862472534
4840_Outdoor_Scene_47.jpg,Outdoor_Scene_47,-0.8638636042935257,0.9855600964264095,0.9438121542996283,65.57002258300781,0.661395788192749
4847_Outdoor_Scene_47.jpg,Outdoor_Scene_47,-0.6243948440483573,0.9851015885856407,0.9384477286513734,74.05860137939453,0.6778437495231628
4851_Outdoor_Scene_47.jpg,Outdoor_Scene_47,-0.3204698857662024,0.9818392650167236,0.9765751599812038,72.22607421875,0.6629170775413513
4845_Outdoor_Scene_47.jpg,Outdoor_Scene_47,-0.271268991011537,0.9688782896603554,0.7797544294929301,71.70297241210938,0.658483624458313
4888_Outdoor_Scene_47.JPG,Outdoor_Scene_47,-0.1408261985861784,0.9863274752729119,0.9786611645093768,65.33855438232422,0.6691186428070068
4867_Outdoor_Scene_47.tiff,Outdoor_Scene_47,0.0047583435139137,0.9860775422685788,0.8546578222051348,70.60489654541016,0.6057433485984802
4841_Outdoor_Scene_47.jpg,Outdoor_Scene_47,0.0933191371364992,0.9797596602326369,0.7188461258490324,60.39021301269531,0.506583571434021
4860_Outdoor_Scene_47.tiff,Outdoor_Scene_47,0.1580262694339577,0.9861610102449565,0.9938272869409202,68.8167724609375,0.6609153151512146
4895_Outdoor_Scene_47.jpg,Outdoor_Scene_47,0.2224910763086371,0.9916959786526027,0.9912960758682559,73.1681900024414,0.7371186017990112
4915_Outdoor_Scene_47.jpg,Outdoor_Scene_47,0.2665049829952098,0.9819389961498577,0.8995239745397069,68.04214477539062,0.676932692527771
4862_Outdoor_Scene_47.jpg,Outdoor_Scene_47,0.3009661439547164,0.9879114961210982,0.8370064231705754,69.6709213256836,0.632773220539093
4861_Outdoor_Scene_47.tiff,Outdoor_Scene_47,0.4305496482062123,0.9822637554693425,0.996800926139519,66.12845611572266,0.6567453145980835
4912_Outdoor_Scene_47.jpg,Outdoor_Scene_47,0.4816672562089916,0.974862854115838,0.9665780785168099,70.7442855834961,0.6821860074996948
4869_Outdoor_Scene_47.tiff,Outdoor_Scene_47,0.5788300225841572,0.9810694771828325,0.9937714383356828,63.59027862548828,0.6561986207962036
4848_Outdoor_Scene_47.jpg,Outdoor_Scene_47,0.7383848332403122,0.9776043151421296,0.8282076022042805,72.60504913330078,0.6958313584327698
4846_Outdoor_Scene_47.jpg,Outdoor_Scene_47,0.899254153582069,0.9704233450843042,0.8526642436669657,70.10778045654297,0.6480883955955505
4864_Outdoor_Scene_47.jpg,Outdoor_Scene_47,1.0568244376785882,0.9860858610914441,0.8832289973941646,71.19095611572266,0.7145329117774963
4901_Outdoor_Scene_47.jpg,Outdoor_Scene_47,1.1607871670036962,0.9852397369792507,0.8648098936306549,75.74726104736328,0.7236844301223755
4910_Outdoor_Scene_47.jpg,Outdoor_Scene_47,1.2497816742149457,0.955845426887681,0.8844288470246486,72.26908874511719,0.6405707597732544
4893_Outdoor_Scene_47.JPG,Outdoor_Scene_47,1.4274964667862522,0.9862489384194172,0.8496607732068863,67.99543762207031,0.6701785922050476
4884_Outdoor_Scene_47.jpg,Outdoor_Scene_47,1.6953860572607182,0.9751002334671319,0.9997026203596906,62.87862014770508,0.6906960606575012
4863_Outdoor_Scene_47.jpg,Outdoor_Scene_47,1.8502767749514184,0.9842571115318464,0.8126224785338972,67.93572235107422,0.7027511596679688
4865_Outdoor_Scene_47.jpg,Outdoor_Scene_47,3.0768647754582124,0.9768216367442957,0.9074054628561664,75.1153335571289,0.7305094599723816
4957_Outdoor_Scene_48.JPG,Outdoor_Scene_48,-4.560650362082358,0.8273813286713578,0.3912519560852663,19.933517456054688,0.31404826045036316
4955_Outdoor_Scene_48.JPG,Outdoor_Scene_48,-3.147336533897044,0.8513523242532988,0.46031445341535304,22.42958641052246,0.33075159788131714
4935_Outdoor_Scene_48.jpg,Outdoor_Scene_48,-2.1897125465956826,0.8819084804003581,0.3363288034516638,16.928470611572266,0.33354777097702026
4945_Outdoor_Scene_48.jpg,Outdoor_Scene_48,-1.4086368556648683,0.9105210967508708,0.517367091289675,20.745100021362305,0.2651391327381134
4918_Outdoor_Scene_48.JPG,Outdoor_Scene_48,-1.1392418030348053,0.8923020757905683,0.4710032141484044,18.81610679626465,0.20909114181995392
4973_Outdoor_Scene_48.JPG,Outdoor_Scene_48,-1.1321436994869534,0.840566510448541,0.36016765517535987,19.97587013244629,0.29526785016059875
4956_Outdoor_Scene_48.JPG,Outdoor_Scene_48,-1.0656929897740046,0.9162630588658447,0.5622981383228672,26.03311538696289,0.2631417214870453
4977_Outdoor_Scene_48.jpg,Outdoor_Scene_48,-0.725724732630287,0.9481684256686538,0.7597753308556539,18.98101043701172,0.2987878918647766
4976_Outdoor_Scene_48.JPG,Outdoor_Scene_48,-0.5304807172483178,0.9436810608769479,0.5980338297236106,14.30206298828125,0.22823293507099152
4980_Outdoor_Scene_48.jpg,Outdoor_Scene_48,-0.4706080688138039,0.9543040120240782,0.6564479644581145,15.42963981628418,0.33032721281051636
4922_Outdoor_Scene_48.jpg,Outdoor_Scene_48,-0.3837873433757313,0.9341410510438392,0.9242652484087317,28.937664031982422,0.45205259323120117
4970_Outdoor_Scene_48.jpg,Outdoor_Scene_48,-0.3284866578180371,0.9397062923405984,0.49754657781195266,18.08191680908203,0.29576948285102844
4933_Outdoor_Scene_48.JPG,Outdoor_Scene_48,-0.2207888495657738,0.8436108339444579,0.5880401657482165,17.641616821289062,0.3163169324398041
4934_Outdoor_Scene_48.jpg,Outdoor_Scene_48,-0.1803240244923528,0.9414797990527655,0.5300468742791234,30.35832977294922,0.29466161131858826
4958_Outdoor_Scene_48.jpg,Outdoor_Scene_48,-0.0806968333567708,0.9522322930490624,0.8572250741167926,23.779010772705078,0.3603532612323761
4931_Outdoor_Scene_48.jpg,Outdoor_Scene_48,-0.0489186325582402,0.9429018873878443,0.8295473535819556,33.29703140258789,0.3031396269798279
4948_Outdoor_Scene_48.JPG,Outdoor_Scene_48,0.0733796722551494,0.9732816685611155,0.7238532051774959,16.718429565429688,0.26479408144950867
4929_Outdoor_Scene_48.jpg,Outdoor_Scene_48,0.3281943664351016,0.8673288628541067,0.788799976077577,17.630611419677734,0.30083948373794556
4978_Outdoor_Scene_48.jpg,Outdoor_Scene_48,0.3638164964696831,0.92297679726308,0.5926461890725789,34.15196228027344,0.3590138256549835
4925_Outdoor_Scene_48.jpg,Outdoor_Scene_48,0.3999895294444987,0.9487518832819998,0.47994958178478364,13.568578720092773,0.302720844745636
4989_Outdoor_Scene_48.jpg,Outdoor_Scene_48,0.5624642771388522,0.9626869177058461,0.7121947114357726,19.042800903320312,0.3515113890171051
4936_Outdoor_Scene_48.jpg,Outdoor_Scene_48,0.6124265142059685,0.9279136022517596,0.9829312623349994,21.449588775634766,0.31392788887023926
4951_Outdoor_Scene_48.jpg,Outdoor_Scene_48,0.8314045114998481,0.9702599780506795,0.7224893024050578,28.73984146118164,0.3413587808609009
4990_Outdoor_Scene_48.jpg,Outdoor_Scene_48,0.9548478213836468,0.9481946903869214,0.5901986039557435,18.427549362182617,0.28064078092575073
4961_Outdoor_Scene_48.jpg,Outdoor_Scene_48,1.2775433486282308,0.9344352960397833,0.9983095493186381,17.530258178710938,0.31789112091064453
4950_Outdoor_Scene_48.jpg,Outdoor_Scene_48,1.3379136611255609,0.8847327201576356,0.8322895535904994,28.190673828125,0.22673189640045166
4964_Outdoor_Scene_48.jpg,Outdoor_Scene_48,1.6814643374033462,0.8937005803095938,0.9446265829381864,31.61684799194336,0.3249141573905945
4919_Outdoor_Scene_48.JPG,Outdoor_Scene_48,2.04124280526352,0.9506269716544509,0.5183536588491605,31.70926856994629,0.2997799813747406
4920_Outdoor_Scene_48.JPG,Outdoor_Scene_48,2.4521564663073097,0.948597149996331,0.5740093810073049,33.21128845214844,0.32902345061302185
4952_Outdoor_Scene_48.jpg,Outdoor_Scene_48,3.0916133290353445,0.96253758617069,0.8744426502627195,26.941022872924805,0.2700781226158142
5007_Outdoor_Scene_49.jpg,Outdoor_Scene_49,-3.470200813899379,0.9163401275947471,0.7840012576359521,21.557294845581055,0.2763665020465851
5024_Outdoor_Scene_49.jpg,Outdoor_Scene_49,-2.5183350148446992,0.9766030842178826,0.6864658071681832,16.82368278503418,0.20876722037792206
5087_Outdoor_Scene_49.jpg,Outdoor_Scene_49,-2.272076507486498,0.9527459022649254,0.4782384928873511,18.270526885986328,0.2223006784915924
5097_Outdoor_Scene_49.JPG,Outdoor_Scene_49,-1.8308331420657216,0.9446879320548545,0.6684596693579392,17.063568115234375,0.24538199603557587
5080_Outdoor_Scene_49.jpg,Outdoor_Scene_49,-1.458154024475732,0.9803453470241172,0.9450714819086675,18.18776512145996,0.25635358691215515
5008_Outdoor_Scene_49.jpg,Outdoor_Scene_49,-1.0746115672956966,0.9662695255568752,0.5968619214831903,21.97665786743164,0.2606047987937927
5022_Outdoor_Scene_49.jpg,Outdoor_Scene_49,-0.8820193497574511,0.9811122434544428,0.8805009355376138,15.937919616699219,0.2537919878959656
5010_Outdoor_Scene_49.jpg,Outdoor_Scene_49,-0.6048322399135255,0.9775794255264614,0.8288919236191209,20.824050903320312,0.23876114189624786
5065_Outdoor_Scene_49.jpg,Outdoor_Scene_49,-0.5371533969470031,0.9764149320597904,0.7865109453628946,22.155811309814453,0.2232675999403
5023_Outdoor_Scene_49.jpg,Outdoor_Scene_49,-0.4380622630576308,0.9919877945366992,0.9706228373702421,16.0687313079834,0.2827693819999695
5088_Outdoor_Scene_49.jpg,Outdoor_Scene_49,-0.3470562385268211,0.9656654870526165,0.7442555051475929,24.471126556396484,0.23677583038806915
5037_Outdoor_Scene_49.jpg,Outdoor_Scene_49,-0.2742641164163924,0.9665544419838183,0.7130650126019906,28.488191604614258,0.24247603118419647
4994_Outdoor_Scene_49.jpeg,Outdoor_Scene_49,-0.2039626676262053,0.9858785652274736,0.854565355205263,15.85172176361084,0.2849293649196625
5019_Outdoor_Scene_49.jpg,Outdoor_Scene_49,-0.1871433676080569,0.9464633289182444,0.5068824366696569,20.3197021484375,0.30517086386680603
5099_Outdoor_Scene_49.JPG,Outdoor_Scene_49,-0.0877585337805023,0.9678985362627558,0.9330374983980521,22.636932373046875,0.2661731243133545
4996_Outdoor_Scene_49.JPG,Outdoor_Scene_49,0.0014668253018193,0.9901042956121021,0.93248416933658,14.95715045928955,0.2581988275051117
4995_Outdoor_Scene_49.tiff,Outdoor_Scene_49,0.0611930599055944,0.9548128595404244,0.7506952197872614,22.994905471801758,0.39612358808517456
5021_Outdoor_Scene_49.jpg,Outdoor_Scene_49,0.1610331857304171,0.985199793845353,0.9111446400956897,20.439105987548828,0.2490692436695099
5061_Outdoor_Scene_49.jpg,Outdoor_Scene_49,0.276994196035755,0.9775688527321709,0.7558544662309369,17.770915985107422,0.26148685812950134
5068_Outdoor_Scene_49.jpg,Outdoor_Scene_49,0.3248218695028207,0.9613587558593977,0.7722075133495664,23.66165542602539,0.2511208653450012
5028_Outdoor_Scene_49.jpg,Outdoor_Scene_49,0.4451953118537655,0.9860722695091952,0.811598328847879,25.91191864013672,0.28176677227020264
5027_Outdoor_Scene_49.jpg,Outdoor_Scene_49,0.5357089840387387,0.9455170154678105,0.7217790183262848,28.019580841064453,0.31859463453292847
5030_Outdoor_Scene_49.jpg,Outdoor_Scene_49,0.6553839470369103,0.9845838018632836,0.9286677158357897,35.321372985839844,0.3154681324958801
5109_Outdoor_Scene_49.jpg,Outdoor_Scene_49,0.7200652452697064,0.9646484178242996,0.8325828424964756,16.30892562866211,0.2613154947757721
5092_Outdoor_Scene_49.jpg,Outdoor_Scene_49,1.0750356677368536,0.9840013119388313,0.9538401161946259,18.63607406616211,0.2435547113418579
5107_Outdoor_Scene_49.jpg,Outdoor_Scene_49,1.2849154337600248,0.9759883022312221,0.9809607142552009,35.26964569091797,0.3010616600513458
5100_Outdoor_Scene_49.jpg,Outdoor_Scene_49,1.6616558302364808,0.9829756499725912,0.8059525481652356,15.895878791809082,0.25731486082077026
5069_Outdoor_Scene_49.jpg,Outdoor_Scene_49,2.00022924214154,0.9583633025696707,0.8847486727327096,31.05234146118164,0.2998601496219635
5106_Outdoor_Scene_49.jpg,Outdoor_Scene_49,2.5983093018636447,0.9752439693464386,0.8015849801358452,18.845117568969727,0.2641052007675171
5004_Outdoor_Scene_49.jpg,Outdoor_Scene_49,4.129699466022732,0.9427188577382726,0.8876945755905848,32.20863342285156,0.29796066880226135
