Method,Pairwise Accuracy,Num Pairs,Num Correct,Runtime (s)
Combined-RuleBased,0.59175,4000,2367,446.9114582538605
Sharpness,0.56725,4000,2269,528.3642776012421
Colorfulness,0.56525,4000,2261,442.0364167690277
Exposure,0.56025,4000,2241,446.4563250541687
Contrast,0.49375,4000,1975,404.6415922641754
