Method,Overall Accuracy,Strong Preference Accuracy,Weak Preference Accuracy,Num Strong Pairs,Num Weak Pairs
Combined-RuleBased,0.59175,0.6388888888888888,0.5235955056179775,1836,445
Sharpness,0.56725,0.6111111111111112,0.5460674157303371,1836,445
Colorfulness,0.56525,0.6062091503267973,0.4786516853932584,1836,445
Exposure,0.56025,0.6105664488017429,0.5056179775280899,1836,445
Contrast,0.49375,0.4940087145969499,0.501123595505618,1836,445
